timestamp,open,high,low,close,volume,trade_count,vwap,BB_upper,BB_mid,BB_lower,MACD,MACD_signal,RSI,RSI_ema,Volume,order_side
2024-08-01 00:00:00+00:00,64588.35,64729.1,64588.35,64727.755,0.000121318,2.0,64648.646989,,,,,,,,0.000121318,
2024-08-01 00:15:00+00:00,64643.83,64686.2,64449.02,64565.65,1.140786869,9.0,64526.568772,,,,,,,,1.140786869,
2024-08-01 00:30:00+00:00,64527.16,64813.4175,64527.16,64633.185,0.0,0.0,0.0,,,,,,,,0.0,
2024-08-01 00:45:00+00:00,64564.4475,64607.25,64357.745,64607.25,0.0,0.0,0.0,,,,,,,,0.0,
2024-08-01 01:00:00+00:00,64638.65,64788.485,64540.545,64590.45,0.030125444,1.0,64599.16,,,,,,,,0.030125444,
2024-08-01 01:15:00+00:00,64597.1975,64597.1975,64382.235,64521.2685,7.3331e-05,1.0,64440.3,,,,,,,,7.3331e-05,
2024-08-01 01:30:00+00:00,64492.7515,64492.7515,64135.575,64376.2,0.001506147,1.0,64250.0,,,,,,,,0.001506147,
2024-08-01 01:45:00+00:00,64370.384,64405.4,64193.27,64193.87,0.000907359,1.0,64343.1,,,,,,,,0.000907359,
2024-08-01 02:00:00+00:00,64146.834,64187.2555,63911.3,64166.63,0.000233593,2.0,63988.270196,,,,,,,,0.000233593,
2024-08-01 02:15:00+00:00,64096.55,64226.95,63899.6485,64044.656,0.009217134,2.0,64004.830826,,,,,,,,0.009217134,
2024-08-01 02:30:00+00:00,63979.935,64134.707,63976.45,64010.145,0.059218051,3.0,64058.238484,,,,,,,,0.059218051,
2024-08-01 02:45:00+00:00,63941.4195,64091.934,63898.1,64091.934,0.022118844,2.0,64041.133344,,,,,,,,0.022118844,
2024-08-01 03:00:00+00:00,64052.6075,64054.362,63829.95,63836.44,0.009869094,1.0,64023.628,,,,,,,,0.009869094,
2024-08-01 03:15:00+00:00,63898.33,64005.8375,63750.0,64005.8375,0.001069606,4.0,63846.297942,,,,,,,,0.001069606,
2024-08-01 03:30:00+00:00,63959.57,64018.9755,63888.42,63941.48,0.0,0.0,0.0,,,,,,22.38656110269036,,0.0,
2024-08-01 03:45:00+00:00,63972.625,64028.5735,63871.651,63919.9875,0.001537328,1.0,63927.1,,,,,,22.028438805227015,,0.001537328,
2024-08-01 04:00:00+00:00,63888.65,63987.9515,63885.76,63987.9515,0.0,0.0,0.0,,,,,,26.05671638133817,,0.0,
2024-08-01 04:15:00+00:00,63913.2035,63983.02,63804.625,63804.625,0.02293528,2.0,63914.287919,,,,,,22.6564971192772,,0.02293528,
2024-08-01 04:30:00+00:00,63781.08,63905.14,63751.61,63751.61,0.0,0.0,0.0,,,,,,21.771711588240915,,0.0,
2024-08-01 04:45:00+00:00,63805.506,63805.506,63638.9643920595,63709.6795,0.014167442,4.0,63746.712133,64817.779332498496,64174.33022500002,63530.88111750154,,,21.07083281559928,,0.014167442,
2024-08-01 05:00:00+00:00,63646.6143920595,63874.31,63571.59,63874.31,0.023810603,2.0,63657.200355,64734.559045678296,64131.657975000024,63528.75690432175,,,30.527310186949958,,0.023810603,
2024-08-01 05:15:00+00:00,63969.635,64152.6445,63928.965,64152.6445,0.004095694,2.0,64001.070568,64680.395298111514,64111.00770000003,63541.62010188855,,,42.968174830284326,,0.004095694,
2024-08-01 05:30:00+00:00,64143.18,64249.5365,64093.645,64249.5365,0.001971985,2.0,64146.073038,64613.3946321615,64091.825275000025,63570.25591783855,,,46.55607506872819,,0.001971985,
2024-08-01 05:45:00+00:00,64264.84,64322.31,64226.405,64247.433,0.207124084,2.0,64272.402932,64545.480621828814,64073.83442500002,63602.18822817123,,,46.48769958312353,,0.207124084,
2024-08-01 06:00:00+00:00,64220.045,64246.47,64176.624,64215.95,0.02344125,1.0,64184.039,64469.48687292603,64055.10942500002,63640.73197707401,,,45.41267251134369,,0.02344125,
2024-08-01 06:15:00+00:00,64198.904,64274.5,64077.674,64223.995,0.500092739,2.0,64077.7105,64405.031392340126,64040.245750000024,63675.46010765992,,,45.75785821230181,,0.500092739,
2024-08-01 06:30:00+00:00,64193.73,64406.557,64172.851,64390.495,0.0,0.0,0.0,64408.422575854864,64040.96050000003,63673.4984241452,,,52.458369048816465,,0.0,
2024-08-01 06:45:00+00:00,64390.1,64390.1,64214.722,64214.722,0.0,0.0,0.0,64411.30836379768,64042.00310000003,63672.69783620238,,,45.99832196077162,35.152659943906606,0.0,
2024-08-01 07:00:00+00:00,64234.475,64417.345,64209.8955,64401.425,0.075600676,1.0,64353.87,64451.945736154565,64053.74285000004,63655.53996384551,,,52.66604440464573,37.487777872005154,0.075600676,
2024-08-01 07:15:00+00:00,64440.394,64440.394,64332.765,64367.795,0.000167358,2.0,64359.87846,64490.887432624215,64069.899800000036,63648.91216737586,,,51.43412618507305,39.34729098041421,0.000167358,
2024-08-01 07:30:00+00:00,64324.208,64340.125,64304.09,64340.125,0.0,0.0,0.0,64522.3253113961,64086.39880000004,63650.47228860398,,,50.3897419987852,40.81961778286367,0.0,
2024-08-01 07:45:00+00:00,64387.735,64387.735,64251.355,64302.2495,0.0,0.0,0.0,64542.89862683841,64096.91457500004,63650.93052316167,,,48.925286438906404,41.90037360366937,0.0,
2024-08-01 08:00:00+00:00,64341.655,64418.734,64307.52,64345.26,0.0,0.0,0.0,64564.03247699074,64122.35557500004,63680.67867300934,,,50.678251759581514,43.07075735779099,0.0,
2024-08-01 08:15:00+00:00,64349.27,64478.9,64349.27,64407.285,0.001383389,2.0,64477.933707,64597.38789096626,64142.42795000004,63687.46800903382,8.221286483836593,-60.48114028259766,53.17416715701724,44.41787866435449,0.001383389,
2024-08-01 08:30:00+00:00,64429.0105,64514.41,64429.0105,64492.79,0.006485637,2.0,64512.82318,64639.486600342236,64169.993450000045,63700.500299657855,26.10999753420765,-43.162912719236594,56.44626459877365,46.02166345561038,0.006485637,
2024-08-01 08:45:00+00:00,64458.0885,64483.001,64396.3765,64477.505,0.003020548,1.0,64427.978,64670.86788341729,64197.869325000036,63724.87076658278,38.608503371011466,-26.80862950118698,55.69700694066936,47.31170925361825,0.003020548,
2024-08-01 09:00:00+00:00,64467.774,64638.6,64444.1,64636.05,0.002109326,2.0,64610.1455,64729.388146564364,64230.27425000004,63731.16035343571,60.60826146684121,-9.325251307581341,61.417783065166766,49.19251909515805,0.002109326,
2024-08-01 09:15:00+00:00,64574.294,64600.115,64550.76,64577.9,2.2763e-05,1.0,64550.76,64749.63376146916,64268.93800000004,63788.24223853092,72.51510030013014,7.042819013960956,58.43725285278018,50.425150262841,2.2763e-05,
2024-08-01 09:30:00+00:00,64565.145,64578.69,64438.79,64502.529,2.776329388,5.0,64476.13659,64734.05490409973,64306.48395000004,63878.91299590035,75.00493584986543,20.635242381141854,54.729905068347215,50.99911757024183,2.776329388,
2024-08-01 09:45:00+00:00,64458.895,64484.5535,64427.35,64448.786,0.0,0.0,0.0,64675.35643482761,64343.43927500003,64011.522115172455,71.81371372102149,30.87093664911778,52.18751341836452,51.15757034999152,0.0,
2024-08-01 10:00:00+00:00,64431.0295,64431.0295,64334.061,64389.478,0.0,0.0,0.0,64622.02662470696,64369.19767500004,64116.36872529312,63.76395605630387,37.449540530555,49.45713543298624,50.93084569439082,0.0,
2024-08-01 10:15:00+00:00,64370.01,64423.157,64289.705,64423.157,0.014627884,3.0,64402.498182,64615.948457123144,64382.723300000034,64149.498142876924,59.417154967923125,41.84306341802862,51.02413500072019,50.94328426856807,0.014627884,
2024-08-01 10:30:00+00:00,64442.012,64473.85,64413.835,64430.564,0.000754901,1.0,64448.1,64617.55391703162,64391.77467500004,64165.995432968455,55.925294799330004,44.6595096942889,51.381145988253095,51.00166583119274,0.000754901,
2024-08-01 10:45:00+00:00,64433.45,64555.645,64431.975,64555.645,0.0,0.0,0.0,64633.52597530731,64407.18527500004,64180.84457469277,62.5301531310688,48.23363838164488,57.07195790000795,51.81103810703477,0.0,
2024-08-01 11:00:00+00:00,64530.25,64594.87,64475.77,64475.77,0.0,0.0,0.0,64630.370554434674,64420.17627500005,64209.981995565424,60.620510477798234,50.71101280087555,52.82015254190435,51.94558669835071,0.0,
2024-08-01 11:15:00+00:00,64453.1625,64559.224,64427.7,64551.685,1.7738e-05,1.0,64427.7,64633.71380735494,64436.56077500004,64239.40774264514,64.4894171115302,53.46669366300648,56.16283034892218,52.507885851760236,1.7738e-05,
2024-08-01 11:30:00+00:00,64532.63,64607.0685,64473.929,64607.0685,0.0,0.0,0.0,64656.65111177887,64447.38945000004,64238.12778822121,71.20374661531969,57.01410425346912,58.474321361148384,53.30341058634532,0.0,
2024-08-01 11:45:00+00:00,64561.0175,64658.575,64561.0175,64639.4955,0.0,0.0,0.0,64664.94479842151,64468.62812500003,64272.31145157856,78.23959170671878,61.25920174411905,59.810526318955745,54.17102601736004,0.0,
2024-08-01 12:00:00+00:00,64608.874,64738.85,64608.874,64738.85,0.0,0.0,0.0,64711.55777519581,64485.499375000036,64259.44097480426,90.78610177312657,67.16458174992056,63.66806526482546,55.4372979170221,0.0,
2024-08-01 12:15:00+00:00,64780.6465,64875.568,64750.338,64786.205,7.4028e-05,2.0,64807.291617,64760.71427450331,64506.41987500004,64252.125475496774,103.35899596448871,74.40346459283418,65.37400335224214,56.76219197505144,7.4028e-05,
2024-08-01 12:30:00+00:00,64748.1415,64792.651,64744.581,64782.9655,0.0,0.0,0.0,64797.763058962235,64528.561900000044,64259.36074103785,111.77325214331358,81.87742210293007,65.1486432957055,57.88038548447198,0.0,
2024-08-01 12:45:00+00:00,64778.485,64880.813,64778.485,64850.151,0.007093134,1.0,64849.0,64838.63656890706,64555.95697500005,64273.277381093045,122.4513759057154,89.99221286348714,67.64014229916636,59.1816863930979,0.007093134,
2024-08-01 13:00:00+00:00,64864.3055,64932.47,64668.725,64729.881,0.0,0.0,0.0,64850.14200280523,64575.188025000054,64300.23404719488,119.82778197704465,95.95932668619864,59.447216959326056,59.21709046859499,0.0,
2024-08-01 13:15:00+00:00,64759.862,64759.862,64550.8885,64550.8885,0.200024805,2.0,64759.840186,64846.70374147025,64582.36820000005,64318.032658529846,102.12809691068833,97.19308073109657,49.78279344483868,57.959184198760816,0.200024805,
2024-08-01 13:30:00+00:00,64595.115,64708.97,64455.262,64708.97,0.006483466,1.0,64474.603,64859.64801065692,64593.17720000005,64326.70638934318,99.70745935829473,97.69595645653621,56.50771936821254,57.76565555468771,0.006483466,
2024-08-01 13:45:00+00:00,64684.8055,64836.057,64643.8915,64697.9745,0.000150177,1.0,64792.7,64868.85348184605,64604.20067500005,64339.547868154055,95.79754720917117,97.3162746070632,55.9465078756847,57.523102530820644,0.000150177,
2024-08-01 14:00:00+00:00,64686.7775,64726.4065,64462.06,64613.892,0.082994795,3.0,64518.706555,64867.38826656416,64603.09277500005,64338.79728343594,84.93507988766942,94.84003566318445,51.71666167936672,56.74891041729345,0.082994795,
2024-08-01 14:15:00+00:00,64511.735,64529.5755,64196.1655,64196.1655,0.011664803,4.0,64325.298564,64902.417608861266,64584.00605000006,64265.59449113886,42.133766973245656,84.29878192519669,36.82201421595267,54.091990923781346,0.011664803,
2024-08-01 14:30:00+00:00,64226.4445,64378.005,64049.3655583125,64255.5835,0.015233107,1.0,64359.3,64919.53903076882,64571.658775000054,64223.77851923129,12.859715351143677,70.01096861038609,39.49149532167419,52.14525817683373,0.015233107,
2024-08-01 14:45:00+00:00,64217.073,64217.073,63947.885,63947.885,0.011067577,3.0,64126.596624,64986.28502830292,64546.61372500005,64106.942421697175,-34.76809392943687,49.05515610242149,31.960299373635827,49.45393033640734,0.011067577,
2024-08-01 15:00:00+00:00,63901.415,63901.415,63609.57,63621.155,0.037239442,5.0,63836.976892,65102.978287314494,64508.19757500006,63913.41686268562,-97.75104315007047,19.693916251923095,26.238337064012818,46.35851790008807,0.037239442,
2024-08-01 15:15:00+00:00,63625.926,63728.703,62865.905,62896.34,0.117536485,7.0,63102.2286,65353.06407557835,64431.85672500006,63510.64937442177,-203.80268663461175,-25.005404325383875,18.37782157363276,42.627758389894026,0.117536485,
2024-08-01 15:30:00+00:00,62895.653,62993.3,62664.43,62844.255,0.048964269,5.0,62864.045506,65504.73688926939,64352.54127500006,63200.34566073073,-288.7239721380611,-77.74911788791931,17.96140762416918,39.33891162113071,0.048964269,
2024-08-01 15:45:00+00:00,62959.595,63061.123,62733.105,62894.0485,0.018696923,3.0,62943.501554,65579.85670128062,64269.46145000006,62959.066198719505,-347.9953101007268,-131.79835633048083,19.83156987671264,36.73793272187497,0.018696923,
2024-08-01 16:00:00+00:00,62902.0,63056.375,62727.005,63056.375,0.017649871,5.0,62891.309583,65606.60817117534,64198.49170000006,62790.37522882478,-377.5180870218974,-180.94230246876413,25.772157150017417,35.275829312293965,0.017649871,
2024-08-01 16:15:00+00:00,62983.0,63134.985,62865.834,62903.356,0.015237936,2.0,62965.158124,65621.44839521157,64116.07525000005,62610.702104788536,-408.55291125333315,-226.46442422567793,23.969065811291873,33.768260845493685,0.015237936,
2024-08-01 16:30:00+00:00,62944.175,62944.175,62685.004,62685.004,0.014698252,2.0,62890.963483,65629.50086820565,64019.97202500005,62410.44318179445,-445.6304640129674,-270.2976321831358,21.642231338115913,32.15145691117665,0.014698252,
2024-08-01 16:45:00+00:00,62646.98,62936.1,62616.5905,62873.078,0.041864913,6.0,62882.546874,65588.66415627617,63931.65115000005,62274.63814372393,-454.5983647333269,-307.157778693174,28.115257653073535,31.613297010096236,0.041864913,
2024-08-01 17:00:00+00:00,62843.5505,62864.1545,62555.382,62586.675,0.015975304,2.0,62684.679033,65536.01544382564,63824.04240000005,62112.06935617445,-479.2908525942039,-341.58439347338,24.76079213940094,30.69962969400353,0.015975304,
2024-08-01 17:15:00+00:00,62655.375,62673.4185,62469.0,62615.221,0.102010497,6.0,62484.479085,65444.89149107113,63715.49320000004,61986.09490892895,-490.8976410596297,-371.44704299062994,25.71216627393324,30.03463457132749,0.102010497,
2024-08-01 17:30:00+00:00,62641.994,62713.9,62273.79,62273.79,0.265654089,6.0,62561.186843,65355.157942883234,63590.03442500004,61824.91090711685,-521.6336646030904,-401.48436731312205,22.110895123399786,28.978135978270462,0.265654089,
2024-08-01 17:45:00+00:00,62278.2,63224.46,62257.358,63172.8285,0.7,2.0,63212.808589,65180.91016845282,63506.16830000004,61831.42643154726,-468.0518806031978,-414.7978699711372,44.25226198857432,31.014686112977643,0.7,
2024-08-01 18:00:00+00:00,63152.754,63264.63,62880.117,63221.235,0.008474686,2.0,63100.256394,65011.4772947971,63430.73600000005,61849.994705203,-416.87643865908467,-415.2135837087267,45.15625463248938,32.90022858224587,0.008474686,
2024-08-01 18:15:00+00:00,63267.316,63325.302,62957.9955,63019.5885,0.030390686,2.0,63200.093104,64856.886666012426,63354.171000000046,61851.455333987666,-388.1167512252723,-409.7942172120358,42.09407735065297,34.126075084700155,0.030390686,
2024-08-01 18:30:00+00:00,62908.452,62982.2565,62762.05,62762.05,0.0,0.0,0.0,64643.64682981767,63256.82500000005,61870.00317018243,-381.70563142698666,-404.17650005502594,38.50286095836724,34.709646534522435,0.0,
2024-08-01 18:45:00+00:00,62783.888,62866.464,62748.01,62866.43,0.0001,1.0,62800.53,64391.96229355931,63165.24777500004,61938.53325644077,-364.0061429077905,-396.1424286255789,40.71064759715683,35.50978000954036,0.0001,
2024-08-01 19:00:00+00:00,62902.59,63224.573,62902.59,63224.573,0.008352264,2.0,63143.022362,64128.50459299842,63095.78182500005,62063.05905700168,-317.4209921544825,-380.3981413313596,47.65456942667383,37.12908526515815,0.008352264,
2024-08-01 19:15:00+00:00,63127.018,63267.776,63064.385,63267.776,0.022994872,3.0,63197.278764,63955.80859645398,63049.36235000005,62142.916103546115,-273.8589282633766,-359.090298717763,48.43906593344166,38.63708268759596,0.022994872,
2024-08-01 19:30:00+00:00,63284.4095,63309.7145,63193.8915,63193.8915,0.0,0.0,0.0,63719.84995868444,62996.277750000045,62272.70554131565,-242.50212688700412,-335.77266435161124,47.13797609117401,39.77053514140636,0.0,
2024-08-01 19:45:00+00:00,63258.95,63405.1945,63258.95,63397.21,0.038960454,1.0,63387.189,63578.30316348842,62968.74400000004,62359.18483651167,-198.95213575865637,-308.4085586330203,51.03560228227239,41.27254409352183,0.038960454,
2024-08-01 20:00:00+00:00,63352.535,63478.03,63314.85,63443.9015,0.026832559,1.0,63460.91,63535.446345776625,62959.88132500004,62384.31630422345,-158.83983346996683,-278.4948136004096,51.91247079195258,42.69120098664593,0.026832559,
2024-08-01 20:15:00+00:00,63461.385,63501.15,63305.105,63404.9195,0.509601865,4.0,63447.804925,63591.522191593736,62985.310300000034,62379.09840840633,-128.712350668633,-248.53832101405428,51.08985004344683,43.81102086088605,0.509601865,
2024-08-01 20:30:00+00:00,63496.678,64172.8245,63487.545,64155.83,0.001534745,2.0,64013.285343,63838.50223030345,63050.88905000004,62263.275869696634,-43.73969775398291,-207.57859636204,63.19024675738811,46.39491764708633,0.001534745,
2024-08-01 20:45:00+00:00,64222.716,64706.05,64193.44,64706.05,0.001635045,3.0,64504.972707,64204.73546987157,63141.489125000044,62078.242780128516,67.22496988859348,-152.6178831119133,69.20263542566231,49.4359466842298,0.001635045,
2024-08-01 21:00:00+00:00,64720.74,64856.6,64607.85,64669.0655,5.0204e-05,1.0,64822.7,64475.01395518675,63222.123650000045,61969.23334481334,150.44667280071735,-92.00497192938717,68.393967897893,51.96368284605156,5.0204e-05,buy
2024-08-01 21:15:00+00:00,64679.2355,64836.315,64679.2355,64768.215,0.0,0.0,0.0,64727.00191250141,63315.36660000005,61903.7312874987,221.84373151761247,-29.235231239987232,69.42545277434485,54.291918836490666,0.0,
2024-08-01 21:30:00+00:00,64722.315,65009.45,64722.315,64969.2365,0.0,0.0,0.0,64981.39097210774,63429.57822500006,61877.76547789238,291.2893674750958,34.86968850302937,71.45919440845945,56.580888912753174,0.0,
2024-08-01 21:45:00+00:00,65021.1,65261.645,64832.0,64832.0,0.00150415,1.0,65032.0,65171.04734430282,63527.524325000064,61884.00130569731,331.4311635389313,94.18198351020976,68.12746456328048,58.12043233282348,0.00150415,
2024-08-01 22:00:00+00:00,64875.6865,65299.3625,64828.295,65267.474,1.5405e-05,1.0,64910.403,65410.205623601345,63661.564275000055,61912.922926398765,393.8429620101524,154.1141792101983,72.50772230331086,60.0387376622218,1.5405e-05,
2024-08-01 22:15:00+00:00,65331.215,65540.99,65205.115,65392.375,0.499917064,5.0,65499.830181,65633.66910126666,63800.42197500006,61967.17484873346,448.21646836783475,212.9346370417256,73.62723020996104,61.85053666858703,0.499917064,
2024-08-01 22:30:00+00:00,65514.785,65534.25,65282.555,65294.8635,0.0,0.0,0.0,65754.27243054709,63951.47565000006,62148.67886945302,477.9302187236535,265.9337533781112,71.1899268083227,63.09578868721845,0.0,
2024-08-01 22:45:00+00:00,65389.7785,65389.7785,65109.232,65109.232,0.0,0.0,0.0,65881.16279320982,64048.29582500006,62215.4288567903,480.9555135183982,308.9381054061686,66.66560511217638,63.57176421054618,0.0,
2024-08-01 23:00:00+00:00,65179.1,65192.711,64992.673,65029.7495,0.0,0.0,0.0,65977.88941014015,64138.72155000005,62299.55368985996,471.50429988444375,341.4513443018236,64.76760048642127,63.73120904732952,0.0,
2024-08-01 23:15:00+00:00,64993.4625,65071.6,64949.9,65056.15,0.200953318,3.0,65000.218546,66045.79360457625,64240.54962500004,62435.30564542384,460.8322572950492,365.32752690046874,65.12279190958924,63.91675342896415,0.200953318,
2024-08-01 23:30:00+00:00,65009.485,65227.867,64995.773,65227.867,0.000751434,1.0,65097.356,66083.10490567631,64363.84047500005,62644.57604432378,460.91754293247504,384.44553010687,67.42324753318826,64.38428597619404,0.000751434,
2024-08-01 23:45:00+00:00,65195.384,65386.9995,65195.384,65361.4545,0.013400945,1.0,65348.77,66114.69681114181,64488.59170000005,62862.48658885828,466.38829329874716,400.83408274524544,69.12916396284582,65.01693637441427,0.013400945,
2024-08-02 00:00:00+00:00,65339.325,65421.1875,65315.5,65421.1875,0.0,0.0,0.0,66163.7866031755,64598.42242500004,63033.05824682458,470.1245530637898,414.6921768089543,69.8884685030418,65.66647399156462,0.0,
2024-08-02 00:15:00+00:00,65384.687,65519.725,65141.781,65171.191,0.005916202,2.0,65325.084477,66151.54513241023,64693.593175000045,63235.64121758986,447.7515366054722,421.30404876825787,62.91388331803256,65.29946190176034,0.005916202,
2024-08-02 00:30:00+00:00,65172.9,65182.014,65106.0955,65182.014,0.0,0.0,0.0,66090.68476151448,64792.99930000005,63495.31383848562,425.9836116127117,422.23996133714866,63.085637234270855,65.0042852794284,0.0,
2024-08-02 00:45:00+00:00,65094.5625,65147.144,64864.72,64864.72,0.0,0.0,0.0,65995.01775451892,64866.37480000005,63737.731845481176,378.7632531527124,413.5446197002614,55.03818712211637,63.675472191786795,0.0,
2024-08-02 01:00:00+00:00,64798.39,64823.3675,64646.352,64710.4705,0.007651879,2.0,64789.785408,65855.96893584474,64929.70325000006,64003.43756415538,325.14605204413965,395.86490616903706,51.592610661380114,62.064423987732575,0.007651879,
2024-08-02 01:15:00+00:00,64670.4985,64719.74,64590.65,64590.65,0.075662041,8.0,64664.483506,65622.95103328522,64988.989775000045,64355.02851671486,269.87457479902514,370.6668398950347,49.02512219061958,60.32585041478418,0.075662041,
2024-08-02 01:30:00+00:00,64548.54,64691.1185,64548.54,64691.1185,0.0,0.0,0.0,65542.96948466168,65015.75420000005,64488.53891533842,231.50979832722078,342.8354315814719,51.217273568818236,59.111373501988716,0.0,
2024-08-02 01:45:00+00:00,64818.9475,64818.9475,64622.2225,64622.2225,0.0,0.0,0.0,65549.77819765941,65011.562825000045,64473.34745234067,193.3176595151017,312.93187716819784,49.64074652604067,57.84862323852898,0.0,
2024-08-02 02:00:00+00:00,64685.595,64750.04,64581.306,64581.306,0.0,0.0,0.0,65557.77640614685,65007.17485000005,64456.57329385324,157.9279990837822,281.9311015513147,48.68234908132509,56.6264533509018,0.0,
2024-08-02 02:15:00+00:00,64582.871,64582.871,63831.6555,63924.455,0.000135625,1.0,64000.0,65685.45812423152,64964.986850000045,64244.51557576857,76.00293750273704,240.74546874159918,36.499532269042106,53.942863873320505,0.000135625,
2024-08-02 02:30:00+00:00,63779.6,64176.694,63617.13,64176.694,0.001373176,1.0,63750.0,65723.52958938718,64925.359725000046,64127.18986061292,31.07213498193596,198.81080198966654,42.45497465294998,52.41114531060443,0.001373176,
2024-08-02 02:45:00+00:00,64143.235,64311.674,64128.576,64299.346,0.0,0.0,0.0,65741.86008609155,64898.727025000044,64055.59396390855,5.300045998614223,160.10865079145609,45.14880522139225,51.44283329870947,0.0,
2024-08-02 03:00:00+00:00,64273.042,64415.46,64225.059,64327.2935,0.0,0.0,0.0,65712.03558866533,64851.71800000004,63991.400411334755,-12.722730794572271,125.54237447425041,45.771738009415635,50.686687260136964,0.0,
2024-08-02 03:15:00+00:00,64283.97,64420.987,64283.97,64395.65,0.006934499,1.0,64360.682,65646.48186360755,64801.88175000004,63957.28163639252,-21.245211406960152,96.1848572980083,47.34681322052656,50.241370721522244,0.006934499,
2024-08-02 03:30:00+00:00,64455.0555,64505.55,64328.9655,64328.9655,0.0,0.0,0.0,65590.33264005785,64753.586850000036,63916.84105994221,-32.999819164164364,70.34792200557376,45.944832478546324,49.668498955792124,0.0,
2024-08-02 03:45:00+00:00,64300.14,64564.6475,64300.14,64562.4,0.0,0.0,0.0,65550.36117182339,64726.24525000002,63902.12932817666,-23.21164781536936,51.63600804138514,51.37300400313091,49.8957662954373,0.0,
2024-08-02 04:00:00+00:00,64591.0,64591.0,64432.81,64512.9515,1.5482e-05,1.0,64591.0,65517.21140389221,64700.40535000003,63883.59929610785,-19.22294208266976,37.46421801657416,50.222501809308426,49.93933103062012,1.5482e-05,
2024-08-02 04:15:00+00:00,64472.945,64536.065,64437.493,64483.9,0.0,0.0,0.0,65476.753402553426,64671.79285000003,63866.83229744663,-18.196321442148474,26.33211012482963,49.52081964707618,49.883529512814256,0.0,
2024-08-02 04:30:00+00:00,64470.05,64509.5015,64447.0885,64479.685,0.0,0.0,0.0,65401.130853850766,64634.38375000002,63867.63664614928,-17.52086286120175,17.561515527623353,49.41295066441007,49.820785666360365,0.0,
2024-08-02 04:45:00+00:00,64516.37,64516.37,64431.976,64458.15,0.025228421,3.0,64446.463664,65282.20252401807,64589.21852500002,63896.23452598197,-18.509881205340207,10.34723618103064,48.82774648373777,49.68838044201068,0.025228421,
2024-08-02 05:00:00+00:00,64443.556,64443.556,64256.815,64256.815,3.0869e-05,2.0,64307.783657,65122.88936208105,64530.99990000002,63939.110437918986,-35.134725991149026,1.2508437465947067,43.62576530326046,48.880031756843984,3.0869e-05,
2024-08-02 05:15:00+00:00,64220.8085,64372.8,64208.3,64372.8,0.0,0.0,0.0,65007.796293438296,64491.08035000002,63974.36440656174,-38.50712887471309,-6.700750777666852,47.120820467939836,48.64547025165676,0.0,
2024-08-02 05:30:00+00:00,64302.009,64329.855,64121.84,64148.5425,0.0,0.0,0.0,64868.712385011684,64439.40677500002,64010.10116498835,-58.59998436611204,-17.08059749535589,41.73333293029218,47.723851942141486,0.0,
2024-08-02 05:45:00+00:00,64126.095,64211.585,64043.8165,64103.1925,0.006938899,1.0,64210.327,64807.45083204753,64401.33040000001,63995.2099679525,-77.29210779252753,-29.12289955479022,40.7194442480997,46.78993091626925,0.006938899,
2024-08-02 06:00:00+00:00,64106.5,64231.638,63901.044,63977.71,0.001602847,4.0,64096.170273,64784.62302903932,64364.692375000006,63944.76172096069,-101.0661120976365,-43.51154206335948,37.97062900005899,45.61402399410788,0.001602847,
2024-08-02 06:15:00+00:00,63982.38,63982.38,63831.205,63835.304,0.0,0.0,0.0,64792.19415742164,64326.925075000014,63861.65599257839,-129.900740973746,-60.78938184543678,35.07667307273714,44.20904387125845,0.0,
2024-08-02 06:30:00+00:00,63797.96,64178.885,63797.96,64143.25,0.0015,1.0,64163.91,64739.63806508942,64299.531650000004,63859.42523491059,-126.44613122170995,-73.9207317206914,44.86297123211936,44.296234186039904,0.0015,
2024-08-02 06:45:00+00:00,64175.7075,64555.6165,64175.7075,64427.991,0.0,0.0,0.0,64709.09430725167,64289.82007500001,63870.54584274835,-99.58416482086614,-79.05341834072635,52.05888469425708,45.33125425380219,0.0,
2024-08-02 07:00:00+00:00,64414.005,64414.005,64271.3455,64283.21,0.001167621,2.0,64301.354694,64672.30450397644,64274.915275,63877.52604602356,-88.95308385358658,-81.0333514432984,48.58667457960404,45.765310297242436,0.001167621,
2024-08-02 07:15:00+00:00,64256.545,64449.9485,64185.794,64362.3415,0.06092571,1.0,64366.4,64661.453181501485,64296.8096,63932.166018498516,-73.29769467576261,-79.48622008979125,50.52883795312306,46.40044731802652,0.06092571,
2024-08-02 07:30:00+00:00,64331.265,64348.927,64249.725,64254.873,0.0,0.0,0.0,64661.78641921285,64300.718550000005,63939.65068078716,-68.76976076520805,-77.34292822487461,47.883319546022676,46.59816361509267,0.0,
2024-08-02 07:45:00+00:00,64220.4905,64224.654,64089.4325,64159.42,0.0,0.0,0.0,64660.010241331125,64293.722250000006,63927.43425866889,-72.05301755020628,-76.28494608994095,45.5996860316577,46.46503327063468,0.0,
2024-08-02 08:00:00+00:00,64164.7065,64268.9375,64063.13,64090.296,0.0,0.0,0.0,64658.244872015646,64281.87237500001,63905.49987798438,-79.31841796523804,-76.89164046500036,43.964496044017025,46.131628307085656,0.0,
2024-08-02 08:15:00+00:00,64034.719,64279.203,64029.1,64279.203,0.0,0.0,0.0,64648.78721524908,64276.05002500002,63903.312834750956,-69.03726537912007,-75.3207654478243,49.313830046269445,46.55592187231016,0.0,
2024-08-02 08:30:00+00:00,64324.5,64377.1035,64265.173,64377.1035,0.0,0.0,0.0,64653.14638547058,64278.45692500002,63903.76746452946,-52.38575534294068,-70.73376342684757,51.8777468497427,47.26549853596783,0.0,
2024-08-02 08:45:00+00:00,64432.795,64532.55,64381.749,64532.55,0.000377547,1.0,64431.61,64647.3307379171,64276.96442500003,63906.59811208295,-26.342421208122687,-61.855494983102595,55.70875489453571,48.39126605044355,0.000377547,
2024-08-02 09:00:00+00:00,64480.29,64573.613,64435.26,64435.26,0.0448875,1.0,64455.42,64634.99747039538,64273.079850000024,63911.16222960467,-13.39892670125846,-52.16418132673377,52.871733573099476,48.988661720131006,0.0448875,sell
2024-08-02 09:15:00+00:00,64405.22,64507.8,64400.283,64472.25,0.001532841,1.0,64507.8,64633.09092914758,64272.497350000034,63911.90377085249,-0.15454864942876156,-41.76225479127277,53.83436225703082,49.63475512505098,0.001532841,sell
2024-08-02 09:30:00+00:00,64470.589,64533.717,64411.53,64533.717,0.0,0.0,0.0,64642.70450288832,64275.19895000003,63907.69339711173,15.127212486891949,-30.384361335639824,55.46233506437412,50.4117657836274,0.0,sell
2024-08-02 09:45:00+00:00,64511.9,64533.717,64447.575,64469.269,0.004351665,3.0,64497.647705,64644.397700825924,64275.754900000036,63907.11209917415,21.786561383021763,-19.950176791907506,53.338497981158405,50.801996743298204,0.004351665,
2024-08-02 10:00:00+00:00,64491.018,64491.018,64417.4655,64429.46,1.5506e-05,1.0,64491.018,64658.89050009141,64284.38715000004,63909.88379990867,23.58007335140428,-11.244126763245147,52.01355825663177,50.963538278409345,1.5506e-05,
2024-08-02 10:15:00+00:00,64455.3,64537.675,64363.1,64468.433,0.0,0.0,0.0,64670.44627258498,64289.16880000003,63907.89132741508,27.825485026340175,-3.4302044053280816,53.23821306215958,51.266828249576044,0.0,
2024-08-02 10:30:00+00:00,64498.297,64546.414,64401.6415,64546.414,0.0,0.0,0.0,64700.303171857864,64309.06237500004,63917.82157814221,37.0552692727797,4.666890330293475,55.675723290756466,51.85468092173343,0.0,
2024-08-02 10:45:00+00:00,64489.585,64843.75,64489.585,64843.75,0.012054874,1.0,64573.992,64789.13290843331,64346.090250000045,63903.04759156678,67.5834105567701,17.2501943755888,63.490322701482505,53.406099825699975,0.012054874,
2024-08-02 11:00:00+00:00,64761.1325,64781.856,64670.3,64690.08,0.234727795,1.0,64781.856,64814.995115955135,64381.70875000005,63948.42238404496,78.4727131518448,29.49469813084,57.81688806983437,53.994204924917895,0.234727795,
2024-08-02 11:15:00+00:00,64687.429,64863.261,64687.429,64834.015,0.0,0.0,0.0,64830.3514568233,64431.64430000004,64032.93714317679,97.59193640266312,43.11414578520463,61.30474187633032,54.96894318510622,0.0,
2024-08-02 11:30:00+00:00,64789.2125,64789.2125,64628.9925,64628.9925,0.0,0.0,0.0,64840.330887926015,64455.93142500004,64071.53196207406,95.10415477407514,53.51214758297873,54.40435952231938,54.89366536340131,0.0,
2024-08-02 11:45:00+00:00,64653.159,64687.4495,64608.2105,64608.2105,0.006065548,1.0,64653.159,64854.711313947955,64464.94240000004,64075.17348605213,90.41340672005754,60.89239941039449,53.744001309104604,54.740376822828416,0.006065548,
2024-08-02 12:00:00+00:00,64645.5385,64678.05,64617.021,64630.25,0.001431986,1.0,64617.021,64869.04422371513,64482.29440000005,64095.54457628497,87.46610375215823,66.20714027874723,54.37646255303736,54.69185492018961,0.001431986,
2024-08-02 12:15:00+00:00,64629.925,64657.79,64386.971,64452.775,0.0,0.0,0.0,64869.94814533741,64486.81607500004,64103.68400466267,70.0026486775605,66.96624195850988,48.61234821992023,53.881254026820365,0.0,
2024-08-02 12:30:00+00:00,64632.951,64701.3705,64208.255,64318.655,0.0,0.0,0.0,64866.36353255602,64490.00517500004,64113.64681744407,44.82367220969172,62.53772800874625,44.75160191518192,52.66396707860191,0.0,
2024-08-02 12:45:00+00:00,64358.525,64782.6855,64332.577,64708.8695,0.0,0.0,0.0,64872.93464139747,64517.47765000005,64162.02065860263,55.713965037313756,61.17297541445975,55.76020700001402,53.07679906812352,0.0,
2024-08-02 13:00:00+00:00,64746.565,64810.536,64503.01,64737.627,0.03011037,1.0,64631.5,64858.64124230854,64549.84420000005,64241.04715769156,65.90537434628641,62.11945520082508,56.44892883492647,53.52641637036391,0.03011037,
2024-08-02 13:15:00+00:00,64783.548,64821.775,64714.34,64762.6885,0.099750951,1.0,64795.15,64869.702831085786,64574.01847500005,64278.33411891431,75.13824631945317,64.72321342455069,57.07607790080469,53.99970457442268,0.099750951,
2024-08-02 13:30:00+00:00,64810.1645,65399.685,64810.1645,65399.685,0.030826212,6.0,65204.880622,65078.53750336884,64625.14755000005,64171.757596631265,132.33023722356302,78.24461818435316,69.21190589020098,56.02799808319312,0.030826212,
2024-08-02 13:45:00+00:00,65429.55,65468.397,65101.016,65101.016,0.0,0.0,0.0,65149.460161206815,64653.570850000055,64157.681538793295,151.80529292081337,92.9567531316452,60.565543774500405,56.633004175367425,0.0,
2024-08-02 14:00:00+00:00,65224.485,65309.208,64504.416,64551.1435,0.001064356,3.0,64870.151396,65147.56402753595,64659.36502500005,64171.16602246415,121.46907965887658,98.65921843709148,48.542125932088155,55.55422040959686,0.001064356,
2024-08-02 14:15:00+00:00,64530.589,64912.7,64482.5095,64874.0445,0.0,0.0,0.0,65168.26854558483,64679.454750000055,64190.64095441528,122.07561252021696,103.34249725371657,54.28175636817444,55.3845585374072,0.0,
2024-08-02 14:30:00+00:00,64939.15,65011.1165,63861.458,63861.458,0.000137656,1.0,64000.0,65249.1621488722,64645.84180000007,64042.521451127934,40.38351020337723,90.7506998436487,39.42929259151634,53.257189744621755,0.000137656,
2024-08-02 14:45:00+00:00,63796.815,63950.61,63074.5,63116.907,0.272950609,7.0,63784.42969,65476.555124011444,64578.22370000005,63679.89227598866,-83.47486637196562,55.90558660052584,32.40764425647188,50.47725034620177,0.272950609,
2024-08-02 15:00:00+00:00,63143.627,63305.9,62546.797,62546.797,0.335537749,8.0,62797.535508,65746.02078081928,64484.09055000006,63222.16031918084,-225.04248486977303,-0.28402769353394347,28.258003878902848,47.51468415056191,0.335537749,
2024-08-02 15:15:00+00:00,62548.6185,62916.943,62452.004,62752.026,0.011796297,3.0,62723.051673,65868.97338788524,64398.270200000065,62927.56701211489,-317.0211548054431,-63.63145311591577,31.650825486291396,45.39950299532585,0.011796297,
2024-08-02 15:30:00+00:00,62735.77,63374.725,62677.44,63374.725,0.009736144,4.0,63017.405168,65874.08431423309,64339.68575000006,62805.28718576704,-335.79744430141,-118.06465135301463,40.799114830567206,44.78611790669136,0.009736144,
2024-08-02 15:45:00+00:00,63409.18,63550.2685,63288.55,63366.215,0.084455602,5.0,63403.372569,65837.83341576211,64265.80900000007,62693.78458423803,-347.3603213218812,-163.92378534678795,40.71890293824637,44.24382257756536,0.084455602,
2024-08-02 16:00:00+00:00,63383.3,63490.05,63158.745,63222.9525,0.008777921,4.0,63204.765695,65814.56387037627,64192.452625000056,62570.34137962385,-363.88938085277186,-203.91690444798473,39.317504543232516,43.58698017298765,0.008777921,
2024-08-02 16:15:00+00:00,63247.02,63371.6,63053.2305,63092.978,0.025,1.0,63353.828,65766.84027977286,64105.40077500006,62443.96127022725,-383.06094737010426,-239.74571303240864,38.038422624393014,42.8471724998417,0.025,
2024-08-02 16:30:00+00:00,63030.065,63420.395,62960.85,63420.395,0.0,0.0,0.0,65713.74022866941,64044.97090000006,62376.2015713307,-367.5973035033967,-265.3160311266063,43.063374331086145,42.87599941067429,0.0,
2024-08-02 16:45:00+00:00,63404.04,63421.375,63193.247,63274.135,0.0,0.0,0.0,65658.26216233101,63978.26712500006,62298.27208766911,-362.9602343371298,-284.84487176871096,41.44639232082009,42.685385132027065,0.0,
2024-08-02 17:00:00+00:00,63279.675,63303.95,63063.75,63303.95,0.012340774,1.0,63078.0,65588.47143348136,63911.952125000054,62235.43281651874,-352.81249941384885,-298.43839729773856,41.92510998759559,42.584015112769535,0.012340774,
2024-08-02 17:15:00+00:00,63268.513,63354.655,63134.5065,63218.7435,0.001536311,1.0,63336.062,65533.43159118494,63850.25055000007,62167.0695088152,-347.6384392954569,-308.2784056972822,40.89607527735106,42.35895646804707,0.001536311,
2024-08-02 17:30:00+00:00,63154.67,63317.6055,63154.67,63299.231,0.00447469,1.0,63279.101,65484.375824281,63799.27935000006,62114.182875719125,-333.20234160388645,-313.26319287860304,42.33587444859149,42.35587886545299,0.00447469,
2024-08-02 17:45:00+00:00,63237.29,63314.056,63030.8475,63030.8475,0.0,0.0,0.0,65377.91222040063,63715.37825000005,62052.84427959948,-339.50434094406955,-318.51142249169635,38.93033585331984,41.89913979716857,0.0,
2024-08-02 18:00:00+00:00,62974.7965,63034.538,62864.965,62907.3055,0.0,0.0,0.0,65252.394105078165,63623.86217500005,61995.33024492194,-350.42801175538625,-324.89474034443435,37.43744858538594,41.304247635597555,0.0,
2024-08-02 18:15:00+00:00,62939.99,63136.595,62907.3055,62998.3,0.009329143,3.0,63102.107331,65097.64982640803,63535.64275000006,61973.635673592085,-347.73414117445645,-329.4626205104388,39.28427157491249,41.03491749417288,0.009329143,
2024-08-02 18:30:00+00:00,63038.251,63144.8285,62879.8545,62906.607,0.0015,1.0,62881.12,64738.36152585483,63410.98885000006,62083.61617414529,-348.975317885408,-333.3651599854326,38.06488593667078,40.63891328650593,0.0015,
2024-08-02 18:45:00+00:00,62874.92,62939.1,62786.452,62843.46,0.0001547,1.0,62898.4,64395.44056990308,63298.11105000005,62200.78153009702,-351.00819060327194,-336.89376610900047,37.20831449208819,40.1815001139169,0.0001547,
2024-08-02 19:00:00+00:00,62779.65,62876.9715,62625.155,62714.435,0.036918405,5.0,62834.513201,64167.79243516464,63206.27562500005,62244.75881483546,-358.89339640099206,-341.2936921673988,35.45283462661565,39.551011382276734,0.036918405,
2024-08-02 19:15:00+00:00,62756.84,62899.2115,62707.8155,62818.247,0.000773698,1.0,62882.3,63700.205266440666,63103.48575000005,62506.766233559436,-352.7000118105934,-343.5749560960377,37.98790843751037,39.34259765630789,0.000773698,
2024-08-02 19:30:00+00:00,62808.695,62824.807,62475.6,62622.575,0.0,0.0,0.0,63563.15114167793,63041.54160000004,62519.93205832215,-359.43743400545645,-346.74745167792145,35.183039342367316,38.78798988111581,0.0,
2024-08-02 19:45:00+00:00,62573.05,62718.207,62487.545,62641.093,0.000194763,1.0,62595.03,63566.15618068482,63017.75090000006,62469.345619315296,-359.14266867088736,-349.22649507651465,35.66715602051387,38.37187869970222,0.000194763,
2024-08-02 20:00:00+00:00,62648.2795,63058.293,62648.2795,62867.7,0.000417615,1.0,62909.68,63543.562765140094,63033.79605000005,62524.02933486,-336.74202154356317,-346.72960036992436,41.43197755666505,38.7798918806306,0.000417615,
2024-08-02 20:15:00+00:00,62888.712,62967.235,62093.359,62443.83,0.109756118,2.0,62253.064724,63577.53325386494,63018.386250000054,62459.23924613517,-349.16713252308546,-347.21710680055656,35.096727245365436,38.288803262595245,0.109756118,
2024-08-02 20:30:00+00:00,62513.773,62577.2015,62265.634,62275.692,0.005,1.0,62390.136,63584.313111004616,62963.43460000005,62342.55608899549,-368.3355114099104,-351.44078772242733,32.94477540392938,37.57626621477313,0.005,
2024-08-02 20:45:00+00:00,62288.05,62591.1195,62196.72,62532.5735,0.0025,1.0,62384.6,63540.80211210935,62921.75252500004,62302.70293789073,-358.66394488067453,-352.88541915407677,39.089593872213925,37.77804323576523,0.0025,
2024-08-02 21:00:00+00:00,62510.704,62616.435,61883.9655,61883.9655,0.015741592,2.0,62352.595878,63604.83625847091,62854.803175000045,62104.77009152918,-398.7399774303485,-362.05633080933114,31.29224000458079,36.91326947160731,0.015741592,
2024-08-02 21:15:00+00:00,61905.99,62113.93,61592.092,61592.092,0.00288385,2.0,61786.802771,63700.39207627569,62779.75887500004,61859.1256737244,-448.8778892293267,-379.42064249333026,28.53392043730116,35.796022933699824,0.00288385,
2024-08-02 21:30:00+00:00,61557.1402692305,62074.93,61267.765,62038.5,0.009316585,5.0,61538.393071,63636.01766198022,62710.66412500005,61785.31058801987,-447.4334168298956,-393.02319736064334,37.59444175565875,36.035812109961014,0.009316585,
2024-08-02 21:45:00+00:00,62036.185,62094.647,61887.5275,61962.8,0.007259449,1.0,62055.7,63587.1395386393,62645.09737500005,61703.0552113608,-447.2414978066445,-403.86685744984356,36.74372496687815,36.1302004908833,0.007259449,
2024-08-02 22:00:00+00:00,61969.9,62192.983,61911.1075,62062.25,0.007838877,2.0,62192.523793,63506.673625345946,62583.01237500005,61659.35112465415,-434.06103136042657,-409.9056922319602,38.706057093893094,36.47364803795127,0.007838877,
2024-08-02 22:15:00+00:00,61967.6735,61967.6735,61711.0695,61837.98,0.0,0.0,0.0,63443.63481671371,62513.97420000004,61584.31358328637,-436.6783749554379,-415.2602287766557,35.99428300925608,36.40973270079191,0.0,
2024-08-02 22:30:00+00:00,61909.501,61909.501,61655.5,61660.241,0.0,0.0,0.0,63359.3069693409,62432.024700000045,61504.74243065919,-447.9312182283902,-421.7944266670026,33.96341297411517,36.083556737235014,0.0,
2024-08-02 22:45:00+00:00,61579.3955,61655.4,61190.629,61266.456,0.001309714,1.0,61250.0,63358.06049871234,62343.80512500005,61329.54975128776,-483.05596759348555,-434.0467348522992,29.933732605457507,35.263580186331346,0.001309714,
2024-08-02 23:00:00+00:00,61440.116,61648.4695,61262.621,61614.555,0.0,0.0,0.0,63306.22969110843,62279.167600000044,61252.10550889166,-477.30186561350274,-442.6977610045399,37.044570156992044,35.50104551575277,0.0,
2024-08-02 23:15:00+00:00,61627.631,61681.95,61379.289,61655.6325,0.0,0.0,0.0,63217.597699513535,62212.03422500005,61206.47075048656,-464.07749094982864,-446.97370699359766,37.84618450379551,35.81373071415847,0.0,
2024-08-02 23:30:00+00:00,61684.6555,61684.6555,61447.33,61447.33,0.0,0.0,0.0,63144.22272665628,62139.07037500005,61133.91802334382,-465.044604920462,-450.58788657897054,35.38562262767408,35.75664963596055,0.0,
2024-08-02 23:45:00+00:00,61452.245,61452.245,61368.55,61400.79,0.0,0.0,0.0,63066.58527139177,62066.93687500005,61067.28847860833,-464.2152542715776,-453.3133601174919,34.840600171964034,35.63450970742768,0.0,
2024-08-03 00:00:00+00:00,61421.394,61516.564,61349.192,61516.564,0.0,0.0,0.0,62987.695793009916,62007.04332500005,61026.39085699018,-449.0397430307494,-452.4586367001434,37.422703937262575,35.872935604739,0.0,
2024-08-03 00:15:00+00:00,61547.6,61612.37,61508.75,61582.1075,0.0,0.0,0.0,62867.68020465434,61945.23635000004,61022.79249534575,-426.80429413232196,-447.32776818657914,38.89891618142042,36.276399681629854,0.0,
2024-08-03 00:30:00+00:00,61457.8255,61475.805,61260.882,61304.675,0.0,0.0,0.0,62786.997837968825,61879.341350000046,60971.68486203127,-426.65085930725763,-443.19238641071485,35.122107643622584,36.12249407656222,0.0,
2024-08-03 00:45:00+00:00,61335.4005,61463.016,60891.8195,61057.6125,1.15693958,5.0,61088.193761,62704.46856935474,61800.167325000046,60895.86608064535,-441.37721824138134,-442.82935277684817,32.1302825998704,35.59019921300331,1.15693958,
2024-08-03 01:00:00+00:00,61095.734,61199.9,60483.0615,60614.93,0.013367347,4.0,60541.792593,62593.09125503435,61687.528825000045,60781.96639496574,-483.1987277397275,-450.903227769424,27.59453473206481,34.52411061554484,0.013367347,
2024-08-03 01:15:00+00:00,60712.011,61097.125,60614.945,61097.125,0.000159835,1.0,60877.4,62490.379884349,61620.19357500004,60750.00726565108,-471.9926314465265,-455.1211085048445,37.88115613720143,34.971716685099054,0.000159835,
2024-08-03 01:30:00+00:00,61126.6505,61169.8835,60782.3655,61033.605,0.0043132,1.0,61136.421,62409.369440940725,61558.08922500004,60706.809009059354,-462.90121547383023,-456.6771298986417,37.1327607248332,35.25985589039694,0.0043132,
2024-08-03 01:45:00+00:00,60996.85,61230.86,60984.05,61230.86,0.0,0.0,0.0,62227.32316596009,61493.003550000045,60758.68393404,-434.7676420995049,-452.29523233881434,41.02902506408925,36.02907844688925,0.0,
2024-08-03 02:00:00+00:00,61267.697,61447.1005,61213.45,61406.45,0.004764529,1.0,61267.697,62181.77996365083,61469.127775000044,60756.47558634926,-393.7638721669209,-440.58896030443566,44.33617231963051,37.13669096325475,0.004764529,
2024-08-03 02:15:00+00:00,61395.71,61479.4175,61161.52,61161.52,0.008716758,1.0,61395.71,62170.039268043045,61447.599175000054,60725.15908195706,-376.6896493175518,-427.8090981070589,40.89130073181833,37.637305599063225,0.008716758,
2024-08-03 02:30:00+00:00,61228.691,61363.1095,61196.05,61341.85,0.000121427,1.0,61302.2,62083.19213425218,61412.76667500006,60742.34121574793,-344.63435051171837,-411.17414858799077,44.32145314012066,38.52852527120422,0.000121427,
2024-08-03 02:45:00+00:00,61314.57,61396.63,61278.49,61378.945,0.0,0.0,0.0,62004.68814897256,61383.573925000055,60762.459701027554,-312.6331978802409,-391.4659584464408,45.028152059368914,39.39514217629284,0.0,
2024-08-03 03:00:00+00:00,61377.7,61480.515,61261.772,61480.515,0.0,0.0,0.0,61895.00358970897,61354.48717500005,60813.97076029114,-275.8958481219015,-368.35193638153294,47.0113415822621,40.410635430422076,0.0,
2024-08-03 03:15:00+00:00,61444.265,61722.179,61399.08,61689.179,0.014190682,2.0,61691.210192,61864.33547628094,61347.047125000056,60829.75877371917,-227.32335075429,-340.14621925608435,50.92807269174775,41.81296039859883,0.014190682,
2024-08-03 03:30:00+00:00,61636.3195,61791.635,61607.505,61791.635,0.062823466,3.0,61735.174734,61889.64685176026,61353.616825000056,60817.58679823985,-178.50426762292045,-307.8178289294516,52.773926179893685,43.27442250277148,0.062823466,
2024-08-03 03:45:00+00:00,61710.8885,61860.125,61691.2845,61813.12,0.00461,1.0,61742.57,61951.08071701685,61380.950025000064,60810.81933298328,-136.5075584160295,-273.55577482676716,53.171717212374624,44.59406179738523,0.00461,
2024-08-03 04:00:00+00:00,61848.04,61921.89,61778.94,61785.905,1.6168e-05,1.0,61848.04,61978.27795780499,61389.51752500007,60800.75709219515,-104.21950922640099,-239.68852170669393,52.5676993511708,45.65721347122331,1.6168e-05,
2024-08-03 04:15:00+00:00,61794.95,61794.95,61682.6565,61762.933,0.0147413,2.0,61727.526262,61995.08926495541,61394.88255000006,60794.67583504471,-79.56744209234603,-207.66430578382435,52.03041825045359,46.50697410845401,0.0147413,
2024-08-03 04:30:00+00:00,61722.4,61722.4,61632.3215,61634.7245,0.0,0.0,0.0,62013.228152097785,61404.25227500006,60795.27639790233,-69.57385169282497,-180.04621496562447,49.019139418738625,46.84192948315862,0.0,
2024-08-03 04:45:00+00:00,61589.425,61625.9,61355.605,61498.19,0.0,0.0,0.0,62019.46579552988,61409.12227500005,60798.77875447022,-71.8428922437015,-158.40555042123987,45.968016611427835,46.72540776692785,0.0,
2024-08-03 05:00:00+00:00,61503.845,61627.0545,61474.4395,61578.717,0.071155066,1.0,61537.1,62025.35659412887,61412.22992500005,60799.10325587123,-66.37810188050207,-140.0000607130923,48.022912145423284,46.898408350727244,0.071155066,
2024-08-03 05:15:00+00:00,61570.4,61606.2,61466.05,61521.675,0.007247721,1.0,61570.4,62019.545713495434,61409.20830000006,60798.87088650468,-65.89048433804419,-125.17814543808268,46.66895529069627,46.86781460938978,0.007247721,
2024-08-03 05:30:00+00:00,61546.85,61582.632,61490.855,61536.505,0.000272406,1.0,61545.77,62031.56141849866,61420.79980000005,60810.03818150144,-63.57453914851067,-112.85742418016828,47.086643994653805,46.89699186075832,0.000272406,
2024-08-03 05:45:00+00:00,61529.5895,61677.421,61529.5895,61645.59,0.0126203,2.0,61633.086324,62044.58718687964,61450.19867500005,60855.81016312046,-52.33361868208158,-100.75266308055095,50.1776873067074,47.33441792021819,0.0126203,
2024-08-03 06:00:00+00:00,61645.005,61714.1775,61638.55,61714.1775,0.0003,1.0,61680.2,61969.5062497296,61505.16105000005,61040.815850270505,-37.45886767638876,-88.0939039997185,52.07343571733297,47.966286959833496,0.0003,
2024-08-03 06:15:00+00:00,61746.102,61746.102,61633.719,61633.719,0.0,0.0,0.0,61959.47628073339,61531.990750000055,61104.50521926672,-31.796320675617608,-76.83438733489832,49.68510391417159,48.195462553745244,0.0,
2024-08-03 06:30:00+00:00,61692.02,61692.02,61632.01,61661.015,0.0,0.0,0.0,61927.31073298604,61563.36125000005,61199.41176701406,-24.820042305495008,-66.43151832901766,50.51432378283106,48.504644050956685,0.0,
2024-08-03 06:45:00+00:00,61751.456,61775.968,61710.4075,61775.968,0.025,1.0,61751.456,61931.81557823077,61590.616650000055,61249.417721769336,-9.901407772711536,-55.125496217756435,53.95586829239096,49.231473949814585,0.025,
2024-08-03 07:00:00+00:00,61774.8305,61848.617,61694.8315,61694.8315,0.0,0.0,0.0,61938.16294653206,61605.03572500006,61271.90850346806,-4.572609688366356,-45.01491891187842,51.24679216008916,49.50018304451786,0.0,
2024-08-03 07:15:00+00:00,61654.825,61703.985,61654.825,61661.64,0.0,0.0,0.0,61894.18584230715,61630.041725000054,61365.897607692954,-2.9932709078857442,-36.610589311079885,50.13776348624213,49.5851937700811,0.0,
2024-08-03 07:30:00+00:00,61692.065,61787.892,61686.2,61701.201,0.206310507,8.0,61746.544732,61877.97148430455,61648.009275000055,61418.04706569556,1.4340773777657887,-29.00165597331075,51.485402534776945,49.83855493870721,0.206310507,
2024-08-03 07:45:00+00:00,61604.9315,61630.5005,61589.725,61616.1,0.0,0.0,0.0,61854.91757311525,61659.86702500006,61464.816476884866,-1.9022289782369626,-23.581770574295994,48.45176611186348,49.65364976179471,0.0,
2024-08-03 08:00:00+00:00,61581.644,61662.135,61558.875,61601.75,0.0,0.0,0.0,61845.20460999242,61665.92877500006,61486.6529400077,-5.639195736031979,-19.993255606643192,47.93882358054146,49.42500627096094,0.0,
2024-08-03 08:15:00+00:00,61523.72,61627.2665,61523.72,61627.2665,0.0,0.0,0.0,61842.53382652951,61662.83315000006,61483.13247347061,-6.4672500820452115,-17.288054501723597,48.97327635390059,49.3647756153529,0.0,
2024-08-03 08:30:00+00:00,61588.59,61599.63,61499.625,61499.625,0.001216888,2.0,61530.596156,61831.12341378263,61648.232650000056,61465.34188621748,-17.224537674141175,-17.275351136207114,44.23797710892241,48.68120248116217,0.001216888,
2024-08-03 08:45:00+00:00,61458.425,61575.255,61430.4175,61575.255,0.0,0.0,0.0,61805.190854662666,61636.33940000004,61467.487945337416,-19.42315857765061,-17.70491262449581,47.478480190911085,48.52083950912869,0.0,
2024-08-03 09:00:00+00:00,61544.125,61574.35,61424.225,61424.225,0.015802671,1.0,61574.35,61796.3767617643,61618.255400000045,61440.13403823579,-32.9723554840748,-20.758401196411608,42.2039819431143,47.67859183366011,0.015802671,
2024-08-03 09:15:00+00:00,61438.4005,61556.811,61434.3125,61556.811,0.00015827,1.0,61479.6,61774.89575247601,61607.94930000005,61441.00284752409,-32.63540883828682,-23.13380272478665,47.69721801209616,47.68107532411825,0.00015827,
2024-08-03 09:30:00+00:00,61500.55,61644.085,61500.55,61644.085,2.2886e-05,1.0,61529.155,61775.71352132102,61608.417325000046,61441.12112867907,-25.03747731992189,-23.5145376438137,50.99870648693388,48.123426145827,2.2886e-05,
2024-08-03 09:45:00+00:00,61598.335,61684.189,61573.458,61673.827,0.001870013,2.0,61606.986007,61778.77023126488,61617.19917500005,61455.62811873522,-16.426773397332,-22.09698479451736,52.10817842756919,48.65472645005929,0.001870013,
2024-08-03 10:00:00+00:00,61697.054,61725.295,61637.495,61725.295,1.6208e-05,1.0,61697.054,61791.654138312864,61624.52807500005,61457.40201168724,-5.387586296761583,-18.755105094966204,54.04715683128606,49.373717167556194,1.6208e-05,
2024-08-03 10:15:00+00:00,61618.736,61665.35,61618.736,61665.35,0.0,0.0,0.0,61792.77774594633,61631.71182500005,61470.64590405377,-1.4591908613074338,-15.295922248234449,51.43516331316535,49.64857665363741,0.0,
2024-08-03 10:30:00+00:00,61635.6805,61752.565,61635.6805,61752.565,2.8968e-05,1.0,61643.72,61805.559732088404,61642.51482500006,61479.46991791171,8.592562723300944,-10.51822525392737,54.85372974033458,50.34259706519703,2.8968e-05,
2024-08-03 10:45:00+00:00,61725.955,61802.685,61725.955,61802.685,0.0,0.0,0.0,61827.755761011846,61650.369575000055,61472.983388988265,20.368123933760216,-4.340955416389853,56.738374430848246,51.19536738061719,0.0,
2024-08-03 11:00:00+00:00,61762.55,61823.9845,61749.255,61809.3275,0.00157505,1.0,61778.27,61843.84527203932,61655.12707500005,61466.40887796078,29.891761646416853,2.505587996171488,56.99460781056099,51.968599437943034,0.00157505,
2024-08-03 11:15:00+00:00,61802.44,61899.3,61802.44,61822.193,0.015719712,1.0,61899.3,61866.41676255178,61664.55077500005,61462.684787448314,38.0389620008209,9.612262797101373,57.519419026380426,52.708708716401354,0.015719712,
2024-08-03 11:30:00+00:00,61867.814,61897.02,61827.805,61877.978,3.4323e-05,1.0,61836.89,61897.63052316418,61675.39892500006,61453.16732683594,48.43868920725072,17.37754807913124,59.80964077668223,53.65549965777214,3.4323e-05,
2024-08-03 11:45:00+00:00,61932.24,61974.334,61861.9945,61888.77,0.001570101,2.0,61973.224087,61918.40426187409,61681.03902500005,61443.673788126005,56.89551605893212,25.281141675091416,60.256044042075416,54.53557224234591,0.001570101,
2024-08-03 12:00:00+00:00,61851.21,61936.762,61813.108,61936.762,0.0,0.0,0.0,61955.42880863393,61693.13555000005,61430.84229136617,66.70127480530209,33.56516830113355,62.26338002086652,55.565946612815324,0.0,
2024-08-03 12:15:00+00:00,61910.735,62108.805,61910.735,62104.0835,0.0002,4.0,61948.48825,62032.14483518798,61715.257725000054,61398.37061481213,86.9713048794656,44.246395616799965,68.27880248999303,57.260994063105684,0.0002,
2024-08-03 12:30:00+00:00,62136.7905,62136.7905,62001.487,62086.7595,3.7523e-05,1.0,62001.487,62090.19571592909,61734.535650000056,61378.87558407102,100.47928508139012,55.492973509718,67.08641117492314,58.57104967801468,3.7523e-05,
2024-08-03 12:45:00+00:00,62037.5465,62037.5465,61913.79,61967.95,0.0,0.0,0.0,62117.29543959644,61752.12815000005,61386.960860403655,100.4397164637412,64.48232210052264,59.42217109378765,58.684532533451076,0.0,
2024-08-03 13:00:00+00:00,61989.8,61998.4,61820.27,61881.503,0.053729066,2.0,61825.473283,62128.59253682979,61766.11580000005,61403.63906317031,92.36804627653328,70.05946693572477,54.53979238785814,58.13190051403868,0.053729066,sell
2024-08-03 13:15:00+00:00,61913.37,61952.935,61848.66,61869.609,0.0,0.0,0.0,62137.5217068091,61778.232925000055,61418.94414319101,84.04265172784653,72.85610389414913,53.88379245762624,57.56548610651703,0.0,
2024-08-03 13:30:00+00:00,61833.5725,61903.4735,61833.5725,61836.7,3.1996e-05,1.0,61868.391,62131.40711413284,61795.08667500005,61458.76623586726,73.93693632101349,73.072270379522,52.01944248371995,56.826013623477415,3.1996e-05,
2024-08-03 13:45:00+00:00,61873.2975,61972.6575,61873.2975,61972.6575,0.0,0.0,0.0,62143.853800315366,61814.95680000006,61486.05979968475,76.02237939177576,73.66229218197275,58.42011666583047,57.038560695791155,0.0,
2024-08-03 14:00:00+00:00,62068.94,62079.002,61881.098,61920.6745,0.007935349,2.0,61989.868998,62118.00507227756,61839.77927500005,61561.55347772254,72.64312961083488,73.45845966774517,55.37823448230254,56.81718386732601,0.007935349,
2024-08-03 14:15:00+00:00,61990.05,62021.1965,61979.76,62020.7235,0.0,0.0,0.0,62119.47324264258,61862.97490000005,61606.47655735752,77.14884411738603,74.19653655767334,59.724868118757776,57.204875100850245,0.0,
2024-08-03 14:30:00+00:00,62053.242,62100.48,62019.6815,62097.22,3.47e-05,1.0,62046.86,62140.8368266744,61885.631650000054,61630.42647332571,85.90205811405758,76.53764086895019,62.7154053197875,57.93961246337521,3.47e-05,
2024-08-03 14:45:00+00:00,62120.04,62120.04,61956.585,61956.85,0.0003,1.0,62120.04,62137.20822142343,61899.78280000006,61662.357378576686,80.58344163721631,77.34680102260342,54.69047368656674,57.50639395980075,0.0003,
2024-08-03 15:00:00+00:00,62000.666,62030.126,61958.825,61958.825,0.0,0.0,0.0,62136.033265402686,61911.45930000006,61686.885334597435,75.65565446433902,77.00857171095053,54.77815214305125,57.14262838423415,0.0,
2024-08-03 15:15:00+00:00,61919.3715,61919.3715,61547.7235,61547.7235,0.0,0.0,0.0,62159.82567889452,61905.57797500006,61651.330271105595,38.13825819539488,69.2345090078394,38.205396421568096,54.61766412254534,0.0,
2024-08-03 15:30:00+00:00,61575.7955,61668.7,61273.005,61338.4115,0.000721723,2.0,61352.310247,62234.98404107984,61884.87030000005,61534.756558920264,-8.387590826656378,53.71008904094025,32.76933098957725,51.7045530381496,0.000721723,
2024-08-03 15:45:00+00:00,61345.9845,61345.9845,60817.591,60850.65,0.008103135,2.0,61097.467568,62408.3091495722,61837.26855000005,61266.22795042791,-83.65363104818971,26.23734502311425,24.147050757088763,48.03021940067482,0.008103135,
2024-08-03 16:00:00+00:00,60883.6,60983.3,60712.5755,60867.6315,0.030005744,7.0,60932.507508,62500.88939517925,61790.18375000005,61079.478104820846,-140.31478357448214,-7.073080696405026,24.88804838926317,44.944596599153265,0.030005744,
2024-08-03 16:15:00+00:00,60867.5985,60916.9795,60426.485,60916.9795,0.01879,3.0,60545.905707,62550.65293873458,61744.92307500004,60939.193211265505,-179.17180297742743,-41.49282515260951,27.116243850897252,42.567482899385794,0.01879,
2024-08-03 16:30:00+00:00,60946.385,61210.499,60495.8985,60538.14,0.0010284,3.0,61171.371267,62636.56213113416,61677.93117500005,60719.30021886594,-237.7943076039155,-80.75312164287072,21.7756875529702,39.79524351986372,0.0010284,
2024-08-03 16:45:00+00:00,60580.089,61027.8,60436.6465,60891.5745,0.012365253,5.0,60915.009679,62639.90640801405,61628.07140000005,60616.23639198605,-252.81950857790798,-115.16639902987818,34.6975424824978,39.11555004821493,0.012365253,
2024-08-03 17:00:00+00:00,60854.2985,60942.9165,60687.221,60757.5385,0.000800723,1.0,60760.0,62637.94694382346,61569.11022500005,60500.273506176636,-272.4025861663249,-146.61363645716753,32.50460996489329,38.23409137043871,0.000800723,
2024-08-03 17:15:00+00:00,60757.06,60757.06,60598.3645,60707.792,0.0,0.0,0.0,62601.13509743637,61499.295650000044,60397.45620256372,-288.60953201290977,-175.01281556831597,31.703738565356137,37.36337766309437,0.0,
2024-08-03 17:30:00+00:00,60680.265,60786.873,60542.565,60743.252,5.5666e-05,1.0,60584.79,62546.255674772394,61432.12027500005,60317.98487522771,-295.1895661432718,-199.04816568330713,32.97150193001765,36.77779423201747,5.5666e-05,
2024-08-03 17:45:00+00:00,60694.6405,60712.7355,60437.666,60534.2655,0.000481039,1.0,60683.58,62511.326625654525,61360.436050000055,60209.545474345585,-313.65216762839555,-221.9689660723248,29.496350478650353,35.80693506490186,0.000481039,
2024-08-03 18:00:00+00:00,60498.553,60631.36,60443.725,60538.902,0.003217121,1.0,60491.3,62471.10259893576,61293.306000000055,60115.50940106435,-324.17292186740815,-242.40975723134147,29.67344741540347,34.9891367116354,0.003217121,
2024-08-03 18:15:00+00:00,60587.595,60750.355,60422.905,60595.175,0.002539931,5.0,60552.370098,62413.65159425677,61229.58430000006,60045.51700574335,-324.23238548068184,-258.77428288120956,31.908993827758188,34.57845099378511,0.002539931,
2024-08-03 18:30:00+00:00,60598.885,60653.0045,60179.417,60324.285,0.004524297,4.0,60219.11251,62366.12560017569,61153.96355000006,59941.801499824425,-342.19347651124554,-275.45812160721675,27.394533337416725,33.62059530626933,0.004524297,
2024-08-03 18:45:00+00:00,60348.5,60374.47,60172.16,60172.16,0.005294963,8.0,60258.92136,62286.90826121962,61063.938675000056,59840.96908878049,-364.5012432558651,-293.26674593694645,25.23532774006501,32.50255963077542,0.005294963,
2024-08-03 19:00:00+00:00,60219.05,60266.3015,60087.357,60195.742,0.0,0.0,0.0,62190.067621369126,60977.692050000056,59765.316478630986,-375.94379277651024,-309.8021553048592,26.20631606855936,31.663060489146613,0.0,
2024-08-03 19:15:00+00:00,60216.15,60216.15,59944.69,59944.69,0.000539833,2.0,60036.772699,62066.614610121316,60873.89037500005,59681.16613987879,-400.6514336513501,-327.97201097415734,22.80998301667898,30.482650159484262,0.000539833,
2024-08-03 19:30:00+00:00,59980.004,60096.5,59908.35,60053.463,0.436104226,5.0,60031.616518,61874.48755189693,60771.70252500005,59668.917498103176,-406.76639520683966,-343.7308878206938,27.21156488448876,30.04650545615153,0.436104226,
2024-08-03 19:45:00+00:00,60095.9465,60568.958,60095.9465,60199.886,0.0250375,2.0,60391.485891,61668.61089935268,60683.854325000044,59699.09775064741,-395.24133779069234,-354.0329778146935,32.76918550907887,30.409529463208507,0.0250375,
2024-08-03 20:00:00+00:00,60155.672,60409.76,60136.885,60396.485,0.122714887,3.0,60176.472509,61403.69887127738,60605.73732500005,59807.775778722724,-366.02444850122265,-356.4312719519993,39.45371305037859,31.615420608164516,0.122714887,
2024-08-03 20:15:00+00:00,60360.2465,60522.2325,60327.566,60519.55,0.008051078,1.0,60429.12,61225.29011096108,60554.328650000054,59883.367189039025,-329.1453534909451,-350.97408825978846,43.25694648244915,33.16762405806914,0.008051078,
2024-08-03 20:30:00+00:00,60586.25,60634.94,60478.484,60478.484,7.1863e-05,1.0,60572.6,61077.890152094966,60511.33227500005,59944.77439790514,-299.7764516624811,-340.734560940327,42.302043295545715,34.38554662306601,7.1863e-05,
2024-08-03 20:45:00+00:00,60579.199,60579.199,60313.6335,60329.9175,0.000964347,2.0,60540.744316,61034.68728184921,60485.29565000006,59935.904018150904,-285.2018311226566,-329.62801497679294,38.95195739714018,34.99440139294257,0.000964347,
2024-08-03 21:00:00+00:00,60280.715,60318.1215,59892.1345,60196.174,0.002513601,1.0,60110.372,60985.393777270765,60451.72277500005,59918.05177272934,-281.2018027097147,-319.9427725233773,36.174581938757214,35.15175879905119,0.002513601,
2024-08-03 21:15:00+00:00,60228.386,60493.6045,60157.7705,60423.25,0.013400945,1.0,60370.776,60916.15430848252,60427.03630000006,59937.9182915176,-256.7489735803829,-307.30401273477844,43.53598050973994,36.269655027143024,0.013400945,
2024-08-03 21:30:00+00:00,60488.55,60641.017,60383.6165,60641.017,0.010433009,1.0,60622.533,60927.98185533277,60432.180150000066,59936.37844466736,-217.293133395513,-289.3018368669253,49.54589987699121,38.03982100712278,0.010433009,
2024-08-03 21:45:00+00:00,60692.402,60821.785,60571.005,60571.005,0.0,0.0,0.0,60870.50563064238,60416.15167500005,59961.797719357724,-189.4891659185305,-269.33930267724634,47.78492616469626,39.339168361465916,0.0,
2024-08-03 22:00:00+00:00,60629.25,60715.844,60333.24,60649.986,0.00728142,2.0,60521.025693,60851.169948096314,60410.77405000005,59970.37815190379,-159.2455313890532,-247.32054841960772,49.94623452804849,40.753443850343594,0.00728142,
2024-08-03 22:15:00+00:00,60576.9105,60617.5,60576.9105,60577.835,0.0,0.0,0.0,60830.55967202117,60404.27620000006,59977.99272797895,-139.49124756808305,-225.75468824930277,47.99192470461721,41.71857463091341,0.0,
2024-08-03 22:30:00+00:00,60600.583,60658.121,60600.583,60639.75,0.0,0.0,0.0,60811.07092338727,60399.10110000005,59987.13127661283,-117.4855124084279,-204.1008530811278,49.80690875234229,42.79701918043726,0.0,
2024-08-03 22:45:00+00:00,60526.8955,60633.7,60526.8955,60586.3475,3.2671e-05,2.0,60599.842542,60817.69843298842,60401.70520000005,59985.71196701167,-103.16571406501316,-183.9138252779049,48.24308607437315,43.52316143296205,3.2671e-05,
2024-08-03 23:00:00+00:00,60619.96,60631.3535,60400.6985,60400.6985,0.0,0.0,0.0,60806.00662275066,60394.79502500004,59983.583427249425,-105.58042802313139,-168.2471458269502,43.168709501010724,43.47590117536854,0.0,
2024-08-03 23:15:00+00:00,60426.62,60788.886,60396.168,60788.886,0.0,0.0,0.0,60842.374227675245,60404.48057500004,59966.58692232483,-75.30257795587386,-149.65823225273493,54.05174914213995,44.886014237604726,0.0,
2024-08-03 23:30:00+00:00,60767.41,60773.666,60654.356,60772.755,0.0,0.0,0.0,60891.20843854971,60426.90407500004,59962.59971145038,-52.00927003473771,-130.1284398091355,53.59247611088496,46.046875820708756,0.0,
2024-08-03 23:45:00+00:00,60735.105,60735.105,60643.749,60643.749,0.0,0.0,0.0,60908.50100906679,60450.48352500005,59992.4660409333,-43.45790605054208,-112.79433305741682,49.93799599200873,46.565691843548755,0.0,
2024-08-04 00:00:00+00:00,60610.3,60728.143,60610.3,60728.143,0.0201,2.0,60693.11592,60934.69052342476,60477.10357500004,60019.516626575314,-29.530587760353228,-96.14158399800411,52.23276123335408,47.3213010955228,0.0201,
2024-08-04 00:15:00+00:00,60706.595,60749.42,60607.3,60607.3,0.0,0.0,0.0,60899.71151220203,60510.234075000044,60120.756637798055,-27.92223767247924,-82.49771473289914,48.78445297564872,47.51638801287292,0.0,
2024-08-04 00:30:00+00:00,60607.1145,60743.0595,60607.1145,60738.82,0.006415094,1.0,60671.86,60884.675224868406,60544.50192500005,60204.32862513169,-15.852308256937249,-69.16863343770676,52.462791987615745,48.175908542838634,0.006415094,
2024-08-04 00:45:00+00:00,60698.0725,60709.078,60698.0725,60702.975,0.0,0.0,0.0,60876.9959339073,60569.65637500006,60262.31681609281,-9.074587965478713,-57.14982434326115,51.37970579704242,48.603081510065806,0.0,
2024-08-04 01:00:00+00:00,60715.85,60715.85,60462.913,60528.0675,0.0,0.0,0.0,60873.9479901854,60576.235500000046,60278.52300981469,-17.61372918482084,-49.24260531157309,46.35121903871402,48.302833180552234,0.0,
2024-08-04 01:15:00+00:00,60561.7335,60623.0805,60500.588,60500.588,0.0,0.0,0.0,60873.83553834237,60575.287400000045,60276.73926165772,-26.295310149434954,-44.65314627914546,45.59619739720939,47.94194840943985,0.0,
2024-08-04 01:30:00+00:00,60474.148,60475.681,60318.151,60475.681,0.0,0.0,0.0,60873.8796045728,60575.14725000005,60276.414895427304,-34.78434013424703,-42.67938505016578,44.88256721890791,47.53403091736892,0.0,
2024-08-04 01:45:00+00:00,60511.98,60703.9,60495.387,60703.9,0.0,0.0,0.0,60875.147492380966,60593.846375000045,60312.545257619124,-22.833382542470645,-38.71018454862675,52.256128227950725,48.163643892113164,0.0,
2024-08-04 02:00:00+00:00,60739.2925,60932.3545,60697.705,60826.27,0.0,0.0,0.0,60858.45113995966,60625.351175000054,60392.25121004045,-3.4481777905966737,-31.657783197020734,55.679841943970665,49.165803632360834,0.0,
2024-08-04 02:15:00+00:00,60897.0595,60956.9565,60852.395,60956.9565,0.003192825,1.0,60951.6,60907.5959034808,60652.03650000006,60396.477096519324,22.204090066748904,-20.885408544266806,59.05663029467495,50.48458052066938,0.003192825,
2024-08-04 02:30:00+00:00,60992.97,61087.267,60768.4045,60768.4045,0.0033,1.0,61083.4,60918.85231740872,60658.405875000055,60397.95943259139,27.007797475584084,-11.306767340296627,52.80539384350569,50.794022297047555,0.0033,
2024-08-04 02:45:00+00:00,60804.95,60874.05,60804.171,60874.05,0.03,1.0,60853.02,60946.84676687868,60673.55812500006,60400.26948312144,38.891165987064596,-1.2671806748243812,55.638777055662395,51.4399895981962,0.03,
2024-08-04 03:00:00+00:00,60788.0945,60841.725,60723.9415,60781.8885,0.003200647,1.0,60802.642,60957.188742482394,60680.15325000007,60403.11775751774,40.40637874121603,7.067531208383701,52.66817527235297,51.60374768808377,0.003200647,
2024-08-04 03:15:00+00:00,60818.3,60834.38,60686.035,60691.9785,0.0,0.0,0.0,60958.903533610726,60685.860425000064,60412.8173163894,33.9607319959905,12.44617136590506,49.87076577382295,51.372683432848994,0.0,
2024-08-04 03:30:00+00:00,60668.6065,60726.208,60658.223,60726.208,0.0,0.0,0.0,60962.906885411976,60690.18332500007,60417.459764588166,31.254265377989213,16.207790168321893,50.93913221971751,51.31487660443146,0.0,
2024-08-04 03:45:00+00:00,60693.985,60774.8175,60693.985,60718.1,0.0,0.0,0.0,60965.47905487185,60696.77095000008,60428.062845128305,28.130848336782947,18.592401802014102,50.66369419762936,51.22805228352451,0.0,
2024-08-04 04:00:00+00:00,60750.2,60750.2,60642.6,60685.375,0.004824471,2.0,60713.734837,60943.14230520905,60711.00477500008,60478.867244791116,22.75260594453721,19.424442630518723,49.50028983178753,50.99768395662625,0.004824471,
2024-08-04 04:15:00+00:00,60671.095,60730.2285,60671.095,60728.77,0.0,0.0,0.0,60937.56752074102,60707.99897500009,60478.43042925916,21.74130371762294,19.887814847939566,51.10373546263721,51.01182415742771,0.0,
2024-08-04 04:30:00+00:00,60748.187,60767.445,60610.57,60622.562,0.0,0.0,0.0,60930.91797905328,60700.48932500009,60470.0606709469,12.228775719697296,18.356007022291113,47.15720356095682,50.497874744564925,0.0,
2024-08-04 04:45:00+00:00,60616.102,60635.7705,60525.7165,60525.7165,0.0,0.0,0.0,60936.29674632413,60694.58770000009,60452.87865367605,-3.0889858253358398,14.067008452765721,43.83311771185596,49.609240473537064,0.0,
2024-08-04 05:00:00+00:00,60530.43,60607.1775,60530.43,60601.968,0.0,0.0,0.0,60932.72639199336,60688.2789500001,60443.83150800684,-8.972138194520085,9.45917912330856,47.00083795809642,49.26145347147831,0.0,
2024-08-04 05:15:00+00:00,60585.84,60649.338,60585.84,60644.012,0.001203567,2.0,60634.678248,60932.64592671821,60690.1145500001,60447.58317328199,-10.125261695226072,5.542290959601634,48.718231463186264,49.18902387037271,0.001203567,
2024-08-04 05:30:00+00:00,60651.1385,60871.1055,60651.1385,60804.785,0.0,0.0,0.0,60940.25966170327,60693.41280000009,60446.56593829692,1.9118781454817508,4.816208396777657,54.75574387913969,49.93125320487497,0.0,
2024-08-04 05:45:00+00:00,60772.7375,60779.32,60752.385,60752.385,0.0,0.0,0.0,60944.04900390515,60695.88330000009,60447.717596095026,7.140840947795368,5.281134906981199,52.58283317338943,50.2847972006769,0.0,
2024-08-04 06:00:00+00:00,60733.558,60765.9,60707.37,60715.3775,0.0,0.0,0.0,60941.21265835061,60705.248800000096,60469.28494164958,8.20406432911841,5.865720791408641,51.04224999761462,50.38579090693526,0.0,
2024-08-04 06:15:00+00:00,60686.95,60779.9125,60686.95,60775.314,0.0,0.0,0.0,60936.996146825375,60718.98510000009,60500.97405317481,13.72483974948409,7.4375445830237314,53.42240136347802,50.790672301140965,0.0,
2024-08-04 06:30:00+00:00,60820.7315,60820.7315,60751.635,60751.635,0.0,0.0,0.0,60920.24249330975,60732.78280000009,60545.323106690426,16.004902090229734,9.151016084464931,52.33979199447626,50.99722159358567,0.0,
2024-08-04 06:45:00+00:00,60794.65,60854.6,60785.43,60785.43,0.008684577,1.0,60854.6,60925.173313050065,60736.85930000009,60548.54528695012,20.30478110830154,11.381769089232254,53.77944332743966,51.36818449143287,0.008684577,
2024-08-04 07:00:00+00:00,60763.878,60763.878,60763.878,60763.878,0.0,0.0,0.0,60918.050272860324,60733.73970000009,60549.42912713986,21.722990810689225,13.450013433523647,52.68644352175953,51.543952362143095,0.0,
2024-08-04 07:15:00+00:00,60797.237,60797.237,60547.33,60573.415,0.7,2.0,60563.989091,60880.92067370837,60714.56262500009,60548.20457629181,7.392938687931746,12.238598484405268,44.14727788009389,50.55772909786987,0.7,
2024-08-04 07:30:00+00:00,60571.78,60571.78,60357.48,60383.133,0.0,0.0,0.0,60913.42742699318,60695.29905000009,60477.170673007,-19.09775102292042,5.97132858294013,37.59209446138952,48.82897781300582,0.0,
2024-08-04 07:45:00+00:00,60416.9775,60416.9775,60245.987,60329.755,0.0,0.0,0.0,60922.9401974393,60668.08430000008,60413.22840256087,-43.89300078472297,-4.001537290592491,35.97821959097375,47.115543383401544,0.0,
2024-08-04 08:00:00+00:00,60367.054,60432.615,60118.0005,60216.75,0.008909252,2.0,60199.587946,60955.90958598004,60639.82737500009,60323.74516402013,-71.83391725582624,-17.56801328363924,32.770634193029125,45.202888824685225,0.008909252,
2024-08-04 08:15:00+00:00,60189.12,60474.2,60189.12,60421.2125,0.001818911,3.0,60450.097703,60955.21059539813,60626.28907500008,60297.36755460203,-76.59592967898789,-29.37359656270897,42.720914699982856,44.871958941391576,0.001818911,
2024-08-04 08:30:00+00:00,60450.0655,60606.7185,60450.0655,60606.7185,0.00243025,1.0,60511.795,60946.0851209846,60620.31460000008,60294.544079015555,-64.65576357543614,-36.430029965254406,49.95765430507396,45.55005165654923,0.00243025,
2024-08-04 08:45:00+00:00,60596.9895,60596.9895,60596.9895,60596.9895,0.0,0.0,0.0,60937.02240931951,60614.25907500007,60291.49574068063,-55.34021732820838,-40.2120674378452,49.60369298301913,46.090537166745214,0.0,
2024-08-04 09:00:00+00:00,60493.26,60623.2205,60469.32,60623.2205,0.00087749,1.0,60469.32,60932.30879523452,60611.15135000007,60289.99390476562,-45.31855326182267,-41.23336460264069,50.61956731805923,46.69440785358708,0.00087749,
2024-08-04 09:15:00+00:00,60658.0365,60658.0365,60589.6725,60621.9,0.0,0.0,0.0,60922.484609479434,60605.80785000006,60289.13109052069,-37.05571043759119,-40.39783376963079,50.564309517061226,47.2103947420503,0.0,
2024-08-04 09:30:00+00:00,60563.55,60676.177,60563.55,60647.55,0.007279661,1.0,60563.55,60924.18540563968,60607.05725000007,60289.929094360465,-28.11353203755425,-37.94097342321548,51.66799077183143,47.80474087935445,0.007279661,
2024-08-04 09:45:00+00:00,60645.64,60683.1525,60645.64,60666.182,0.0,0.0,0.0,60929.91093078863,60614.08052500007,60298.25011921151,-19.300856287809438,-34.21294999613427,52.497603434839846,48.4304558867525,0.0,
2024-08-04 10:00:00+00:00,60697.14,60697.14,60533.255,60533.255,1.6475e-05,1.0,60697.14,60928.41655546899,60610.644875000056,60292.87319453112,-22.780248719915107,-31.92640974089044,46.38089152522188,48.15718063854842,1.6475e-05,
2024-08-04 10:15:00+00:00,60562.045,60728.385,60562.045,60651.671,0.0,0.0,0.0,60928.977836612954,60611.027825000056,60293.07781338716,-15.800373859368847,-28.70120256458612,51.77179452719661,48.639129157034844,0.0,
2024-08-04 10:30:00+00:00,60635.9,60668.09,60605.205,60638.6805,0.0,0.0,0.0,60908.43630324065,60602.72260000006,60297.00889675947,-11.188028896161995,-25.198567830901293,51.16406942919108,48.97578785998901,0.0,
2024-08-04 10:45:00+00:00,60605.2,60780.525,60605.2,60767.95,0.0,0.0,0.0,60910.809648447525,60603.500850000055,60296.192051552585,2.865227458445588,-19.585808773031918,56.62099940321653,49.99514939908602,0.0,
2024-08-04 11:00:00+00:00,60848.9,60848.9,60739.95,60797.35,0.001599721,1.0,60825.55,60922.85131769615,60607.59947500007,60292.34763230399,16.188260471790272,-12.43099492406748,57.77657488251432,51.032672796876454,0.001599721,
2024-08-04 11:15:00+00:00,60835.416,60953.0865,60809.985,60950.55,0.0,0.0,0.0,60958.375935367745,60616.36127500007,60274.34661463239,38.66313522045675,-2.212168895162634,63.2677184474564,52.66401221695378,0.0,
2024-08-04 11:30:00+00:00,60983.2,60983.2,60828.75,60861.55,0.007914105,1.0,60983.2,60975.71705505408,60621.85702500007,60267.99699494606,48.73133469339518,7.97653182254893,58.50739943360107,53.44313051250675,0.007914105,
2024-08-04 11:45:00+00:00,60856.975,60887.07,60808.2755,60887.07,0.000447864,1.0,60876.8,60992.76681886732,60626.93902500007,60261.111231132825,58.09996579391736,18.001218616822616,59.44955974426745,54.24398774340818,0.000447864,
2024-08-04 12:00:00+00:00,60905.4,61013.4625,60815.29,60815.29,0.159681898,1.0,60936.1,60999.84501921559,60629.50962500008,60259.17423078457,59.05191362716869,26.21135761889183,55.623762258141994,54.42795767870602,0.159681898,
2024-08-04 12:15:00+00:00,60818.401,60941.2,60818.401,60876.45,0.0,0.0,0.0,61029.104596385696,60644.66137500007,60260.21815361444,64.00364581985195,33.769815259083856,58.09808266255744,54.91730767655288,0.0,
2024-08-04 12:30:00+00:00,60918.2755,60944.9535,60915.854,60944.9535,0.0,0.0,0.0,61058.75216891681,60672.75240000008,60286.75263108334,72.61848846860084,41.539549900987254,60.73866940689484,55.693489240598474,0.0,
2024-08-04 12:45:00+00:00,60957.54,61055.082,60931.8345,61036.08,0.0,0.0,0.0,61091.31637307941,60708.06865000009,60324.820926920765,85.80979836754705,50.39359959429921,63.98962336715598,56.799640457472805,0.0,
2024-08-04 13:00:00+00:00,61020.715,61020.715,60894.1,60894.1,0.0,0.0,0.0,61059.63650644199,60741.936150000096,60424.235793558204,83.84094089957216,57.083067855353804,56.18371541548554,56.71751711854117,0.0,
2024-08-04 13:15:00+00:00,60858.6415,60918.713,60833.9985,60877.4435,0.003219501,1.0,60903.35,61051.01988809142,60764.7477000001,60478.475511908786,80.01421278763155,61.669296841809356,55.33096222059972,56.532643132148976,0.003219501,
2024-08-04 13:30:00+00:00,60902.5525,60933.4035,60832.0355,60849.4385,0.0,0.0,0.0,61055.81468860255,60776.8837000001,60497.95271139765,73.87020400718757,64.10947827488499,53.85102469485834,56.17509400717689,0.0,
2024-08-04 13:45:00+00:00,60885.595,60922.62,60792.275,60792.275,0.0092,2.0,60860.634891,61053.09895721476,60786.6479750001,60520.196992785444,63.654644945505424,64.01851160900908,50.860654064026875,55.466502014756884,0.0092,
2024-08-04 14:00:00+00:00,60834.1785,60834.1785,60525.835,60530.0995,0.0,0.0,0.0,61062.58259983848,60781.9919250001,60501.40125016171,34.01130784651468,58.0170708565102,39.913349542628815,53.392748351806475,0.0,
2024-08-04 14:15:00+00:00,60559.127,60559.127,60340.25,60341.4245,0.0,0.0,0.0,61102.09164221085,60767.9681500001,60433.844657789356,-4.652119314763695,45.483232822255424,34.20712598453832,50.83466536950405,0.0,
2024-08-04 14:30:00+00:00,60399.3065,60399.3065,59668.7705,59764.99,0.025510076,3.0,59783.486092,61273.514884926684,60723.8401500001,60174.16541507351,-80.87434151445632,20.211717954913077,23.26410474815934,47.15859061999142,0.025510076,
2024-08-04 14:45:00+00:00,59789.445,59872.398,59353.0155,59618.6165,0.020880384,6.0,59553.723949,61402.76711243769,60671.461875000095,59940.156637562504,-151.34748037159443,-14.100121710388425,21.392637773225477,43.72313024042263,0.020880384,
2024-08-04 15:00:00+00:00,59562.66,59562.66,59254.835,59346.475,0.511381039,6.0,59338.807807,61543.799159094146,60612.1228750001,59680.44659090606,-226.54601388791343,-56.589300145893425,18.424944505053883,40.35003880904013,0.511381039,
2024-08-04 15:15:00+00:00,59374.0,59385.68,59199.3425,59307.55,0.009673775,3.0,59292.595416,61635.79873983582,60544.9168250001,59454.03491016439,-285.98565109997435,-102.46857033670962,18.039468854056683,37.37529614837567,0.009673775,
2024-08-04 15:30:00+00:00,59311.0,59397.615,59103.0115,59246.1,0.025051145,2.0,59234.210421,61702.58452502427,60475.28780000011,59247.991074975944,-334.1980659971741,-148.8144694688025,17.419865845960643,34.714572108053666,0.025051145,
2024-08-04 15:45:00+00:00,59185.7355,59216.775,58957.5445,59016.38,0.006500229,3.0,59104.581371,61760.34524508058,60387.709300000104,59015.07335491963,-386.48804272863345,-196.3491841207687,15.30370805681654,32.12645690122205,0.006500229,
2024-08-04 16:00:00+00:00,59042.8,59259.435,58901.5,59227.784,0.013104015,7.0,59095.861838,61756.648805314326,60309.2310000001,58861.81319468588,-406.1874143247478,-238.31683016156452,24.404856784290548,31.096910218964517,0.013104015,
2024-08-04 16:15:00+00:00,59187.5955,59187.5955,58849.6795,58927.042,0.01320837,1.0,58934.703,61742.299300092636,60208.055600000094,58673.81189990755,-440.9832933322541,-278.8501227957024,20.955109267392768,29.744670092088285,0.01320837,
2024-08-04 16:30:00+00:00,58887.5185,59088.426,58856.62,58983.227,0.50664675,4.0,58969.857925,61705.759000037964,60114.13945000009,58522.519899962215,-458.7375769611317,-314.8276136287883,23.14094280500339,28.864173120476966,0.50664675,
2024-08-04 16:45:00+00:00,58890.5265,58890.5265,58583.6020223325,58583.6020223325,0.00567799,3.0,58765.913601,61680.9939287965,59998.96605111672,58316.93817343693,-499.2987651798976,-351.72184393901017,19.09607512251095,27.561760054081496,0.00567799,
2024-08-04 17:00:00+00:00,58672.6155,58672.6155,58211.696,58278.318,0.0189057,6.0,58511.012221,61667.585216704516,59872.11745111671,58076.64968552891,-549.7406008629478,-391.3255953237977,16.69528961308617,26.112897328615453,0.0189057,
2024-08-04 17:15:00+00:00,58337.6,58465.8,58093.945,58131.185,0.003167178,2.0,58424.333363,61619.73406046556,59734.854201116716,57849.97434176787,-594.7328128555018,-432.0070388301385,15.672606301229116,24.72085852496394,0.003167178,
2024-08-04 17:30:00+00:00,58194.515,58220.22,57250.0,57350.3395,0.384164015,9.0,57745.445196,61621.00674937315,59555.123501116715,57489.24025286028,-685.4952089994622,-482.70467286400327,11.60851411322304,22.97254593673182,0.384164015,
2024-08-04 17:45:00+00:00,57427.15,57954.705,57353.595,57836.194,0.133266078,7.0,57851.963309,61473.05561630776,59395.1292011167,57317.20278592564,-710.0358132831971,-528.170900947842,24.693688221899322,23.20203157475415,0.133266078,
2024-08-04 18:00:00+00:00,57792.627,58239.255,57709.91,58166.8095,0.029194264,6.0,57991.28604,61282.56511555858,59258.7646761167,57234.964236674816,-694.7973201917266,-561.496184796619,32.063768030167765,24.383596435475965,0.029194264,
2024-08-04 18:15:00+00:00,58170.0705,58428.81,58096.8665,58332.105,0.532834226,8.0,58148.476388,61049.490488846175,59131.497751116694,57213.505013387214,-661.7544458871052,-581.5478370147163,35.46442257491583,25.861039920734616,0.532834226,
2024-08-04 18:30:00+00:00,58314.535,58415.34,58272.775,58409.1775,0.017266996,3.0,58358.515065,60779.57866195537,59009.4847011167,57239.39074027803,-622.176559228079,-589.6735814573888,37.0467711848893,27.352470755955242,0.017266996,
2024-08-04 18:45:00+00:00,58379.175,58883.55,58379.175,58740.6,0.001202275,2.0,58763.627477,60478.50219624115,58906.90095111671,57335.29970599227,-557.6396502020289,-583.2667952063168,43.465960891416934,29.500936107350135,0.001202275,
2024-08-04 19:00:00+00:00,58774.08,58958.236,58543.3425,58919.862,0.01120156,6.0,58745.812751,60210.975916135125,58826.389076116706,57441.80223609829,-486.4215744670655,-563.8977510584666,46.63556518863773,31.78555331818848,0.01120156,
2024-08-04 19:15:00+00:00,58948.8455,59453.7865,58885.3,59453.7865,0.008938639,4.0,58974.152286,60018.47826099422,58782.007176116706,57545.53609123919,-382.4884031708134,-527.615881480936,54.76953220471012,34.85008383639136,0.008938639,
2024-08-04 19:30:00+00:00,59336.495,59400.415,59171.6985,59242.1,0.0,0.0,0.0,59928.55728219367,58755.86267611671,57583.16807003975,-313.58711052365834,-484.8101272894804,51.42292121231164,37.05979548651407,0.0,
2024-08-04 19:45:00+00:00,59145.9,59383.762,59145.9,59252.0385,0.0,0.0,0.0,59866.35533080938,58737.53377611671,57608.71222142404,-255.23815918445325,-438.895733668475,51.57253454760172,38.994827361325754,0.0,
2024-08-04 20:00:00+00:00,59211.494,59525.353,59147.355,59525.353,0.0,0.0,0.0,59897.08102741945,58746.4776761167,57595.87432481395,-184.8116057513471,-388.0789080850494,55.62059422929166,41.21159627705454,0.0,
2024-08-04 20:15:00+00:00,59464.05,59464.05,59222.275,59222.275,0.001640214,1.0,59323.9,59885.07504713572,58742.21392611669,57599.35280509766,-151.70515385075123,-340.80415723818976,50.57230383825002,42.45969061854727,0.001640214,
2024-08-04 20:30:00+00:00,59253.94,59276.9585,58906.98,58906.98,0.042108918,3.0,58969.225861,59847.590699819324,58725.25792611668,57602.92515241404,-149.1899547394496,-302.4813167384417,45.90451245585379,42.9190001968548,0.042108918,
2024-08-04 20:45:00+00:00,58842.4185,59145.2495,58842.4185,59123.865,0.0,0.0,0.0,59859.499941694805,58730.63217611669,57601.76441053858,-128.21781919937348,-267.62861723062804,49.36656165758261,43.778675058285174,0.0,
2024-08-04 21:00:00+00:00,59087.9,59087.9,58929.312,58929.312,0.0,0.0,0.0,59825.624935172855,58715.70857611669,57605.79221706052,-125.84538458308089,-239.27197070111862,46.49217518370934,44.140475075008396,0.0,
2024-08-04 21:15:00+00:00,58924.6795,59029.446,58673.89,58673.89,0.0,0.0,0.0,59808.804502088446,58703.05097611669,57597.297450144935,-142.92804823604092,-220.00318620810307,42.95594436849929,43.98253764747385,0.0,
2024-08-04 21:30:00+00:00,58538.2835,58714.885,58444.73,58664.782,0.0,0.0,0.0,59785.431949300764,58687.12872611669,57588.82550293261,-155.40965596144815,-207.0844801587721,42.8308416487254,43.828978180974055,0.0,
2024-08-04 21:45:00+00:00,58731.585,58776.2075,58360.2495,58467.007,0.0,0.0,0.0,59782.970970310475,58681.298975000056,57579.62697968964,-179.19456621968857,-201.5064973709554,40.09985641227543,43.33176194514757,0.0,
2024-08-04 22:00:00+00:00,58516.3795,59117.6885,58425.0,58991.6975,1.7095e-05,1.0,58496.614,59810.303579055435,58716.96795000006,57623.63232094468,-153.93171167877153,-191.99154023251862,49.330389812622144,44.13157899414418,1.7095e-05,
2024-08-04 22:15:00+00:00,59002.02,59002.02,58663.85,58828.35,0.0,0.0,0.0,59812.19182878225,58751.826200000054,57691.46057121786,-145.4152391845637,-182.67628002292764,46.90696132361472,44.50162997140692,0.0,
2024-08-04 22:30:00+00:00,58838.535,59042.0495,58838.535,58944.6,0.0,0.0,0.0,59676.262821699376,58831.53922500006,57986.81562830074,-127.81213122830377,-171.70345026400287,48.833452089439604,45.07920625381128,0.0,
2024-08-04 22:45:00+00:00,58778.6435,58780.7725,58647.996,58652.478,0.0,0.0,0.0,59590.10332586976,58872.353425000074,58154.60352413039,-135.86715341381932,-164.53619089396616,44.46705064635062,44.99758550614986,0.0,
2024-08-04 23:00:00+00:00,58711.6045,58711.6045,58471.9,58473.45,0.0,0.0,0.0,59555.88525448522,58887.68545000007,58219.48564551492,-154.91116050031997,-162.61118481523692,41.98914564700757,44.59646019159756,0.0,
2024-08-04 23:15:00+00:00,58477.5455,58600.367,58343.345,58571.9685,0.0,0.0,0.0,59535.38071320117,58899.67862500007,58263.976536798975,-160.20728388147836,-162.13040462848522,43.843645271626706,44.49608486893478,0.0,
2024-08-04 23:30:00+00:00,58471.109,58471.25,58356.55,58416.299,0.007413833,1.0,58408.3,59534.64445365387,58900.03470000008,58265.424946346284,-174.9490240361556,-164.6941285100193,41.581660190573125,44.10749491181989,0.007413833,
2024-08-04 23:45:00+00:00,58298.85,58298.85,58007.45,58138.215,0.011703216,3.0,58246.985797,59584.12188297263,58869.91545000007,58155.70901702752,-206.68843841333728,-173.0929904906829,37.8272241638994,43.27012547876382,0.011703216,
2024-08-05 00:00:00+00:00,58140.55,58266.1,57500.0,57500.0,0.001719388,3.0,57741.444194,59728.85002695429,58798.92235000008,57868.99467304587,-280.11181505172135,-194.49675540289059,30.92578966804472,41.62421403733461,0.001719388,
2024-08-05 00:15:00+00:00,57445.7785,58134.005,57320.9696277915,57452.383,0.03,1.0,57346.898263,59748.41091937495,58698.85217500008,57649.293430625214,-338.2436022749316,-223.2461247772988,30.478987634275228,40.13818385026003,0.03,
2024-08-05 00:30:00+00:00,57383.805,57472.05,56668.08,56739.1285,0.031608662,7.0,57251.060574,59895.824861909576,58573.70360000008,57251.582338090586,-436.83161674013536,-265.9632231698661,24.71823772501036,38.08219103356007,0.031608662,
2024-08-05 00:45:00+00:00,56782.865,57087.2,55750.0,56093.58,0.394380556,10.0,56574.064641,60085.03829357644,58415.78067500008,56746.52305642372,-560.5915469708198,-324.88888793005685,20.872931199899668,35.787623055738685,0.394380556,
2024-08-05 01:00:00+00:00,56171.29,56171.29,52406.947890818,53674.6415,3.318677183,50.0,53239.500591,60710.4371556995,58123.24510000008,55536.05304430066,-844.1297025991807,-428.7370508638816,12.823096019041436,32.72568611751238,3.318677183,
2024-08-05 01:15:00+00:00,53949.4365,54944.046,53594.7,54194.085,0.307793143,14.0,54591.499254,60919.26439496475,57871.835600000086,54824.40680503542,-1015.2181811957635,-546.033276930258,19.96149303052077,31.0237937059135,0.307793143,
2024-08-05 01:30:00+00:00,54117.634,54970.65,53966.5845,54970.65,0.009974836,3.0,54704.715499,60930.92851413529,57675.01910000008,54419.10968586487,-1075.7442179173522,-651.9754651276769,29.284159452175206,30.79184247208173,0.009974836,
2024-08-05 01:45:00+00:00,55010.34,55010.34,54328.5305,54423.4,0.002371503,3.0,54733.135576,60914.87381430306,57439.99585000008,53965.1178856971,-1154.5609792471805,-752.4925679515776,26.905788808241343,30.273701983569676,0.002371503,
2024-08-05 02:00:00+00:00,54289.353,54500.392,53750.0,53906.7,0.011015813,3.0,53885.032249,60913.87987380612,57188.865250000075,53463.85062619403,-1244.3728466224275,-850.8686236857476,24.85335495242629,29.55098904608389,0.011015813,
2024-08-05 02:15:00+00:00,53881.475,54358.225,53629.361,54199.384,0.0,0.0,0.0,60840.94461939757,56965.139950000084,53089.3352806026,-1277.209371242665,-936.1367731971311,28.194728081123273,29.37015425075581,0.0,
2024-08-05 02:30:00+00:00,54233.15,54469.15,53787.41,53915.6855,0.015246664,3.0,54230.724615,60737.4732152309,56727.68512500009,52717.89703476928,-1311.0121199195783,-1011.1118425416205,26.944117539394863,29.046682689241017,0.015246664,
2024-08-05 02:45:00+00:00,54014.981,54674.524,53907.318,54674.524,0.002694136,3.0,54291.978654,60559.58024756098,56538.06097500009,52516.54170243919,-1262.021320507818,-1061.29373813486,35.22097679770412,29.869921903702764,0.002694136,
2024-08-05 03:00:00+00:00,54628.09,54683.14,54060.196,54176.765,0.09862997,5.0,54249.914424,60278.75363833967,56297.31435000008,52315.87506166049,-1248.9634768603355,-1098.827685879955,32.611042862083075,30.235404698153474,0.09862997,
2024-08-05 03:15:00+00:00,54145.089,54489.7305,54145.089,54286.435,0.001791414,1.0,54316.8,59965.480818105665,56070.21860000008,52174.956381894495,-1215.7511665740094,-1122.2123820187658,33.77543861900972,30.707409220934306,0.001791414,
2024-08-05 03:30:00+00:00,54160.504,54363.2385,54092.518,54339.875,0.001794123,1.0,54234.8,59569.249963462964,55839.98235000008,52110.71473653719,-1171.6123916593788,-1132.0923839468883,34.37051697051171,31.195823587544627,0.001794123,
2024-08-05 03:45:00+00:00,54420.49,54520.1,53894.0765,53894.0765,0.120018747,4.0,54317.673488,59187.63010222507,55602.06227500008,52016.49444777508,-1159.2412957386987,-1137.5221663052503,31.803182352760412,31.276804756240065,0.120018747,
2024-08-05 04:00:00+00:00,53872.627,54384.7,53772.968,54384.7,0.055121168,4.0,53894.267345,58764.60243549456,55397.62477500008,52030.64711450559,-1097.200057672766,-1129.4577445787534,37.349624853549415,32.08651410254798,0.055121168,
2024-08-05 04:15:00+00:00,54457.745,54538.3135,54104.4345,54104.4345,0.410834096,5.0,54444.731458,58249.329629436776,55174.24807500008,52099.16652056339,-1058.4459075336636,-1115.2553771697353,35.56995400324322,32.55097275597401,0.410834096,
2024-08-05 04:30:00+00:00,54110.279,54190.79,53896.985,53976.2,0.096935222,3.0,54036.752545,57680.58818622028,54952.24312500008,52223.89806377988,-1026.250440529715,-1097.4543898417312,34.75397707539048,32.84470666522954,0.096935222,
2024-08-05 04:45:00+00:00,53980.3,53980.3,53439.46280397,53535.7,0.011338383,3.0,53820.136437,57089.24028206814,54722.11737500009,52354.99446793204,-1024.4705112185911,-1082.8576141171031,32.03534928342772,32.736792347655964,0.011338383,
2024-08-05 05:00:00+00:00,53510.0185,53510.0185,52390.3115,52934.975,0.225724931,18.0,53053.361931,56612.904945481445,54493.866125000095,52374.827304518745,-1059.32218470738,-1078.1505282351586,28.73424319333534,32.20311912707988,0.225724931,
2024-08-05 05:15:00+00:00,52832.225,53619.565,52538.4835,53431.565,0.2109482,7.0,52687.684521,55967.2767963871,54292.825225000095,52618.37365361309,-1034.941562116459,-1069.5087350114186,34.722500782931256,32.539036681193394,0.2109482,
2024-08-05 05:30:00+00:00,53442.08,53831.395,52860.2,53156.295,0.014277198,5.0,53390.585546,55431.591495891495,54113.683550000096,52795.7756041087,-1026.0045892931885,-1060.8079058677727,33.0639822542438,32.60902942426678,0.014277198,
2024-08-05 05:45:00+00:00,53224.1,53246.622,52697.0,52697.0,0.513289617,3.0,52897.951829,55056.91980527782,53943.85455000009,52830.78929472236,-1043.9492448955498,-1057.436173673328,30.45049045582491,32.32122422847453,0.513289617,
2024-08-05 06:00:00+00:00,52623.8675,52840.281,51612.903225806,51657.5,0.063884056,16.0,51985.140132,55336.05271731244,53842.9974750001,52349.942232687754,-1129.0346674342,-1071.7558724255025,25.53165391471045,31.415948186639316,0.063884056,
2024-08-05 06:15:00+00:00,51600.41,51758.105,49131.513647642,50074.3075,1.735226851,33.0,50161.393261,55845.04859637414,53637.0086000001,51428.96860362607,-1309.1251019880292,-1119.2297183380078,20.18394201718095,29.918347364044866,1.735226851,
2024-08-05 06:30:00+00:00,50083.162,51029.3795,50083.162,50342.471,0.616109521,22.0,50433.561227,55950.46034163546,53405.599650000106,50860.73895836475,-1413.9108316015554,-1178.1659409907174,23.121227236974175,29.01206468043544,0.616109521,
2024-08-05 06:45:00+00:00,50578.1,51625.37,50578.1,51613.97,0.040076987,9.0,51261.298154,55878.97413257874,53265.128150000106,50651.28216742147,-1378.4648495996007,-1218.2257227124942,35.282490320282065,29.84812143241499,0.040076987,
2024-08-05 07:00:00+00:00,51470.01,52015.558,51418.3545,51652.8285,0.123696584,11.0,51693.174896,55839.24878476412,53152.434575000116,50465.620365236115,-1331.8849565826895,-1240.9575694865332,35.61768224048716,30.617396206824615,0.123696584,
2024-08-05 07:15:00+00:00,51684.67,52873.5455,51677.14,52796.6685,0.117014804,11.0,52710.381767,55729.06810811341,53082.29880000012,50435.52949188683,-1188.966066537163,-1230.5592688966592,44.69755939926019,32.49475129914936,0.117014804,
2024-08-05 07:30:00+00:00,52789.98,53025.5865,52397.087,52839.1855,0.046922509,3.0,52725.367028,55648.91524846893,53028.473800000116,50408.0323515313,-1060.0514368258519,-1196.4577024824978,45.0080116447243,34.163186011892684,0.046922509,
2024-08-05 07:45:00+00:00,52705.57,53000.203,52513.03,52717.581,0.050097671,8.0,52725.940767,55441.772153596154,52930.62665000012,50419.48114640409,-956.6702319315154,-1148.5002083723014,44.24300217161704,35.50716149985593,0.050097671,
2024-08-05 08:00:00+00:00,52627.927,52923.299,52378.379,52657.2455,0.070886315,6.0,52899.365615,55301.51349058468,52854.65067500012,50407.78785941556,-869.5844248840222,-1092.7170516746455,43.844800537783584,36.618846704912954,0.070886315,
2024-08-05 08:15:00+00:00,52667.3725,53179.46,52667.3725,52728.14,0.036437113,7.0,52994.230019,55133.86437392614,52776.73592500012,50419.607476074096,-785.7896082526931,-1031.331562990255,44.47714619466662,37.66661997021344,0.036437113,
2024-08-05 08:30:00+00:00,52750.48,53058.7455,52457.5215,52457.5215,0.090009331,4.0,52845.596575,54930.35506600325,52682.618250000116,50434.88143399698,-732.77133188054,-971.619516768312,42.5093563409775,38.31231815298198,0.090009331,
2024-08-05 08:45:00+00:00,52556.901,52851.2175,52436.27,52724.635,0.030319796,3.0,52445.39225,54802.55654105923,52624.14617500012,50445.735808941005,-661.5739263823561,-909.6103986911208,45.09163640845193,39.21622725371131,0.030319796,
2024-08-05 09:00:00+00:00,52790.217,52882.35,52599.98,52727.6225,0.119068667,2.0,52805.721995,54566.19826827685,52541.292300000125,50516.3863317234,-598.0148602355403,-847.2912910000048,45.12132615835912,40.00357377433102,0.119068667,
2024-08-05 09:15:00+00:00,52698.8535,52888.173,52623.8605,52743.905,0.055607158,3.0,52817.327661,54370.964812963044,52473.265825000126,50575.56683703721,-540.1039980380592,-785.8538324076156,45.29494360499452,40.70908975175282,0.055607158,
2024-08-05 09:30:00+00:00,52802.8,52854.0305,52369.1425,52369.1425,0.028265689,6.0,52733.084576,54160.91781914432,52392.91295000013,50624.90808085594,-518.4727926350388,-732.3776244531002,42.001330874172154,40.8813885680754,0.028265689,
2024-08-05 09:45:00+00:00,52477.135,52642.8905,51797.024,52642.8905,0.032811624,5.0,52201.58238,54042.13652977434,52348.27247500013,50654.40842022592,-473.7792978875441,-680.657959139989,45.13940251038935,41.44912376038393,0.032811624,
2024-08-05 10:00:00+00:00,52602.35,52622.7,51866.5095,51953.585,0.01032521,5.0,52446.223118,53979.041015631556,52299.202975000124,50619.36493436869,-488.35116612938873,-642.1966005378689,39.363915765937705,41.171096027791094,0.01032521,
2024-08-05 10:15:00+00:00,51898.653,51898.653,51087.6765,51215.86,0.334943268,12.0,51677.791884,53847.043663975994,52188.41772500013,50529.79178602427,-553.0524741122717,-624.3677752527494,34.30499795609517,40.2556162848983,0.334943268,
2024-08-05 10:30:00+00:00,51271.22,51604.816,50696.465,51604.816,0.008769315,5.0,50783.721022,53725.69053100033,52110.843775000125,50495.99701899992,-566.4139607186662,-612.7770123459328,38.77280444878157,40.05790804008274,0.008769315,
2024-08-05 10:45:00+00:00,51538.521,51645.982,51129.9885,51447.5495,0.009876393,3.0,51490.328409,53664.3523188468,52048.37125000013,50432.39018115345,-582.9729777382745,-606.8162054244011,37.657648385215374,39.737873419433754,0.009876393,
2024-08-05 11:00:00+00:00,51425.35,51739.4825,50904.14,51712.6,0.025266697,4.0,51035.583191,53664.618380263426,52051.126250000125,50437.634119736824,-568.1593702437967,-599.0848383882802,40.75057533350386,39.872900341309766,0.025266697,
2024-08-05 11:15:00+00:00,51681.245,51868.729,50792.77,50958.758,0.001495757,1.0,51772.0,53528.04746356153,52095.34877500012,50662.65008643871,-610.2140610074566,-601.3106829121155,35.37506055572491,39.27318836989845,0.001495757,
2024-08-05 11:30:00+00:00,51096.25,51096.25,50693.135,50899.07,0.001521379,1.0,50750.0,53435.13451328843,52123.17872500012,50811.22293671181,-640.9703223065371,-609.2426107909998,34.98158551845573,38.70097465637275,0.001521379,
2024-08-05 11:45:00+00:00,51155.135,51545.965,51155.135,51355.9675,0.042923078,5.0,51440.591934,53446.85117384466,52110.27860000012,50773.70602615558,-621.3149393094427,-611.6570764946885,40.442586562229586,38.93318957715366,0.042923078,
2024-08-05 12:00:00+00:00,51375.244,51514.105,50780.15,50780.15,0.01917981,5.0,51363.435107,53512.606938414356,52066.64467500012,50620.68241158588,-644.7690701315514,-618.279475222061,36.304093400268044,38.58264342023558,0.01917981,
2024-08-05 12:15:00+00:00,50866.5695,50866.5695,50062.65,50170.495,0.013140604,7.0,50270.898538,53558.39753786176,51935.33600000012,50312.27446213848,-704.4304652755818,-635.5096732327652,32.510811709907834,37.773065858858544,0.013140604,
2024-08-05 12:30:00+00:00,50384.027,51305.345,49832.0,50908.642,0.045097123,8.0,50256.984006,53464.99765285202,51838.80882500012,50212.61999714821,-684.2625046018147,-645.2602395065751,40.60302348724764,38.150393542643755,0.045097123,
2024-08-05 12:45:00+00:00,50913.5725,50913.5725,49569.55,49808.855,2.099427596,23.0,49805.153379,53490.47509124821,51693.372525000115,49896.26995875202,-748.3958288078138,-665.8873573668228,34.05178608238652,37.60391254794279,2.099427596,
2024-08-05 13:00:00+00:00,49723.315,50513.1775,49624.755,49997.95,0.446148167,9.0,50088.478104,53444.00547598093,51560.407750000115,49676.8100240193,-775.0295064186867,-687.7157871771956,35.96489303397769,37.38537661274744,0.446148167,
2024-08-05 13:15:00+00:00,49977.075,50214.8145,49664.0645,49710.61,0.163437254,8.0,49953.503155,53376.38562741457,51409.53125000012,49442.67687258566,-809.9858121660291,-712.1697921749623,34.33494666717426,36.978652620004354,0.163437254,
2024-08-05 13:30:00+00:00,49726.0,52083.0,49718.329,51345.695,0.071504546,18.0,50667.882121,53261.11397600753,51353.939925000115,49446.7658739927,-697.7084925986637,-709.2775322597025,48.60805407390726,38.529239480524744,0.071504546,
2024-08-05 13:45:00+00:00,51322.89,52432.4485,51322.89,52030.072,0.458125905,11.0,51766.879763,53149.009196047,51319.21177500011,49489.41435395322,-547.1966611131356,-676.8613580303892,53.19396716643937,40.48453650531336,0.458125905,
2024-08-05 14:00:00+00:00,52171.3,53811.502,52171.3,52989.5955,0.409364868,18.0,53195.710058,53205.48540541026,51332.31042500011,49459.13544458996,-346.49524144654424,-610.7881347136201,58.75152000713051,42.92013430555564,0.409364868,
2024-08-05 14:15:00+00:00,53140.5865,53715.67,52593.0945,52647.7,0.030789361,7.0,53248.369485,53186.59190248039,51327.50017500011,49468.40844751983,-212.57559080809006,-531.1456259325141,56.19132248110771,44.689626062295915,0.030789361,
2024-08-05 14:30:00+00:00,52781.857,54449.1635,52781.857,54224.7475,0.068459409,9.0,53951.64454,53630.165946429704,51420.280425000106,49210.39490357051,20.57408522839978,-420.80168370033135,63.986939131653855,47.26260113821031,0.068459409,
2024-08-05 14:45:00+00:00,54022.9115,54374.9335,53928.9055,54048.9775,0.062973182,10.0,54083.323703,53929.20688484617,51490.58477500011,49051.96266515405,188.98520935694978,-298.8443050888751,62.64884078891222,49.3140997583039,0.062973182,
2024-08-05 15:00:00+00:00,54096.7,54677.514,53647.791,54492.44,0.038488425,9.0,54190.995165,54381.903234671365,51617.527525000114,48853.15181532886,354.15349510601663,-168.24474504989675,64.65699473956634,51.35981908913889,0.038488425,
2024-08-05 15:15:00+00:00,54511.129,54676.27,54131.5235,54338.26,0.096072679,12.0,54450.315498,54772.3954181381,51773.64752500011,48774.89963186212,467.22365066319617,-41.15106590727815,63.38111823480171,52.962658975227264,0.096072679,
2024-08-05 15:30:00+00:00,54314.35,54956.767,54314.35,54471.7795,0.071605146,6.0,54618.730642,55135.78064833611,51916.99570000011,48698.210751664104,561.1380215337704,79.30675158093156,64.04284662439362,54.44001732844944,0.071605146,
2024-08-05 15:45:00+00:00,54531.117,54747.535,54277.9225,54332.85,0.00662311,6.0,54376.428987,55437.72654101362,52061.26072500011,48684.7949089866,617.240226386406,186.89344654202645,62.77176486292182,55.55091699971243,0.00662311,
2024-08-05 16:00:00+00:00,54367.717,55070.21,54297.232,55055.361,0.049921289,9.0,54621.602786,55841.900584435876,52228.39877500011,48614.896965564345,711.7970737622672,291.8741719860746,66.49597762336667,57.01025841619966,0.049921289,
2024-08-05 16:15:00+00:00,54925.5265,55508.2,54775.05,55454.9585,0.067797158,6.0,55357.131771,56276.16277954559,52453.20880000012,48630.25482045464,809.6451499255563,395.42836757397095,68.3800033853785,58.52622441209017,0.067797158,
2024-08-05 16:30:00+00:00,55438.435,55438.435,54558.36,54629.825,1.106830091,8.0,55139.701624,56505.00901657426,52639.74655000012,48774.48408342598,811.2574073192882,478.5941755230344,60.7796432080064,58.82668025154567,1.106830091,
2024-08-05 16:45:00+00:00,54597.375,54597.375,54099.8995,54104.7245,0.052952397,5.0,54358.88675,56645.557654226024,52777.18440000012,48908.81114577422,761.387114310739,535.1527632805753,56.47751332193426,58.513457994264144,0.052952397,
2024-08-05 17:00:00+00:00,54137.72,54456.05,53845.41,54456.05,0.004760723,4.0,54085.197259,56781.35606827896,52960.97940000011,49140.602731721265,741.6641370042053,576.4550380253013,58.58948425042514,58.52359482841894,0.004760723,
2024-08-05 17:15:00+00:00,54639.51,54713.35,54374.694,54374.694,0.035288797,4.0,54593.03923,56812.73876637959,53171.18935000012,49529.639933620645,711.2697116272466,603.4179727456903,57.88894182161577,58.43897442751185,0.035288797,
2024-08-05 17:30:00+00:00,54545.495,54808.003,54426.376,54667.672,0.001782481,1.0,54589.02,56900.84200180184,53359.14085000012,49817.4396981984,702.7222420398612,623.2788266045245,59.75512987386712,58.61446182035922,0.001782481,
2024-08-05 17:45:00+00:00,54730.45,55094.716,54520.748,54748.7255,0.007537103,5.0,54787.437941,56794.37950667783,53606.13437500012,50417.8892433224,694.4830821974319,637.519677723106,60.27956847996876,58.83647604164049,0.007537103,
2024-08-05 18:00:00+00:00,54745.076,54749.455,54415.425,54415.425,0.004999442,3.0,54616.481043,56565.065380108805,53827.008125000124,51088.95086989144,653.5254887915726,640.7208399367994,56.99076812836819,58.59038165320418,0.004999442,
2024-08-05 18:15:00+00:00,54336.9555,54336.9555,53691.2685,53929.7295,0.319837639,11.0,53903.164459,56020.91933655406,54037.96410000012,52055.00886344618,575.2436821198426,627.625408373408,52.49600863923738,57.777798584675274,0.319837639,
2024-08-05 18:30:00+00:00,54021.335,54083.95,53524.9,53545.11,0.0,0.0,0.0,55723.57937151089,54147.93485000012,52572.290328489355,476.6744013129937,597.4352069613252,49.18766897557772,56.632447970128936,0.0,
2024-08-05 18:45:00+00:00,53586.992,53650.348,53073.025,53073.025,0.023849162,4.0,53454.421938,55543.881508561186,54200.08250000012,52856.283491439055,356.35636761744536,549.2194390925492,45.40529959912023,55.135494853994444,0.023849162,
2024-08-05 19:00:00+00:00,53115.586,53394.486,52783.56,52804.55,0.263127974,3.0,52783.711779,55569.92405549748,54190.83022500012,52811.73639450276,236.6122515583411,486.69800158570763,43.36310823844048,53.565843305253914,0.263127974,
2024-08-05 19:15:00+00:00,52778.6115,53416.2645,52600.745,53254.3945,0.038779244,3.0,52774.908596,55485.028552728174,54221.16495000012,52957.30134727207,175.98423183615523,424.5552476357972,47.61461864181245,52.77234668346172,0.038779244,
2024-08-05 19:30:00+00:00,53430.9835,53531.4745,53024.051,53024.051,0.0,0.0,0.0,55528.4443830895,54161.13012500012,52793.815866910736,108.10314821522479,361.2648277516827,45.7219825468518,51.83229813191373,0.0,
2024-08-05 19:45:00+00:00,53001.55,53583.635,52644.04,53488.345,1.168840176,5.0,52784.97062,55531.10333368321,54133.09850000012,52735.09366631702,90.72571633882762,307.15700546911165,50.033293300746216,51.5924308210914,1.168840176,
2024-08-05 20:00:00+00:00,53661.545,54360.4,53575.755,53817.735,0.005274848,6.0,53949.56527,55493.612442693804,54099.363250000126,52705.11405730645,102.3531333434803,266.1962310439854,52.892077202809304,51.765717005320454,0.005274848,
2024-08-05 20:15:00+00:00,53838.645,53937.4315,53618.7,53931.87,0.001807439,1.0,53835.243,55470.61687036942,54079.04375000013,52687.470629630836,119.40130184178997,236.8372452035463,53.87679812755082,52.047194488284504,0.001807439,
2024-08-05 20:30:00+00:00,53959.776,54152.522,53604.7895,54134.815,0.0,0.0,0.0,55442.454236688885,54062.19552500013,52681.93681331137,147.5867751456899,218.98715119197502,55.65195951757793,52.527829825523625,0.0,
2024-08-05 20:45:00+00:00,54024.365,54386.62,53890.255,54386.62,0.0171,3.0,53981.045965,55447.44855444862,54064.88402500013,52682.31949555164,188.0745189006484,212.8046247337097,57.82108404681385,53.23359705502899,0.0171,
2024-08-05 21:00:00+00:00,54448.2,54825.4,54312.9515,54755.415,0.000529424,3.0,54591.934682,55395.15349406376,54049.88672500013,52704.6199559365,247.07193045908207,219.65808587878416,60.841982357016974,54.248048428627385,0.000529424,
2024-08-05 21:15:00+00:00,54691.89,55230.25,54682.325,54682.325,0.008225595,3.0,54964.34881,55231.46951903769,54011.25505000013,52791.04058096257,284.6487978571822,232.65622827446379,59.925944958987145,55.00510129934202,0.008225595,
2024-08-05 21:30:00+00:00,54578.572,54834.4975,54412.76,54605.8,0.0001,1.0,54594.53,55227.875035382385,54010.05380000013,52792.23256461788,304.7409441336713,247.07317144630528,58.92561328639818,55.52783623094951,0.0001,
2024-08-05 21:45:00+00:00,54569.612,54569.612,54337.455,54430.105,0.0,0.0,0.0,55257.38981362694,54026.322825000134,52795.255836373326,302.9942673516198,258.2573906273682,56.58995541252768,55.6694521218266,0.0,
2024-08-05 22:00:00+00:00,54439.222,54807.4,54233.4425,54339.05,0.006682662,2.0,54652.681825,55244.40730392292,54020.472825000135,52796.53834607735,290.9092155440085,264.78775561069625,55.36514012127657,55.62887718841993,0.006682662,
2024-08-05 22:15:00+00:00,54344.249,54971.1445,54344.249,54941.8935,0.0,0.0,0.0,55329.26520347549,54048.83280000013,52768.40039652477,326.21574514723034,277.07335351800305,61.332268833305136,56.389329407737954,0.0,
2024-08-05 22:30:00+00:00,54912.024,54974.85,54805.459,54955.085,0.0,0.0,0.0,55377.10881053998,54063.203450000125,52749.298089460266,351.21231113098474,291.9011450405994,61.45370502891261,57.06457949056124,0.0,
2024-08-05 22:45:00+00:00,54759.8,54788.575,54578.155,54578.155,0.0,0.0,0.0,55352.79020380227,54054.67492500013,52756.55964619799,336.725605720756,300.8660371766307,56.0382468249206,56.92773513514249,0.0,
2024-08-05 23:00:00+00:00,54730.2,55072.2925,54622.76,54893.0765,1.8271e-05,1.0,54730.2,55419.220427203414,54078.557500000126,52737.89457279684,346.66023702931125,310.0248771471668,59.26786101131418,57.23975191863205,1.8271e-05,
2024-08-05 23:15:00+00:00,54841.31,54927.4,54549.8365,54570.269,0.0,0.0,0.0,55466.01808126775,54110.58447500012,52755.15086873249,324.74221042457066,312.9683438026476,54.82199410268511,56.91738420983913,0.0,
2024-08-05 23:30:00+00:00,54570.7,54605.6,54312.395,54361.758,0.00894921,1.0,54364.529,55485.28211294355,54151.416875000126,52817.551637056706,287.23584530206426,307.8218441025309,52.10322784709626,56.27549669480675,0.00894921,
2024-08-05 23:45:00+00:00,54293.327,54306.135,53942.975,53983.845,0.000154814,1.0,54000.0,55439.5079954033,54196.957875000124,52954.40775459695,224.43026755306346,291.1435287926374,47.50487043498835,55.10607986016429,0.000154814,
2024-08-06 00:00:00+00:00,54063.6,55013.3105,53983.305,55013.3105,0.000118496,2.0,54464.643073,55421.249999894084,54307.39590000012,53193.541800106155,254.78861242147104,283.87254551840414,58.30100584340455,55.53206999126299,0.000118496,
2024-08-06 00:15:00+00:00,54903.65,55695.9535,54903.65,55669.68,0.001760868,3.0,55359.551079,55582.16889226612,54428.16017500012,53274.15145773412,328.0300266355116,292.7040417418256,63.46077134838991,56.58923017221325,0.001760868,
2024-08-06 00:30:00+00:00,55556.7325,55650.66,55437.7335,55641.8855,0.0,0.0,0.0,55637.72092369485,54559.05190000012,53480.3828763054,379.45744202673086,310.05472179880667,63.104680253412305,57.457956849706456,0.0,
2024-08-06 00:45:00+00:00,55566.0,55977.3965,55566.0,55977.3965,0.008050593,4.0,55616.049591,55812.499920831164,54683.504475000125,53554.50902916909,442.1896855152736,336.48171454210006,65.61299859530004,58.545295749118935,0.008050593,
2024-08-06 01:00:00+00:00,56020.8,56281.4665,55948.26,56096.9845,0.109152375,4.0,56256.392215,56010.87320238233,54797.466950000126,53584.06069761792,495.83946391211066,368.3532644161022,66.48754555595849,59.604262390030875,0.109152375,
2024-08-06 01:15:00+00:00,56103.317,56251.2255,55900.7255,56021.8065,0.0,0.0,0.0,56158.39771212134,54901.96377500013,53645.529837878916,526.2250684804312,399.927625228968,65.36215557830596,60.37198148180089,0.0,
2024-08-06 01:30:00+00:00,55789.137,55791.2415,55478.2825,55673.89,0.0,0.0,0.0,56226.478862395445,54978.91752500013,53731.35618760481,516.2805641566883,423.1982130145121,60.277226016834284,60.35934741980534,0.0,
2024-08-06 01:45:00+00:00,55643.562,55898.8035,55621.85,55800.25,0.0,0.0,0.0,56314.976410633346,55049.59902500012,53784.22163936689,512.6857466477013,441.09571974114994,61.45023040419648,60.504798484390825,0.0,
2024-08-06 02:00:00+00:00,55798.0,55977.1665,55690.35,55815.3685,0.009586951,2.0,55812.2034,56402.56463941371,55102.596700000126,53802.628760586544,505.2327557600511,453.9231269449302,61.59635264071503,60.65033903856739,0.009586951,
2024-08-06 02:15:00+00:00,55794.133,56041.496,55743.5125,55847.931,3.976815338,7.0,55954.451753,56484.54963831149,55160.87700000013,53837.204361688775,496.2334579904127,462.3851931540267,61.93105523807662,60.82110119850195,3.976815338,
2024-08-06 02:30:00+00:00,55806.16,56075.3755,55719.7515,55719.7515,0.000628692,2.0,55759.558396,56535.87227458711,55216.57457500013,53897.27687541315,473.3024986781311,464.5686542588476,59.72445176590507,60.6748812741557,0.000628692,
2024-08-06 02:45:00+00:00,55714.0795,55929.0685,55670.4545,55929.0685,0.174255497,1.0,55839.8,56593.79005917391,55291.522750000135,53989.25544082636,466.6405391180451,464.98303123068706,62.09928867523785,60.864802260966655,0.174255497,
2024-08-06 03:00:00+00:00,55841.27,55892.9145,55685.39,55725.53,0.50001789,3.0,55877.632198,56598.95355773196,55360.84675000013,54122.739942268294,439.86652477189637,459.95972993892894,58.48781481019961,60.547870600864385,0.50001789,
2024-08-06 03:15:00+00:00,55751.466,55801.176,55518.9085,55782.682,0.0,0.0,0.0,56638.330971349096,55402.88617500013,54167.441378651165,418.4361428793709,451.65501252701733,59.20523214069616,60.368852139508625,0.0,
2024-08-06 03:30:00+00:00,55738.06,55882.2825,55678.935,55682.43,0.00174564,1.0,55741.1,56662.592016268136,55439.25342500013,54215.91483373213,388.88014404186833,439.1000388299875,57.33346944442407,59.964134446830684,0.00174564,
2024-08-06 03:45:00+00:00,55745.45,55802.5,55624.0845,55703.47,0.000359,1.0,55700.0,56657.223935510316,55495.519175000125,54333.814414489934,362.97045670147054,423.8741224042841,57.63617696992438,59.65374011657651,0.000359,
2024-08-06 04:00:00+00:00,55721.4,55746.76,55358.3385,55717.115,0.002651179,3.0,55430.355476,56668.092419548426,55536.721100000126,54405.34978045183,339.62291868033935,407.02388165949515,57.84505698152523,59.41258236523634,0.002651179,
2024-08-06 04:15:00+00:00,55757.393,55782.017,55554.49,55709.245,0.0,0.0,0.0,56635.86727396746,55593.66990000013,54551.472526032805,316.83253511757357,388.98561235111083,57.66844269258248,59.180030408882494,0.0,
2024-08-06 04:30:00+00:00,55673.1335,55711.8165,55432.3,55432.3,0.036611257,3.0,55563.177778,56528.33344097629,55647.19700000014,54766.06055902399,273.27371568671515,365.8432330182317,51.68775982922518,58.18106099826152,0.036611257,
2024-08-06 04:45:00+00:00,55437.025,55606.447,55313.22,55514.85,0.0018,1.0,55553.84,56174.43210110382,55723.747250000146,55273.06239889647,242.6173903128365,341.1980644771526,53.24428270012726,57.52282389184362,0.0018,
2024-08-06 05:00:00+00:00,55535.6,55604.326,55352.4915,55354.95,0.00441168,2.0,55366.602579,56098.89048610632,55740.82922500015,55382.76796389397,203.07847567161662,313.57414671604545,49.89124279023923,56.50527974496303,0.00441168,
2024-08-06 05:15:00+00:00,55356.83,55580.5675,55356.83,55580.5675,0.004,1.0,55403.01,56100.03935036238,55736.373600000145,55372.70784963791,187.784386130239,288.41619459888415,54.26747101297183,56.206905247364205,0.004,
2024-08-06 05:30:00+00:00,55545.4145,55830.2315,55513.6725,55781.375,0.003498893,1.0,55619.818,56104.84168458971,55743.34807500014,55381.85446541057,189.6806762487613,268.6690909288596,57.800036611540605,56.419322762587726,0.003498893,
2024-08-06 05:45:00+00:00,55782.652,56003.438,55782.652,55977.8875,0.0,0.0,0.0,56104.929871771055,55743.372625000135,55381.815378229214,204.68098131314036,255.87146900571574,60.97678621847079,57.026984556705465,0.0,
2024-08-06 06:00:00+00:00,55999.33,56071.69,55647.555,55727.5985,0.500124435,4.0,55753.191864,56048.014258731964,55724.90332500014,55401.79239126831,194.1347362061715,243.52412244580688,55.269940002888575,56.79271194952988,0.500124435,
2024-08-06 06:15:00+00:00,55665.32,55956.8395,55641.6745,55916.1195,0.002235728,3.0,55833.433148,56026.166531058276,55719.61897500014,55413.07141894201,198.69835914280702,234.5589697852069,58.426073316548546,57.01049346513237,0.002235728,
2024-08-06 06:30:00+00:00,55898.073,56037.7965,55813.5815,55858.0405,0.0,0.0,0.0,56040.34883617755,55728.826500000156,55417.30416382276,195.37639581233088,226.7224549906317,57.089610087683965,57.02104234813925,0.0,
2024-08-06 06:45:00+00:00,55853.602,55910.1195,55764.4245,55802.11,0.0,0.0,0.0,56040.52816859768,55728.91950000016,55417.31083140263,186.08551404842729,218.59506680219081,55.76667266177373,56.85379305662384,0.0,
2024-08-06 07:00:00+00:00,55785.673,55858.371,55538.605,55555.2565,0.001854498,3.0,55856.586671,56033.65665982334,55715.913900000145,55398.17114017695,156.99368344652612,206.27479013105787,50.233767249694814,55.97112294903331,0.001854498,
2024-08-06 07:15:00+00:00,55581.3265,55757.815,55581.3265,55645.824,0.005047726,2.0,55709.895219,56018.93600791645,55705.80855000015,55392.68109208385,139.6365947020604,192.94715104525838,52.111057953502694,55.45644761629589,0.005047726,
2024-08-06 07:30:00+00:00,55681.6075,55723.296,55641.155,55697.148,0.014,1.0,55723.296,56017.75953951303,55704.67837500015,55391.59721048727,128.54065799682576,180.06585243557186,53.188713915948036,55.15408312291618,0.014,
2024-08-06 07:45:00+00:00,55723.296,55723.296,55723.296,55723.296,0.006810173,1.0,55723.296,55990.35517012408,55694.38975000015,55398.424329876216,120.46828983179148,168.14633991481577,53.759625557563695,54.96815544753584,0.006810173,
2024-08-06 08:00:00+00:00,55723.296,55723.296,55697.148,55697.148,0.269409489,4.0,55723.296,55988.59719326618,55692.97065000015,55397.34410673412,110.68504651352123,156.65408123455686,53.062690555656566,54.71409346195194,0.269409489,
2024-08-06 08:30:00+00:00,55723.296,55723.296,55723.296,55723.296,0.005238594,1.0,55723.296,55983.1465123682,55690.00135000015,55396.856187632104,103.84462458024791,146.09218990369507,53.70896592878205,54.58007645752929,0.005238594,
2024-08-06 08:45:00+00:00,55723.296,55723.296,55697.148,55697.148,0.006984792,1.0,55723.296,55983.87658525267,55690.73725000016,55397.59791474765,95.21602477976558,135.91695687890916,52.92420309527319,54.359293342561806,0.006984792,
2024-08-06 09:00:00+00:00,55723.296,55723.296,55697.148,55697.148,1.7945e-05,1.0,55723.296,55983.51851462703,55690.42115000016,55397.32378537329,87.37064288730471,126.20769408058827,52.92420309527318,54.167947976256656,1.7945e-05,buy
2024-08-06 09:15:00+00:00,55671.0,55723.296,55671.0,55723.296,0.002875727,3.0,55672.919696,55983.95250803612,55690.730200000165,55397.50789196421,82.31417966230947,117.42899119693251,53.70864519569915,54.10670760551565,0.002875727,
2024-08-06 09:30:00+00:00,55723.296,55723.296,55697.148,55697.148,0.005765495,2.0,55723.296,55983.242283361236,55690.12535000016,55397.00841663909,75.328629504118,109.00891885836961,52.76182458672013,53.92738986967625,0.005765495,
2024-08-06 09:45:00+00:00,55177.19,55303.9,54980.6,55268.79,0.927362592,8.0,55271.10631,56010.37045628592,55681.949850000165,55353.52924371441,34.82616565364151,94.172368217424,40.24512398728479,52.10308775202405,0.927362592,
2024-08-06 10:00:00+00:00,55277.4,55277.4,55047.2765,55137.2,0.130462261,3.0,55199.795293,56063.31715606052,55663.06735000016,55262.8175439398,-7.80062130218721,73.77777031350175,37.31644976112823,50.13153601990461,0.130462261,
2024-08-06 10:15:00+00:00,55160.56,55234.15,54918.505,55208.655,0.000176843,1.0,55022.592,56082.71482487754,55655.75260000016,55228.79037512278,-35.40866668009403,51.94048291478259,39.87507547243761,48.76400794690901,0.000176843,
2024-08-06 10:30:00+00:00,55239.4755,55430.727,54984.744,54984.744,0.000528974,1.0,55184.49,56143.326512190855,55625.96142500016,55108.59633780947,-74.49723024762352,26.65294028230137,35.04741562868766,46.93512897114616,0.000528974,
2024-08-06 10:45:00+00:00,54990.0095,55109.8295,54941.7,55109.8295,0.0,0.0,0.0,56150.59975064316,55592.38415000016,55034.16854935716,-94.29487144443556,2.463377936953982,39.45716701936236,45.93806737757499,0.0,
2024-08-06 11:00:00+00:00,55097.317,55169.238,54898.0315,55169.238,0.000901235,2.0,55093.148667,56109.76300774859,55551.95167500016,54994.140342251725,-103.99211886137346,-18.827721422711505,41.48897055105803,45.34485446737273,0.000901235,sell
2024-08-06 11:15:00+00:00,55117.632,55143.3,54973.57,55095.9015,0.0,0.0,0.0,56105.677907198675,55520.36682500015,54935.055742801625,-116.25478713548364,-38.31313456526593,39.71701880876874,44.59447637955886,0.0,sell
2024-08-06 11:30:00+00:00,55130.1475,55396.2085,55130.1475,55274.7045,0.0,0.0,0.0,56053.29243830926,55488.29607500015,54923.29971169104,-110.27396271051839,-52.70530019431643,45.79548492114881,44.754610851770856,0.0,
2024-08-06 11:45:00+00:00,55312.0385,55398.9,55164.2435,55249.8575,0.000422267,1.0,55303.62,56005.19892723615,55457.88692500014,54910.57492276412,-106.3135451387061,-63.42694918319437,45.114713486850114,44.80262453644809,0.000422267,
2024-08-06 12:00:00+00:00,55271.485,55387.895,55162.4025,55349.831,0.002161354,2.0,55386.920569,55960.76529308557,55435.27297500013,54909.78065691469,-94.02400948969444,-69.54636124449438,48.43610446774508,45.28708852728769,0.002161354,
2024-08-06 12:15:00+00:00,55297.8205,55437.1,55247.753,55434.815,0.027816855,3.0,55358.266979,55951.85777663856,55429.25090000014,54906.64402336172,-76.54460680753982,-70.94601035710346,51.142742066557425,46.06784233252366,0.027816855,
2024-08-06 12:30:00+00:00,55383.8885,55383.8885,54958.4215,54958.4215,0.0,0.0,0.0,55945.651152557584,55394.88077500013,54844.11039744267,-99.98051516986743,-76.75291131965625,38.83623397346045,45.10362788464857,0.0,
2024-08-06 12:45:00+00:00,54903.1045,54932.88,54721.407,54798.935,0.008633768,4.0,54874.488822,55939.91700493757,55349.97012500013,54760.02324506269,-129.92517254581617,-87.38736356488823,35.73596660425441,43.85460638059601,0.008633768,
2024-08-06 13:00:00+00:00,54822.54,54993.1025,54795.295,54877.81,0.001791916,2.0,54859.638489,55905.69369316106,55307.69582500013,54709.697956839205,-145.61343490537547,-99.03257783298568,38.356845904866354,43.12157165049872,0.001791916,
2024-08-06 13:15:00+00:00,54905.51,55255.2035,54497.23,55170.0,0.105315796,7.0,54808.365193,55854.2956912161,55281.338425000125,54708.38115878415,-132.93679219670594,-105.81342070572973,46.98278882286576,43.63640060681433,0.105315796,
2024-08-06 13:30:00+00:00,55181.1295,55426.6335,54673.49,54755.185,0.154284044,5.0,55108.173439,55811.90595341986,55232.93287500013,54653.9597965804,-154.5806556905227,-115.56686770268831,38.7026719964896,42.9785701254377,0.154284044,
2024-08-06 13:45:00+00:00,54608.225,55328.4,54524.85,55222.066,0.091189613,8.0,55139.501762,55747.58129895727,55209.17877500013,54670.77625104299,-132.53242730886268,-118.95997962392319,49.491997527121526,43.847027112328874,0.091189613,
2024-08-06 14:00:00+00:00,55203.443,56275.2695,55174.3145,56251.142,0.071290778,16.0,55734.315866,55912.395213375166,55236.87847500013,54561.36173662509,-31.656300487797125,-101.49924379669798,64.3760395034474,46.58422876447801,0.071290778,
2024-08-06 14:15:00+00:00,56119.3725,56586.897,56088.75,56244.665,0.407264362,8.0,56455.444823,56043.59469560694,55262.94692500013,54482.29915439332,47.22177380776702,-71.75504027580497,64.24770912634239,48.93935947939326,0.407264362,
2024-08-06 14:30:00+00:00,56244.325,56389.4795,55974.7725,56334.8825,0.597967133,9.0,56188.338609,56187.832501911136,55294.833650000124,54401.83479808911,115.67953259993374,-34.26812570065723,65.28575028427328,51.11887825337726,0.597967133,
2024-08-06 14:45:00+00:00,56371.95,56629.7,56074.9,56122.939,0.193745468,4.0,56297.270548,56300.43636126698,55337.541100000126,54374.645838733275,151.08906974365527,2.8033133882052743,60.818307246261924,52.41213545242855,0.193745468,
2024-08-06 15:00:00+00:00,56181.182,56350.193,55997.4745,55997.4745,0.058794007,7.0,56104.863718,56379.97549180236,55380.55482500013,54381.1341581979,167.10120773666858,35.66289225789794,58.27606862635463,53.19399320895203,0.058794007,
2024-08-06 15:15:00+00:00,56053.482,56259.3,55944.2285,55944.2285,1.005802501,8.0,56102.9948,56442.54892999815,55417.333500000124,54392.1180700021,173.4944986686678,63.22921354005191,57.18361156686014,53.72594232333978,1.005802501,
2024-08-06 15:30:00+00:00,55903.613,56079.8195,55791.695,56079.8195,0.003217501,3.0,55947.823308,56515.8427920319,55472.08727500013,54428.33175796836,187.34271807500772,88.05191444704307,59.277149611175396,54.4661032950512,0.003217501,
2024-08-06 15:45:00+00:00,56038.8475,56422.8955,56017.146,56422.8955,0.02683605,2.0,56338.984552,56645.325909483596,55537.740575000134,54430.15524051667,223.42538891387812,115.12660934041008,64.06492277130303,55.74594589188477,0.02683605,
2024-08-06 16:00:00+00:00,56452.077,56723.948,56307.75,56719.5095,1.787186784,13.0,56411.023453,56821.43348359493,55615.25415000013,54409.07481640534,272.8106451105559,146.66341649443925,67.61049030476633,57.32788514693565,1.787186784,
2024-08-06 16:15:00+00:00,56762.025,56762.025,56343.535,56371.92,0.100746087,7.0,56597.8267,56903.45270623123,55679.055075000135,54454.657443769036,280.6659068588342,173.46391456731823,60.124054181021606,57.70070768481378,0.100746087,
2024-08-06 16:30:00+00:00,56430.3,56762.9,56340.598,56664.158,0.143174662,8.0,56646.318039,57029.63251782502,55748.52775000014,54467.42298217526,306.9342753868623,200.15798673122703,63.75761572454135,58.508295423444125,0.143174662,
2024-08-06 16:45:00+00:00,56670.4225,56914.926,56664.55,56860.3875,0.150113744,7.0,56847.34054,57175.45811750059,55829.05425000014,54482.65038249969,339.6707148274945,228.0605323504805,65.99807629570255,59.50693287307858,0.150113744,
2024-08-06 17:00:00+00:00,56861.981,56965.211,56763.254,56869.399,0.072273861,2.0,56963.275347,57305.120133144264,55905.03265000014,54504.945166856014,362.1668971262552,254.88180530563545,66.10171351774514,60.38623695903412,0.072273861,
2024-08-06 17:15:00+00:00,56807.575,56918.9365,56707.171,56918.9365,0.008561618,1.0,56825.66,57428.2377139306,55979.23872500014,54530.239736069685,379.61656249278894,279.82875674306615,66.70253455864407,61.22840997231545,0.008561618,
2024-08-06 17:30:00+00:00,56853.716,56899.43,56619.798,56633.297,0.094715286,1.0,56899.43,57458.93768357991,56062.982500000144,54667.027316420375,366.1757810848867,297.09816161143027,60.08903293535126,61.076493034053556,0.094715286,
2024-08-06 17:45:00+00:00,56574.875,56824.9875,56539.2255,56539.2255,0.110794532,7.0,56724.461739,57432.26182872766,56149.99702500014,54867.73222127263,343.96803176433605,306.47213564201144,58.047769061951485,60.67266317110661,0.110794532,
2024-08-06 18:00:00+00:00,56557.527,56902.6185,56432.395,56902.6185,0.056779124,6.0,56582.240989,57431.407091987756,56251.237450000146,55071.067808012536,351.63754974095355,315.50521846179987,63.2423953480065,61.015294128026596,0.056779124,buy
2024-08-06 18:15:00+00:00,56907.35,57059.6095,56829.815,56873.2495,0.000513242,1.0,56876.0,57435.196861969176,56336.399925000136,55237.602988031096,351.2963396116247,322.6634426917648,62.56810101843938,61.2223350467483,0.000513242,
2024-08-06 18:30:00+00:00,56851.715,56989.95,56809.766,56969.02,0.000513316,1.0,56867.835,57306.35738400518,56447.091675000134,55587.825965995085,354.66544461443846,329.0638430762996,63.919072462068904,61.581900035457714,0.000513316,
2024-08-06 18:45:00+00:00,56968.2,57050.239,56772.95,56805.4815,0.034272186,3.0,57044.262861,57188.69477459428,56526.26245000013,55863.830125405984,340.21747907972895,331.29457027698544,59.940754824028176,61.36308067393377,0.034272186,
2024-08-06 19:00:00+00:00,56742.8,56742.8,56446.05,56504.256,0.003215943,3.0,56601.972977,57189.4060607735,56538.918150000136,55888.43023922677,300.9913410786903,325.23392443732644,53.35371805450784,60.29516565801031,0.003215943,sell
2024-08-06 19:15:00+00:00,56416.714,56804.782,56366.35,56737.11,0.003439905,1.0,56573.6,57204.82701291748,56563.540400000136,55922.253787082795,285.4037589858053,317.2678913470222,57.26342533292296,59.89093361466533,0.003439905,
2024-08-06 19:30:00+00:00,56675.5585,56905.3,56624.9355,56840.95,0.001712611,1.0,56816.1,57231.97813650604,56588.84377500013,55945.70941349422,278.2223341667559,309.45877991096893,58.91711423503466,59.761091030714574,0.001712611,
2024-08-06 19:45:00+00:00,56821.6955,56877.0,56624.52,56790.159,0.032586233,4.0,56824.237832,57233.64740825171,56622.20477500013,56010.76214174855,265.37353313569474,300.6417305559141,57.7402150401927,59.49164089864499,0.032586233,
2024-08-06 20:00:00+00:00,56732.6,56801.34,56457.9525,56485.315,1.7605e-05,1.0,56770.9,57191.73200251674,56646.59680000013,56101.46159748352,227.96456898729957,286.1062982421912,51.13763049508962,58.37777284483761,1.7605e-05,
2024-08-06 20:15:00+00:00,56554.76,56685.57,56414.1125,56575.1,0.0,0.0,0.0,57120.351312491504,56678.140375000134,56235.92943750876,203.22000084839237,269.52903876343146,52.84783494279643,57.64044779123212,0.0,
2024-08-06 20:30:00+00:00,56558.5745,56736.162,56448.9755,56457.889,0.016860783,2.0,56593.791419,57060.67237956804,56697.04385000013,56333.41532043223,172.1671682512606,250.05666466099728,50.369334567713786,56.670966028096345,0.016860783,
2024-08-06 20:45:00+00:00,56480.7935,56572.145,56282.127,56572.145,0.024068055,2.0,56531.937718,57051.04843552934,56704.506325000126,56357.964214470914,154.99044563810457,231.04342085641875,52.69815088476414,56.14125734231872,0.024068055,
2024-08-06 21:00:00+00:00,56575.23,56652.2205,56165.721,56192.8245,1.7675e-05,1.0,56575.23,57090.041110527854,56678.17207500014,56266.30303947243,109.50744136126741,206.7362249573885,45.127422753606936,54.672746063823816,1.7675e-05,
2024-08-06 21:15:00+00:00,56260.8345,56502.6105,56260.8345,56394.782,0.0,0.0,0.0,57087.89172346057,56679.315175000134,56270.7386265397,88.73523070150986,183.13602610621277,49.30341190015294,53.95683484200103,0.0,
2024-08-06 21:30:00+00:00,56397.598,56524.7935,56362.035,56392.82,0.0,0.0,0.0,57093.02863017551,56665.748275000136,56238.46791982476,71.29296615951898,160.76741411687402,49.26418725481541,53.331148497042946,0.0,
2024-08-06 21:45:00+00:00,56376.39,56512.73,56332.74,56512.73,4.3235e-05,1.0,56406.5,57070.81761914508,56648.36540000014,56225.913180855205,66.38038891254837,141.89000907600888,51.78866911727269,53.125484579740245,4.3235e-05,
2024-08-06 22:00:00+00:00,56542.59,56874.3735,56444.335,56760.56,0.01713877,2.0,56832.500541,57056.55828094265,56642.92345000014,56229.28861905763,81.54494646648527,129.82099655410417,56.59566646355416,53.5881754975821,0.01713877,sell
2024-08-06 22:15:00+00:00,56782.3,56920.5,56028.0235,56064.506,0.0003,1.0,56782.3,57064.38935170987,56600.20192500014,56136.01449829041,36.97104772423336,111.25100678813001,43.482373957015405,52.240735292173206,0.0003,
2024-08-06 22:30:00+00:00,56140.23,56359.641,56008.4125,56211.11,0.034648297,1.0,56166.639,57072.79997508897,56579.09257500015,56085.385174911324,13.322060986291035,91.66521762776222,46.30436186199069,51.44921883481554,0.034648297,
2024-08-06 22:45:00+00:00,56207.8445,56305.549,56175.045,56202.4515,3.1944e-05,1.0,56219.56,57082.510208721054,56562.25387500015,56041.99754127924,-6.048872338156798,72.12239963457841,46.15777413222027,50.7436928744695,3.1944e-05,
2024-08-06 23:00:00+00:00,56255.082,56399.1,56072.475,56312.3,1.7776e-05,1.0,56255.082,57039.20380847443,56532.73795000014,56026.272091525854,-12.39375317824306,55.21916907201412,48.390037399665275,50.429872144495604,1.7776e-05,buy
2024-08-06 23:15:00+00:00,56342.845,56364.787,55940.355,55960.9175,0.0048,2.0,56022.293333,57026.00006667758,56487.12135000015,55948.24263332271,-45.254087133536814,35.124517830903926,42.342609399282814,49.3515704451339,0.0048,
2024-08-06 23:30:00+00:00,55973.711,56142.8,55957.754,55959.535,0.009546164,2.0,56061.424568,56974.62840190998,56436.64710000014,55898.665798090304,-70.59393183203065,13.98082789831701,42.320199899935524,48.41405437244079,0.009546164,
2024-08-06 23:45:00+00:00,56054.15,56086.985,55936.5,56078.1425,3.1348e-05,1.0,55986.3,56931.91066804008,56400.280150000144,55868.64963196021,-80.18103030713246,-4.851543742772886,45.00911411582329,47.96006233822512,3.1348e-05,
2024-08-07 00:00:00+00:00,56060.806,56162.017,55697.115,55697.115,0.001550391,3.0,55787.042819,56970.53123287355,56359.923100000145,55749.31496712674,-117.17390198639623,-27.316015391497555,38.75817371497364,46.73314385512492,0.001550391,
2024-08-07 00:15:00+00:00,55729.241,55959.75,55626.55,55931.0275,0.0,0.0,0.0,56931.73080922512,56319.61897500014,55707.50714077517,-126.16191937629628,-47.0851961884573,43.90838048299368,46.35650873884076,0.0,
2024-08-07 00:30:00+00:00,55995.428,56315.43,55953.6825,56034.27,0.0001,1.0,55995.428,56853.82929126678,56279.28497500015,55704.74065873351,-123.53020172591641,-62.37419729594912,46.06434808081983,46.31755398443797,0.0001,
2024-08-07 00:45:00+00:00,55940.451,56391.8775,55940.451,56293.862,0.000227151,2.0,56042.875986,56779.334020009126,56254.470125000145,55729.606229991165,-99.35236935908324,-69.76983170857595,51.148723834472186,46.961709964442534,0.000227151,
2024-08-07 01:00:00+00:00,56322.6,56404.664,55826.416,55918.8765,0.010954606,4.0,55947.318237,56759.19634745506,56226.14820000015,55693.10005254524,-109.19077568866487,-77.65402050459373,44.60725785786387,46.647783016898714,0.010954606,
2024-08-07 01:15:00+00:00,55986.7825,56268.15,55948.1,56245.66,0.0,0.0,0.0,56718.3781664763,56209.67620000014,55700.97423352398,-89.58639004160068,-80.04049441199513,50.54328501673403,47.16718328354342,0.0,
2024-08-07 01:30:00+00:00,56173.84,56703.869,56173.84,56610.1175,0.0,0.0,0.0,56744.824053759454,56217.287625000135,55689.75119624082,-44.132368351834884,-72.85886919996308,56.18299945748142,48.36929210673516,0.0,
2024-08-07 01:45:00+00:00,56624.837,56995.0365,56624.837,56938.7455,0.001410754,2.0,56872.6584,56832.16292587178,56235.61765000013,55639.07237412848,18.19802890768915,-54.64748957843263,60.55124919035786,49.993553051218186,0.001410754,
2024-08-07 02:00:00+00:00,57008.865,57008.865,56741.235,56741.235,0.003438931,2.0,56880.327314,56898.35089767033,56263.03817500013,55627.725452329934,51.06917742831138,-33.50415617708383,56.880946067284256,50.91187212002699,0.003438931,
2024-08-07 02:15:00+00:00,56744.8755,57285.275,56616.126,57227.8515,0.000148911,1.0,57187.0,57065.8643445948,56304.691650000146,55543.518955405496,115.05935159770888,-3.7914546221252876,62.85489779981067,52.50427554399815,0.000148911,
2024-08-07 02:30:00+00:00,57180.775,57311.267,56735.095,56735.095,0.0001,1.0,57222.38,57105.20085362856,56321.80540000014,55538.40994637173,124.57467493159493,21.881771288618758,54.60489201832153,52.7843577405746,0.0001,
2024-08-07 02:45:00+00:00,56699.439,56848.682,56589.69,56812.6715,5.7677e-05,1.0,56790.084,57145.32473986538,56336.802475000135,55528.28021013489,136.79848466689873,44.865113964274755,55.593099400966715,53.15885662862688,5.7677e-05,
2024-08-07 03:00:00+00:00,56841.79,56963.2075,56789.7,56835.737,1.7592e-05,1.0,56841.79,57157.583222515255,56340.56132500013,55523.53942748501,146.65656939208566,65.22340504983694,55.90048971763518,53.524407707161316,1.7592e-05,sell
2024-08-07 03:15:00+00:00,56823.645,56823.645,56638.0145,56711.113,0.0,0.0,0.0,57194.81878562285,56372.89167500012,55550.9645643774,142.76732444011577,80.73218892789271,53.736129233901174,53.552637244059966,0.0,
2024-08-07 03:30:00+00:00,56752.744,56888.5,56672.66,56818.55,0.0003,1.0,56752.744,57243.717093159226,56403.263675000126,55562.810256841025,146.66369008242327,93.91848915879882,55.34142733425761,53.79114258941965,0.0003,
2024-08-07 03:45:00+00:00,56889.71,56937.7,56821.641,56886.8155,0.000729678,2.0,56934.657519,57297.93395083964,56437.48187500013,55577.02979916062,153.49069803485327,105.83293093400971,56.37718812808913,54.135948661242246,0.000729678,
2024-08-07 04:00:00+00:00,56885.6935,56971.37,56792.4,56971.37,0.003439844,2.0,56865.170421,57359.20263801263,56470.43537500013,55581.66811198763,163.835400014279,117.43342475006357,57.68623861241948,54.60932065473254,0.003439844,
2024-08-07 04:15:00+00:00,56978.139,57186.636,56978.139,57026.235,0.0002,2.0,57071.995,57411.630968886886,56523.70125000014,55635.77153111339,174.44984857349482,128.83670951474983,58.55530906757475,55.135452443111504,0.0002,
2024-08-07 04:30:00+00:00,57084.67,57280.275,57084.67,57209.8105,0.045827082,3.0,57209.781724,57482.47378589534,56586.215025000136,55689.956264104934,195.42217894241185,142.15380340028224,61.41118180785467,55.97221635841059,0.045827082,
2024-08-07 04:45:00+00:00,57257.557,57290.004,57075.473,57106.8775,5.6072e-05,1.0,57142.164,57529.44051339333,56637.65177500013,55745.86303660693,201.4152790440712,154.00609852904003,58.957959070676544,56.37031538671272,5.6072e-05,
2024-08-07 05:00:00+00:00,57120.11,57259.9,57035.2625,57203.55,0.005459586,4.0,57190.444892,57525.20499756034,56712.97352500013,55900.74205243993,211.52716340812185,165.5103115048564,60.55181673753069,56.92784890015511,0.005459586,
2024-08-07 05:15:00+00:00,57145.245,57194.545,56939.0335,57022.7,0.0,0.0,0.0,57505.59553464512,56767.557150000124,56029.518765355126,202.61223334111855,172.93069587210883,56.158088884590185,56.82521423141312,0.0,
2024-08-07 05:30:00+00:00,56965.9375,57168.2,56863.95,56863.95,0.0,0.0,0.0,57466.4095973882,56809.04115000012,56151.67270261204,180.65481253829057,174.47551920534517,52.55325311105491,56.25561941536536,0.0,
2024-08-07 05:45:00+00:00,56900.38,56900.38,56753.914,56860.661,0.001759718,2.0,56854.994048,57450.87248137105,56837.38110000013,56223.88971862921,161.1305903988905,171.80653344405422,52.47809323866919,55.751949258472536,0.001759718,
2024-08-07 06:00:00+00:00,56871.39,57023.918,56790.835,56857.425,0.008517376,3.0,56895.505944,57330.305334056466,56884.30852500013,56438.3117159438,143.73944666689204,166.1931160886218,52.3986903714702,55.30484807353889,0.008517376,buy
2024-08-07 06:15:00+00:00,56912.6525,56947.693,56750.65,56888.338,0.0,0.0,0.0,57252.911834019884,56916.44242500013,56579.97301598038,130.94184463565034,159.1428617980275,53.12829273965393,55.01464069568756,0.0,
2024-08-07 06:30:00+00:00,56954.745,57007.3005,56855.0565,56917.54,0.0,0.0,0.0,57237.59096295122,56931.81355000014,56626.03613704906,121.75252287743206,151.66479401390842,53.84793163619273,54.85907948775492,0.0,
2024-08-07 06:45:00+00:00,56916.309,56916.309,56770.35,56874.1075,4.479e-05,1.0,56909.601,57235.362406915636,56928.58165000014,56621.80089308464,109.70071782039304,143.27197877520535,52.55549603973198,54.55193502801853,4.479e-05,
2024-08-07 07:00:00+00:00,56901.115,56936.3025,56739.1415,56739.1415,0.00301552,2.0,56800.092197,57235.51467565261,56928.47697500013,56621.43927434765,88.24175126208138,132.26593327258055,48.64799533190256,53.7647430685364,0.00301552,
2024-08-07 07:15:00+00:00,56772.275,56780.021,56643.52,56745.196,0.0,0.0,0.0,57188.484919055,56904.34420000012,56620.203480945245,70.90654667922354,119.99405595390915,48.83178444732984,53.107015252375525,0.0,
2024-08-07 07:30:00+00:00,56783.94,56879.67,56751.2,56842.5465,0.0001,1.0,56879.67,57184.77172002408,56909.71677500012,56634.661829976154,64.28263372479705,108.85177150808673,51.81780992013499,52.93512120807679,0.0001,
2024-08-07 07:45:00+00:00,56823.7305,57119.739,56823.7305,56964.2,0.017560599,4.0,56999.271968,57189.57199315412,56917.29320000012,56645.014406846116,68.06494541321445,100.69440628911227,55.326270130910956,53.25394106445468,0.017560599,
2024-08-07 08:00:00+00:00,56978.4,57096.355,56941.576,57063.475,0.017410324,3.0,56988.947366,57205.376027342005,56928.68010000013,56651.98417265825,78.1719993524166,96.18992490177314,58.013121124468135,53.888498405789804,0.017410324,
2024-08-07 08:15:00+00:00,57062.81,57168.5495,56999.84,57168.5495,0.0001,1.0,57130.7,57228.15368186786,56951.55192500013,56674.9501681324,93.58179375660984,95.66829867274048,60.706829407958665,54.79760920607899,0.0001,
2024-08-07 08:30:00+00:00,57173.93,57190.17,57059.565,57070.584,0.064231984,2.0,57100.775861,57238.323545115054,56964.15362500013,56689.983704885206,96.77362363161228,95.88936366451483,57.032962563326926,55.095656320378716,0.064231984,
2024-08-07 08:45:00+00:00,57118.87,57472.5445,57118.87,57365.5545,0.003051738,4.0,57357.993287,57310.43438239921,56988.09057500013,56665.74676760106,121.70192198231962,101.0518753280758,64.08143419638833,56.29376003718,0.003051738,
2024-08-07 09:00:00+00:00,57410.344,57659.55,57259.744,57391.801,0.002920897,2.0,57307.616265,57376.097702151914,57009.11212500012,56642.12654784833,141.93946146527742,109.22939255551611,64.63731575452125,57.4062341328255,0.002920897,
2024-08-07 09:15:00+00:00,57360.696,57596.83,57307.46,57487.9775,0.001184402,1.0,57508.1,57454.51444435449,57032.19925000012,56609.88405564575,163.84973927710234,120.15346189983336,66.67269670906029,58.64176247632347,0.001184402,
2024-08-07 09:30:00+00:00,57450.1515,57643.5625,57450.1515,57572.405,0.003492402,1.0,57520.7,57528.96315149171,57050.32897500013,56571.69479850854,185.88363512082287,133.29949654403126,68.3925431850714,59.941866570823194,0.003492402,
2024-08-07 09:45:00+00:00,57545.55,57596.32,57355.595,57389.08,0.001041623,3.0,57538.355032,57565.043930825545,57064.439100000134,56563.834269174724,186.40411038161255,143.9204193115475,61.02807143472234,60.08669388600975,0.001041623,
2024-08-07 10:00:00+00:00,57408.1,57516.8105,57293.465,57489.994,0.00022044,2.0,57505.171373,57609.92391265173,57078.76130000013,56547.59868734853,192.73774643628713,153.68388473649543,63.36650791561852,60.524002423290916,0.00022044,sell
2024-08-07 10:15:00+00:00,57518.054,57584.21,57430.853,57583.383,0.062151355,3.0,57574.01453,57680.63349767848,57106.79545000013,56532.95740232178,202.95339010947646,163.53778581109162,65.43358650262262,61.17861363386848,0.062151355,
2024-08-07 10:30:00+00:00,57570.4065,57721.9535,57437.95,57437.95,0.002060098,3.0,57635.437286,57715.265429944564,57135.495450000126,56555.72547005569,197.04274751600315,170.23877815207393,59.77687777184493,60.991715518932004,0.002060098,
2024-08-07 10:45:00+00:00,57483.582,57542.2,57376.0005,57376.0005,2.5604e-05,1.0,57387.6,57735.665787174265,57161.262425000124,56586.859062825984,185.2245603272022,173.2359345870996,57.49671601128211,60.525715584578684,2.5604e-05,
2024-08-07 11:00:00+00:00,57402.3,57402.3,57170.3505,57362.0365,1.742e-05,1.0,57402.3,57749.51298587256,57186.49300000012,56623.473014127674,172.7405383379446,173.1368553372686,56.969207674159236,60.05151452985609,1.742e-05,
2024-08-07 11:15:00+00:00,57329.635,57363.83,57162.3385,57162.3385,0.010200093,2.0,57228.92874,57746.61607440247,57200.193025000124,56653.76997559778,145.0607314992085,167.52163056965657,49.916171453988234,58.70013545307371,0.010200093,
2024-08-07 11:30:00+00:00,57225.395,57225.395,56927.495,56927.495,0.0052,1.0,57071.960298,57746.100211989076,57200.69077500013,56655.28133801118,102.98720498453622,154.6147454526325,43.15049494780734,56.62685005237153,0.0052,
2024-08-07 11:45:00+00:00,57058.4775,57076.225,56866.4,56995.22,0.920043303,4.0,56890.460023,57740.07284070218,57206.746400000135,56673.41995929809,74.25253657578287,138.54230367726257,45.44687998048562,55.13618737612008,0.920043303,
2024-08-07 12:00:00+00:00,57020.961,57086.866,56896.27,56983.845,0.437657798,4.0,56963.63543,57719.02600567185,57218.981575000136,56718.937144328425,49.986029570907704,120.8310488559916,45.117234168366274,53.80032694841957,0.437657798,
2024-08-07 12:15:00+00:00,57023.5,57331.05,56991.3905,57142.8375,0.000810819,2.0,57205.1592,57691.33273716244,57238.86365000013,56786.39456283782,43.08733001357177,105.28230508750764,50.51962935551487,53.36290060269894,0.000810819,
2024-08-07 12:30:00+00:00,57228.587,57254.4645,57017.4595,57116.445,0.000136235,1.0,57138.7,57671.55962446392,57252.558575000134,56833.55752553635,35.08595765368227,91.24303560074256,49.64600794719811,52.867314915298834,0.000136235,
2024-08-07 12:45:00+00:00,57087.55,57353.6,57087.55,57321.7715,0.001669545,2.0,57242.204289,57668.697439147436,57270.43715000014,56872.17686085285,44.79655813919089,81.95374010843223,56.018154022915155,53.28742679631434,0.001669545,
2024-08-07 13:00:00+00:00,57350.743,57473.55,57090.315,57160.25,1.7436e-05,1.0,57350.743,57665.633657969476,57275.27590000014,56884.9181420308,39.009170392637316,73.36482616527324,50.59412591357157,52.92832001194864,1.7436e-05,
2024-08-07 13:15:00+00:00,57187.1775,57200.361,57066.9935,57172.2745,0.001701106,1.0,57200.361,57665.6195454697,57275.46215000014,56885.304754530574,34.9895626665093,65.68977346552046,50.97469613533189,52.66783682839974,0.001701106,
2024-08-07 13:30:00+00:00,57371.7765,57501.15,57095.2,57165.267,0.279466286,6.0,57165.318055,57662.51387412124,57280.19630000014,56897.87872587904,30.882553050119895,58.72832938244035,50.7294528320108,52.40938562888122,0.279466286,
2024-08-07 13:45:00+00:00,57133.8165,57133.8165,56794.315,56857.35,0.004496684,3.0,56872.199719,57676.55212812108,57254.78607500014,56833.0200218792,2.7496930595007143,47.53260211785242,41.3218757944477,50.93105098429008,0.004496684,
2024-08-07 14:00:00+00:00,56902.23,56987.5195,56609.255,56734.085,0.008298038,3.0,56688.322851,57695.22046701349,57221.90027500014,56748.58008298679,-29.1561624096139,32.19484921235915,38.262833185046816,49.241955277724315,0.008298038,
2024-08-07 14:15:00+00:00,56693.801,56693.801,56180.77,56193.65,0.346630656,7.0,56327.380549,57793.249521672034,57157.183900000135,56521.118278328235,-96.93298749328096,6.369281871231129,28.352551193420627,46.456701399817156,0.346630656,
2024-08-07 14:30:00+00:00,56217.5525,56326.29,55710.3355,55940.295,0.032683241,5.0,56285.537477,57875.34314738839,57075.57840000013,56275.81365261187,-169.14049446774152,-28.732673396563403,25.073858223962585,43.60565564303655,0.032683241,
2024-08-07 14:45:00+00:00,55979.6,56420.98,55979.6,56123.306,0.005282271,2.0,56227.661511,57898.4667179238,57012.289700000125,56126.11268207645,-209.1866324737348,-64.82346521199769,31.257787447482137,41.95927321696263,0.005282271,
2024-08-07 15:00:00+00:00,56165.0,56363.27,55972.2605,56197.909,0.010617804,3.0,56073.338438,57872.68154506363,56947.68545000013,56022.68935493663,-232.22668210836127,-98.3041085912704,33.66138269808873,40.852887814446106,0.010617804,
2024-08-07 15:15:00+00:00,56159.65,56195.203,56007.133,56091.295,0.019866264,1.0,56081.5,57821.349553874104,56873.08105000013,55924.81254612616,-256.1363656442263,-129.8705600018616,31.94248826951871,39.66483454178912,0.019866264,
2024-08-07 15:30:00+00:00,56084.474,56123.595,55897.9095,55979.1825,0.000399754,1.0,55984.1,57787.0209180731,56800.14267500014,55813.26443192718,-280.89353803678387,-160.07515560884605,30.196283274976167,38.402361039547394,0.000399754,
2024-08-07 15:45:00+00:00,55841.5375,56194.0505,55840.0455,56108.875,0.010434267,3.0,56022.217651,57730.3257042564,56736.786400000135,55743.24709574387,-286.74327665731835,-185.4087798185405,34.64707258713103,37.901655912558546,0.010434267,
2024-08-07 16:00:00+00:00,56083.35,56233.98,55940.91,56066.497,0.019238522,6.0,56211.371004,57662.971665240875,56672.009425000135,55681.047184759394,-291.4392567542309,-206.61487520567857,33.886748641485546,37.366334943082144,0.019238522,
2024-08-07 16:15:00+00:00,56152.6,56269.0135,55982.67,56231.8605,0.0,0.0,0.0,57607.325615532696,56625.48552500013,55643.64543446756,-278.6058080352377,-221.0130617715904,39.46881718887105,37.646665909187334,0.0,
2024-08-07 16:30:00+00:00,56099.5435,56151.615,56037.983,56146.0945,0.0,0.0,0.0,57579.20213485055,56586.41550000012,55593.62886514969,-272.21784897580073,-231.25401921243247,37.691322901620374,37.652620174845076,0.0,
2024-08-07 16:45:00+00:00,56152.0065,56220.713,55845.88,56185.45,0.021879403,3.0,55905.763593,57534.763928115,56545.92700000012,55557.09007188524,-260.9713699522981,-237.1974893604056,39.04781828304366,37.838646589271555,0.021879403,
2024-08-07 17:00:00+00:00,56152.381,56283.111,55923.715,55975.6165,0.003582212,3.0,56172.999336,57492.67634521617,56495.51557500012,55498.354804784074,-265.92484798286023,-242.94296108489652,34.70904882129156,37.421366886874225,0.003582212,
2024-08-07 17:15:00+00:00,55998.039,55998.039,55506.05,55737.75,0.01,1.0,55583.126551,57428.06900374183,56425.261200000125,55422.45339625842,-285.7504008787946,-251.50444904367615,30.56321425538513,36.50694653600901,0.01,
2024-08-07 17:30:00+00:00,55785.506,55948.2,55759.52,55834.855,0.000678489,1.0,55930.87,57342.694638829664,56361.18170000012,55379.66876117057,-290.28055883568595,-259.2596710020781,34.02758704065067,36.17636526996123,0.000678489,
2024-08-07 17:45:00+00:00,55856.567,55882.485,55513.555,55604.784,2.118103068,9.0,55816.176017,57204.72359442201,56275.33232500012,55345.94105557823,-308.8750294989368,-269.18274270144985,30.184941552459303,35.377508774294306,2.118103068,
2024-08-07 18:00:00+00:00,55623.118,55623.118,55213.1,55280.47,0.004608506,4.0,55318.342961,57113.95618896363,56181.34332500012,55248.730461036605,-345.7946058932357,-284.50511533980705,25.76759430857892,34.09618684553225,0.004608506,
2024-08-07 18:15:00+00:00,55307.775,55379.615,54963.371,55029.6355,0.005797433,4.0,55242.592483,57019.06850668925,56074.211375000115,55129.35424331098,-390.78911040849925,-305.7619143535455,22.967968198616575,32.61242435927683,0.005797433,
2024-08-07 18:30:00+00:00,54993.0895,55053.9,54714.4765,54796.4535,0.01772222,5.0,54824.528226,56917.58917943286,55955.770700000125,54993.952220567386,-440.1891910354607,-332.6473696899285,20.714773191240248,31.026070870205285,0.01772222,
2024-08-07 18:45:00+00:00,54900.306,54900.306,54668.86,54788.3,0.002027135,3.0,54789.105423,56848.46760073759,55852.31820000012,54856.16879926265,-474.52697852341953,-361.0232914566267,20.638532163049238,29.641065709251144,0.002027135,
2024-08-07 19:00:00+00:00,54816.025,55130.419,54816.025,55064.92,0.006540429,3.0,55073.444586,56734.75288287408,55768.859950000115,54802.967017126146,-473.95553591685166,-383.60974034867166,30.045476030253347,29.69498708538477,0.006540429,
2024-08-07 19:15:00+00:00,55037.03,55110.8085,54906.5345,54962.8115,0.008851632,1.0,54963.83,56713.12766259305,55707.318025000124,54701.5083874072,-476.2520291918554,-402.13819811730843,28.693451249061514,29.561448973875002,0.008851632,
2024-08-07 19:30:00+00:00,54909.44,54986.509,54742.966,54870.7555,0.1931214,2.0,54877.834068,56716.538371500515,55653.84105000013,54591.14372849974,-479.967401083195,-417.70403871048575,27.492316358600583,29.285564625171748,0.1931214,
2024-08-07 19:45:00+00:00,54843.158,55014.81,54740.134,54785.7925,0.017703444,4.0,54814.08762,56690.622188811736,55586.96537500012,54483.30856118851,-484.18626622787997,-431.00048421396457,26.3941233897657,28.90003912711761,0.017703444,
2024-08-07 20:00:00+00:00,54779.867,55086.587,54721.917,54914.025,0.058277999,3.0,54785.410782,56626.17232983716,55522.77117500012,54419.37002016308,-471.7444794753901,-439.14928326624965,30.881714090109842,29.164262455516575,0.058277999,
2024-08-07 20:15:00+00:00,54934.654,55229.35,54911.1795,55146.546,0.010613656,2.0,55006.818962,56558.231194428474,55475.533725000125,54392.836255571776,-438.0719516268582,-438.93381693837136,38.23515886097181,30.37371530957727,0.010613656,
2024-08-07 20:30:00+00:00,55143.105,55247.421,54945.6,55029.7205,0.002066521,2.0,55082.696163,56501.48342055566,55428.06062500012,54354.63782944458,-416.0174816415238,-434.35054987900185,36.15395855466625,31.14441440892247,0.002066521,
2024-08-07 20:45:00+00:00,55000.449,55153.655,54664.695,55153.655,0.003533082,1.0,55081.6,56412.51573236258,55380.29962500012,54348.083517637664,-384.11088570837455,-424.3026170448764,39.89182498689371,32.31073581931864,0.003533082,
2024-08-07 21:00:00+00:00,55172.286,55288.655,55092.007,55105.38,1.8112e-05,1.0,55210.672,56320.7656138959,55332.24377500012,54343.72193610434,-358.5865055817412,-411.15939475224934,38.93561862458665,33.1940535266877,1.8112e-05,
2024-08-07 21:15:00+00:00,54889.0855,55267.8825,54889.0855,55113.3525,0.0,0.0,0.0,56177.64265192978,55276.318375000126,54374.99409807047,-333.8663330542404,-395.7007824126475,39.19483659905573,33.99415793633678,0.0,
2024-08-07 21:30:00+00:00,55138.135,55530.3905,55138.135,55530.3905,0.0032,2.0,55183.28125,56064.19242367607,55245.53317500013,54426.87392632419,-277.4259433753832,-372.04581460519466,50.92934260993627,36.25218255948337,0.0032,
2024-08-07 21:45:00+00:00,55394.673,55507.915,55278.205,55454.1,0.000351657,1.0,55340.1,55913.8525692801,55208.96567500014,54504.07878072018,-236.13056749165844,-344.8627651824874,49.06396603634728,37.96042035639856,0.000351657,
2024-08-07 22:00:00+00:00,55474.3,55474.3,55034.6,55034.6,1.8026e-05,1.0,55474.3,55775.543722711474,55161.91485000014,54548.285977288804,-234.55008134353557,-322.800228414697,40.31906188120185,38.274905893039,1.8026e-05,
2024-08-07 22:15:00+00:00,55056.981,55089.206,54607.0865,54834.015,0.0,0.0,0.0,55685.55097423399,55116.72810000014,54547.905225766284,-246.6399559415222,-307.56817392006207,36.9296899013101,38.095543760808475,0.0,
2024-08-07 22:30:00+00:00,54797.942,55212.7,54797.942,55170.63,0.0,0.0,0.0,55548.90630821181,55083.51685000013,54618.127391788454,-226.44888953320333,-291.3443170426903,45.247890142051986,39.04918994497427,0.0,
2024-08-07 22:45:00+00:00,55164.73,55321.45,55164.73,55312.117,0.0,0.0,0.0,55483.41760652073,55068.883500000135,54654.34939347954,-196.762351583282,-272.42792395080863,48.332428734883436,40.28695511696216,0.0,
2024-08-07 23:00:00+00:00,55269.55,55419.208,55236.7605,55381.64,0.0,0.0,0.0,55500.96158742054,55073.942000000134,54646.92241257973,-165.71536770134117,-251.08541270091513,49.82813476822953,41.55911240379781,0.0,
2024-08-07 23:15:00+00:00,55354.595,55437.78,55186.105,55186.105,0.006550119,1.0,55384.42,55510.979169466365,55081.76547500014,54652.55178053391,-155.1005470792952,-231.88843957659114,45.81132098812691,42.126073548375025,0.006550119,
2024-08-07 23:30:00+00:00,55166.63,55166.63,55011.8335,55060.27,0.0003,1.0,55068.6,55504.02870255928,55094.956300000136,54685.883897440995,-155.05468423206185,-216.52168850768527,43.38732670604461,42.2942406360643,0.0003,
2024-08-07 23:45:00+00:00,55092.82,55157.87,55006.3355,55101.9695,0.0001,1.0,55131.28,55494.77329959325,55110.63977500013,54726.506250407,-149.92529101292166,-203.20240900873256,44.43653608955447,42.57988002986299,0.0001,
2024-08-08 00:00:00+00:00,55090.5125,55355.1115,55090.5125,55097.072,0.0001,1.0,55244.1,55495.87086820791,55112.24737500013,54728.62388179235,-144.58866907755146,-191.47966102249634,44.33261584956226,42.81357813915623,0.0001,
2024-08-08 00:15:00+00:00,55127.429,55293.595,54934.7035,54959.2635,0.0,0.0,0.0,55495.9728998565,55112.06997500013,54728.16705014376,-149.75309156035655,-183.1343471300684,41.398793123825236,42.6249401371121,0.0,
2024-08-08 00:30:00+00:00,55018.614,55018.614,54740.01,54994.7615,0.0,0.0,0.0,55490.20225981083,55118.27027500013,54746.33829018944,-149.26095428550616,-176.35966856115596,42.45519507749036,42.602307462495865,0.0,
2024-08-08 00:45:00+00:00,55076.095,55248.1,55044.77,55248.1,0.0,0.0,0.0,55484.10853572617,55141.38565000014,54798.662764274115,-126.96505808115762,-166.4807464651563,49.45778790188672,43.51637152108131,0.0,
2024-08-08 01:00:00+00:00,55300.64,55910.993,55300.64,55873.85,0.016361702,2.0,55646.530928,55642.3764230322,55189.376900000134,54736.37737696807,-58.13248916799057,-144.81109500572316,61.81735175889861,45.95650221945695,0.016361702,
2024-08-08 01:15:00+00:00,55852.186,55939.6865,55610.558,55610.558,0.0,0.0,0.0,55700.60137555154,55212.57750000013,54724.55362444872,-24.54471022841608,-120.75781805026175,55.65080742545319,47.24907624692312,0.0,
2024-08-08 01:30:00+00:00,55607.3535,57186.0,55607.3535,57186.0,0.004075582,6.0,56502.595578,56302.15714281498,55320.39147500013,54338.62580718528,127.72649788924173,-71.06095486236106,73.00402272574898,50.68306911076657,0.004075582,
2024-08-08 01:45:00+00:00,57243.0525,57243.0525,56591.05,56914.061,0.0,0.0,0.0,56606.439251403346,55408.411775000124,54210.3842985969,223.87858974336996,-12.073045941214845,68.05405884176214,52.99920107489931,0.0,
2024-08-08 02:00:00+00:00,56857.46,57199.96,56857.46,57199.96,0.0,0.0,0.0,56932.63383155893,55513.14077500013,54093.64771844133,319.46686011633574,54.234935270295274,70.33164360856976,55.310193412722036,0.0,
2024-08-08 02:15:00+00:00,57210.51,57618.3005,57154.9615,57618.3005,0.001349505,1.0,57382.0,57313.67509173461,55638.388175000124,53963.10125826564,424.08919889725075,128.20578799568636,73.32814225856686,57.71258659216801,0.001349505,
2024-08-08 02:30:00+00:00,57578.195,57578.195,57299.4365,57299.4365,0.0,0.0,0.0,57550.23692775329,55726.84047500013,53903.444022246964,475.7888979546915,197.7224099874874,67.71428747848371,59.046146710343436,0.0,
2024-08-08 02:45:00+00:00,57325.425,57419.135,57320.376,57351.6475,0.0,0.0,0.0,57771.56139734666,55821.71785000012,53871.874302653574,515.0372445329704,261.185376896584,68.14433687889473,60.25923873281694,0.0,
2024-08-08 03:00:00+00:00,57424.872,57639.624,57389.7075,57411.9345,1.7414e-05,1.0,57424.872,57972.14052124177,55940.58457500012,53909.02862875847,544.7272226836722,317.8937460540016,68.66338355955122,61.37979137638151,1.7414e-05,
2024-08-08 03:15:00+00:00,57607.6585,57607.6585,57469.513,57551.1865,0.0,0.0,0.0,58156.65896101641,56076.44315000012,53996.22733898384,572.8893055916706,368.8928579615354,69.88400079174369,62.51368596509647,0.0,
2024-08-08 03:30:00+00:00,57507.01,57507.01,57292.4465,57292.4465,0.0,0.0,0.0,58283.46474603996,56182.53397500013,54081.6032039603,567.7847345869232,408.67123328661296,64.83091834530022,62.82265028245697,0.0,
2024-08-08 03:45:00+00:00,57352.5,57352.5,57120.4115,57120.4115,0.0,0.0,0.0,58371.90284981419,56272.948700000125,54173.99455018606,543.5913557702443,435.6552577833392,61.639556482725325,62.66490444249275,0.0,
2024-08-08 04:00:00+00:00,57125.3,57188.58,56899.332,57188.58,0.00854333,1.0,56947.3,58456.55824854699,56363.29570000013,54270.03315145327,523.8795990817307,453.3001260430175,62.42878136393612,62.633421365351865,0.00854333,
2024-08-08 04:15:00+00:00,57194.7465,57225.018,57013.0,57013.0,0.001927289,2.0,57157.95034,58493.17918899715,56454.64045000014,54416.101711003124,488.45939541886037,460.33197991818605,59.058431046390325,62.15675598949033,0.001927289,
2024-08-08 04:30:00+00:00,56983.17,57016.622,56848.41,56881.516,0.0,0.0,0.0,58487.36739075015,56545.702750000135,54604.03810925012,444.65328262979165,457.19624046050717,56.59439990419125,61.41510851145045,0.0,
2024-08-08 04:45:00+00:00,56855.2,56943.454,56712.9745,56793.378,0.004281166,1.0,56820.92,58456.977424861085,56630.27317500014,54803.568925139196,398.2340286482722,445.4037980980602,54.93967671239781,60.551717604910095,0.004281166,
2024-08-08 05:00:00+00:00,56800.6055,56963.3715,56800.6055,56802.58,0.048973363,3.0,56930.125758,58401.833723146425,56715.54857500015,55029.26342685388,358.0614504160403,427.9353285616562,55.087323686382874,59.823131749106466,0.048973363,
2024-08-08 05:15:00+00:00,56955.2575,56977.0,56919.985,56977.0,0.0,0.0,0.0,58299.543255694094,56816.43540000015,55333.3275443062,336.4205819957351,409.632379248472,57.90298422349579,59.567112079025044,0.0,
2024-08-08 05:30:00+00:00,57020.11,57020.11,56872.69,56970.595,0.0,0.0,0.0,58140.6346024348,56915.22707500014,55689.81954756548,315.1206926978266,390.7300419383429,57.75978375039281,59.32613496854075,0.0,
2024-08-08 05:45:00+00:00,56962.09,56999.736,56913.49,56999.736,0.0,0.0,0.0,57960.15266714996,57002.80887500014,56045.46508285032,297.1662644137323,372.01728643342074,58.265502084868345,59.18471725071776,0.0,
2024-08-08 06:00:00+00:00,57002.101,57002.101,56850.181,56962.625,0.0,0.0,0.0,57863.51442131339,57057.247625000135,56250.98082868688,276.75247285880323,352.9643237184972,57.324254508081594,58.9366555516996,0.0,
2024-08-08 06:15:00+00:00,57026.37,57154.6545,57026.37,57149.195,0.0,0.0,0.0,57591.8920468105,57134.17947500014,56676.46690318979,272.4879641150983,336.8690517978174,60.75654074301586,59.17930691054177,0.0,
2024-08-08 06:30:00+00:00,57120.64,57160.0,57081.12,57153.7,0.0,0.0,0.0,57589.76191846807,57132.56447500014,56675.3670315322,266.4009220610242,322.77542585045876,60.83844377721235,59.400525159431176,0.0,
2024-08-08 06:45:00+00:00,57203.3145,57367.553,57119.1265,57254.572,0.0,0.0,0.0,57598.25297022454,57149.590025000136,56700.927079775734,266.6427333057145,311.5488873415099,62.71485928850744,59.842436376641345,0.0,
2024-08-08 07:00:00+00:00,57339.3815,57339.3815,57207.0685,57298.267,0.0,0.0,0.0,57607.40198290944,57154.50537500014,56701.60876709084,267.2791639583229,302.6949426648725,63.530033133411365,60.33411594421068,0.0,
2024-08-08 07:15:00+00:00,57381.92,57448.335,57336.365,57406.1115,0.0,0.0,0.0,57561.39447657079,57143.89592500015,56726.39737342951,273.33485562109854,296.8229252561177,65.53297868715346,61.02729764326972,0.0,
2024-08-08 07:30:00+00:00,57356.642,57406.15,57257.6075,57362.162,0.0,0.0,0.0,57570.063094249395,57147.03220000015,56724.0013057509,271.4584732415533,291.7500348532048,63.99060151617335,61.422404826323536,0.0,
2024-08-08 07:45:00+00:00,57329.225,57362.0315,57214.873,57214.873,0.0,0.0,0.0,57554.095704378975,57140.19347500014,56726.2912456213,255.1452793744902,284.42908375746185,58.98056738560143,61.096826500893926,0.0,
2024-08-08 08:00:00+00:00,57245.44,57302.098,57153.395,57211.83,1.7468e-05,1.0,57245.44,57526.63794262434,57130.188250000145,56733.73855737595,239.21390207835793,275.3860474216411,58.87800363591581,60.80098345223018,1.7468e-05,
2024-08-08 08:15:00+00:00,57241.015,57338.19,57223.455,57250.345,0.008491869,1.0,57292.4,57466.86612938901,57115.14617500014,56763.42622061127,227.07839106767642,265.72451615084816,59.83013730850578,60.67153729973359,0.008491869,
2024-08-08 08:30:00+00:00,57276.7945,57362.9015,57210.949,57362.9015,0.010939564,2.0,57214.054582,57478.73384471917,57118.66892500014,56758.6040052811,223.96159023517248,257.371930967713,62.55850136088893,60.92313250788764,0.010939564,
2024-08-08 08:45:00+00:00,57395.5765,57395.5765,57227.895,57227.895,0.0,0.0,0.0,57487.24645786054,57124.04310000014,56760.83974213974,208.1976341386544,247.5370716019013,57.512653425280014,60.468401963539954,0.0,buy
2024-08-08 09:00:00+00:00,57262.8935,57289.81,57007.85,57133.4975,0.051378124,1.0,57245.696,57483.32656032807,57121.288975000134,56759.2513896722,185.94404877370107,235.21846703626125,54.21962964963537,59.63523232168601,0.051378124,sell
2024-08-08 09:15:00+00:00,57101.305,57224.451,57101.305,57180.243,5.0743e-05,1.0,57197.4,57489.0135130845,57129.651125000135,56770.28873691577,170.1188688008915,222.1985473891873,55.57610557386764,59.0940154219769,5.0743e-05,
2024-08-08 09:30:00+00:00,57209.4905,57260.46,57191.27,57260.46,0.000109475,2.0,57255.457035,57493.291412723396,57148.59832500013,56803.905237276864,162.1806238785939,210.19496268706862,57.88236447750332,58.93246196271375,0.000109475,
2024-08-08 09:45:00+00:00,57305.4895,57436.1875,57305.4895,57387.9,0.0,0.0,0.0,57496.908045284115,57178.32442500013,56859.740804716144,164.27914282689744,201.0117987150344,61.31812568243945,59.25055045867718,0.0,
2024-08-08 10:00:00+00:00,57415.419,57446.82,57235.7755,57285.8555,0.0,0.0,0.0,57473.1093057177,57202.48820000012,56931.86709428255,155.91085262597335,191.99160949722219,57.288237695520195,58.98890875692292,0.0,
2024-08-08 10:15:00+00:00,57354.684,57557.0505,57311.6,57529.132,0.001873779,4.0,57446.662586,57515.32722129001,57230.09480000012,56944.86237871023,166.9844104158401,186.99016968094577,63.45463675647339,59.58433915686298,0.001873779,
2024-08-08 10:30:00+00:00,57499.1525,57499.1525,57424.375,57424.375,0.0012,1.0,57451.016,57523.6699407537,57252.78380000013,56981.897659246555,165.4006347763716,182.67226270003093,59.47291473972793,59.56948256791164,0.0012,
2024-08-08 10:45:00+00:00,57472.6225,57507.56,57368.2,57409.195,0.001016253,1.0,57448.588,57525.821572180044,57273.25675000013,57020.69192782022,161.06393722663051,178.35059760535086,58.896190531518386,59.47971029639254,0.001016253,
2024-08-08 11:00:00+00:00,57372.345,57464.295,57339.424,57464.295,0.0,0.0,0.0,57520.31540016106,57298.340250000125,57076.36509983919,160.22619484746974,174.72571705377464,60.39738625497368,59.60206709087002,0.0,
2024-08-08 11:15:00+00:00,57520.73,57526.88,57410.4,57526.88,0.508577489,2.0,57412.499419,57549.267017757586,57317.22450000011,57085.18198224264,162.73644005072856,172.32786165316543,62.09094977238265,59.933918115071705,0.508577489,
2024-08-08 11:30:00+00:00,57530.587,57669.2,57278.99,57304.975,6.3808e-05,1.0,57358.69,57544.55368499475,57324.78825000012,57105.02281500549,145.1467866908788,166.8916466607081,53.37530495113846,59.05943635988061,6.3808e-05,
2024-08-08 11:45:00+00:00,57362.965,57571.785,57362.965,57369.9935,0.0,0.0,0.0,57548.70208503976,57330.55932500013,57112.416564960506,134.8982857771407,160.4929744839946,55.35281999133974,58.56522084407516,0.0,
2024-08-08 12:00:00+00:00,57385.395,57448.2505,57237.1605,57287.47,0.0,0.0,0.0,57548.53235137576,57330.01947500013,57111.5065986245,118.74845986720902,152.14407156063749,52.319668174704915,57.732480488159126,0.0,
2024-08-08 12:15:00+00:00,57239.3,57330.82,57137.65,57163.173,2.3531e-05,1.0,57239.3,57544.95675461331,57317.87255000013,57090.78834538695,94.82677335808694,140.68061192012738,48.04890415348883,56.441336976869756,2.3531e-05,
2024-08-08 12:30:00+00:00,57459.029,58487.75,57436.92,58040.37,0.003144292,5.0,58127.772757,57740.33896532147,57351.78295000014,56963.22693467881,144.97989334828162,141.54046820575823,67.93905531329352,57.97436608839293,0.003144292,
2024-08-08 12:45:00+00:00,58072.0,58144.25,57827.83,57930.65,0.002517232,1.0,57982.667,57844.86924733549,57387.571800000136,56930.27435266478,173.8688632169724,148.00614720800107,64.60711609066382,58.85873275536238,0.002517232,
2024-08-08 13:00:00+00:00,57981.4,58011.235,57813.1165,57988.3075,1.7246e-05,1.0,57981.4,57945.1359013724,57426.39567500014,56907.65544862788,199.12071866148472,158.2290614986978,65.5628981073183,59.752621468956505,1.7246e-05,
2024-08-08 13:15:00+00:00,58008.4,58237.55,57782.442,57853.817,4.2921e-05,1.0,58008.4,58000.433842410595,57456.56927500015,56912.7047075897,205.9071670164485,167.76468260224794,61.39788117623374,59.9719894299268,4.2921e-05,
2024-08-08 13:30:00+00:00,57820.987,57853.075,57433.596,57488.8,0.00093655,5.0,57552.504166,58005.15858211443,57462.86420000015,56920.569817885866,179.75949929437775,170.16364594067392,51.78284911067792,58.88010405402695,0.00093655,
2024-08-08 13:45:00+00:00,57420.74,57501.349,56756.977,57185.855,0.210141679,5.0,56774.977282,58006.99496873733,57460.76220000015,56914.52943126297,133.05834083070658,162.74258491868045,45.42477586173459,57.08606029505464,0.210141679,
2024-08-08 14:00:00+00:00,57269.1005,57547.4845,57245.461,57528.4145,0.003,1.0,57468.29,58006.15581537549,57480.50805000014,56954.860284624796,122.27946350639832,154.64996063622402,52.52342735448252,56.47770923631169,0.003,
2024-08-08 14:15:00+00:00,57548.244,58244.895,57485.2,58215.55,0.00217783,3.0,57867.227963,58128.60592552672,57532.273400000144,56935.94087447357,167.25520391035388,157.17100929104998,62.93722835852991,57.33897845260745,0.00217783,
2024-08-08 14:30:00+00:00,58210.7025,58528.045,58136.85,58348.65,0.031905216,6.0,58353.500292,58266.600947976374,57586.682900000145,56906.764852023916,211.2042289686069,167.97765322656136,64.55888049757571,58.30163205860322,0.031905216,
2024-08-08 14:45:00+00:00,58319.8705,59032.454,58279.7055,58975.0165,0.016497288,5.0,58809.713192,58568.640670947054,57666.038725000144,56763.436779053234,293.19689841346553,193.02150226394218,70.99140743939421,59.99360210937535,0.016497288,
2024-08-08 15:00:00+00:00,58942.4555,59228.0,58802.14,58839.5325,0.126439213,3.0,58856.852241,58762.084407407885,57743.72257500014,56725.36074259239,343.28705369461386,223.07461255007652,68.11175277068877,61.07602219755047,0.126439213,
2024-08-08 15:15:00+00:00,58792.24,59031.6,58716.7695,58907.03,0.048155445,3.0,59007.797018,58943.77696983597,57812.61747500014,56681.457980164305,384.0037901263422,255.26044806532965,68.79095555242333,62.10467997820019,0.048155445,
2024-08-08 15:30:00+00:00,58940.27,59418.196,58940.27,59170.42,0.121120945,6.0,59293.264875,59159.92534674934,57899.91972500014,56639.914103250936,432.5394236255379,290.7162431773713,71.35493694006213,63.33804757311511,0.121120945,
2024-08-08 15:45:00+00:00,59226.8175,59519.155,59179.656,59452.335,0.007190076,3.0,59354.598964,59409.09713789766,58002.07672500013,56595.0563121026,488.1256387759058,330.1981222970782,73.8328934746667,64.73736035998866,0.007190076,
2024-08-08 16:00:00+00:00,59472.55,59850.1125,59416.9425,59770.5915,0.128597514,11.0,59670.461868,59696.69629322709,58117.39155000014,56538.086806773186,551.5013898051038,374.45877579868335,76.3229814831561,66.28210984307765,0.128597514,
2024-08-08 16:15:00+00:00,59838.5295,59878.2485,59580.795,59654.858,0.088178904,4.0,59788.94469,59912.559352819386,58223.790450000146,56535.021547180906,585.6375378786324,416.69452821467314,73.58083777638376,67.25527356751846,0.088178904,
2024-08-08 16:30:00+00:00,59610.53,59664.69,59422.435,59425.313,0.004552669,4.0,59578.206908,60040.61680642284,58329.80735000015,56618.997893577456,587.3971691285042,450.83505639743936,68.33660774046548,67.39945145724472,0.004552669,
2024-08-08 16:45:00+00:00,59440.1,59702.2,59409.71,59667.5925,0.07264361,4.0,59577.723103,60190.47213230946,58444.68730000014,56698.90246769082,601.408952368387,480.94983559162887,70.70949638980127,67.8407907815856,0.07264361,
2024-08-08 17:00:00+00:00,59677.5715,59677.5715,59350.2,59600.7695,0.038552427,2.0,59404.505261,60290.59097809916,58560.35227500014,56830.11357190113,600.2025722586914,504.8003829250414,69.1698161954669,68.01799417010311,0.038552427,
2024-08-08 17:15:00+00:00,59529.91,59854.927,59486.122,59810.3105,0.014749866,3.0,59719.706613,60379.632304093306,58692.70915000014,57005.785995906976,609.1330086712187,525.6669080742769,71.2815605518769,68.45313635433962,0.014749866,
2024-08-08 17:30:00+00:00,59645.105,59662.6595,59539.4035,59555.684,0.960322294,3.0,59586.27554,60467.46979044499,58768.47485000013,57069.479909555266,588.8760171577233,538.3087298909661,65.41774786836385,68.04841788954285,0.960322294,
2024-08-08 17:45:00+00:00,59578.9325,59655.9245,59485.168,59485.168,0.0272567,2.0,59621.983162,60526.90246771433,58846.200750000135,57165.49903228594,560.6691090812456,542.780805729022,63.851210438171,67.48879022935994,0.0272567,
2024-08-08 18:00:00+00:00,59487.3,59551.919,59418.3,59500.7,1.007394754,5.0,59511.135056,60577.224446869855,58921.82037500013,57266.4163031304,533.4193080631376,540.9085061958451,64.05538583573161,67.03100297687615,1.007394754,
2024-08-08 18:15:00+00:00,59462.075,59644.41,59409.0,59583.3345,0.044032454,4.0,59484.817144,60611.36963542171,59008.29625000013,57405.22286457855,512.5828222733035,535.2433694113367,65.18214316233362,66.78448833493715,0.044032454,
2024-08-08 18:30:00+00:00,59620.505,59711.8495,59544.925,59547.5705,0.005,1.0,59703.061,60568.577731178375,59111.23477500012,57653.89181882187,487.5635718992271,525.7074099089148,64.24351149649425,66.44569142314477,0.005,
2024-08-08 18:45:00+00:00,59524.0245,59524.0245,59367.42,59380.25,0.0002,2.0,59416.2,60382.31199814172,59220.954525000125,58059.59705185853,449.05781081527675,510.37749009018717,59.89775991046442,65.57263388812072,0.0002,
2024-08-08 19:00:00+00:00,59381.3615,59701.165,59346.39,59679.735,0.024539502,2.0,59621.793459,60206.943534150196,59328.52055000013,58450.09756585007,437.66255286271917,495.83450264469354,64.52355438003109,65.43275662037543,0.024539502,
2024-08-08 19:15:00+00:00,59705.1,59868.98,59686.835,59686.835,0.012981389,3.0,59749.59523,60128.66397913654,59402.08480000013,58675.50562086372,424.3134185367817,481.53028582311117,64.62772581327864,65.32541917942919,0.012981389,
2024-08-08 19:30:00+00:00,59711.798,59807.1575,59592.26,59807.1575,0.000187749,1.0,59704.0,60038.496346224536,59475.010175000134,58911.52400377573,418.61759057729796,468.94774677394855,66.42689981161357,65.47228326372044,0.000187749,
2024-08-08 19:45:00+00:00,59747.805,59787.998,59332.2485,59434.649,0.033206583,3.0,59763.704932,60013.482939294285,59497.991800000134,58982.500660705984,379.66869869362563,451.091937157884,56.79533460304758,64.31535677563073,0.033206583,
2024-08-08 20:00:00+00:00,59399.9225,59477.0725,59347.4215,59477.0725,0.01,1.0,59448.433,59948.24702080719,59529.868800000135,59111.49057919308,348.2106871187425,430.51568715005567,57.55022392245714,63.413339061874254,0.01,
2024-08-08 20:15:00+00:00,59445.6,59648.01,59445.6,59643.155,8.3938e-05,1.0,59445.6,59874.250494331216,59566.675050000136,59259.09960566906,332.8446303336532,410.98147578677515,60.46269586051059,63.0199199683591,8.3938e-05,
2024-08-08 20:30:00+00:00,59710.185,59710.185,59609.3,59629.663,0.0,0.0,0.0,59838.40113642025,59589.637200000136,59340.87326358002,315.9363108543548,391.9724428002911,60.101941169320014,62.63085612848722,0.0,
2024-08-08 20:45:00+00:00,59639.49,59671.96,59546.259,59553.665,0.0001,1.0,59671.96,59836.093922208864,59594.703700000144,59353.313477791424,293.0261196856154,372.18317817735596,58.00260264457796,62.01375566396598,0.0001,
2024-08-08 21:00:00+00:00,59541.6215,59723.745,59541.6215,59723.745,0.0,0.0,0.0,59827.7128594197,59592.36137500014,59357.00989058058,285.3048460384816,354.80751174958107,61.26358998437068,61.91373357335328,0.0,
2024-08-08 21:15:00+00:00,59725.374,59741.695,59632.872,59722.6,8.8011e-05,1.0,59709.54,59836.48834641725,59595.748475000146,59355.00860358304,275.91273881023517,339.0285571617119,61.22912153971254,61.822451968867846,8.8011e-05,
2024-08-08 21:30:00+00:00,59654.35,60658.6,59654.35,60567.08,0.03520394,6.0,60446.696265,60130.127829451776,59652.836825000144,59175.54582054851,332.77587145123107,337.7780200196157,73.20374587090309,63.33995782247254,0.03520394,
2024-08-08 21:45:00+00:00,60766.059,61326.7355,60404.5005,61294.585,0.036798261,5.0,60594.868606,60594.62792100022,59734.18645000014,58873.74497900006,431.56902811923646,356.53622163953986,79.1718698507917,65.45087942624843,0.036798261,
2024-08-08 22:00:00+00:00,61110.335,61110.335,60732.17,60794.014,0.043973946,5.0,60967.531618,60767.0948264353,59793.84867500015,58820.602523564994,464.1213186355453,378.05324103874096,67.95659889958043,65.78497535602604,0.043973946,
2024-08-08 22:15:00+00:00,60708.9,61068.6635,60668.225,60975.15,0.000201523,2.0,60764.375298,60953.30812463068,59852.090650000144,58750.873175369605,498.7857135570375,402.1997355424003,69.63295094959489,66.29803876850188,0.000201523,
2024-08-08 22:30:00+00:00,61021.32,61338.4555,61021.32,61183.841,0.0,0.0,0.0,61167.7235170747,59933.49850000015,58699.27348292559,536.9079749507146,429.1413834240631,71.48392368840153,66.98949009115518,0.0,
2024-08-08 22:45:00+00:00,61203.6,62483.0,61203.6,62301.187,0.014643083,9.0,62306.029398,61663.32477448417,60074.299450000144,58485.274125516116,649.7902484078659,473.2711564208237,78.8996757679571,68.5775148480621,0.014643083,
2024-08-08 23:00:00+00:00,62346.995,62758.5,62300.645,62489.05,0.013176112,1.0,62423.21,62104.16899739808,60223.71695000015,58343.26490260221,745.8119811915822,527.7793213749753,79.84855279700376,70.08031990792098,0.013176112,
2024-08-08 23:15:00+00:00,62420.5,62420.5,61972.795,61972.795,0.024632867,2.0,62248.094072,62345.39914396807,60343.18997500015,58340.980806032225,771.3606666353298,576.4955904270462,70.4700581457478,70.13228500629789,0.024632867,
2024-08-08 23:30:00+00:00,61929.2705,62038.8385,61779.965,62038.8385,0.15329448,2.0,61925.994509,62564.23139970729,60467.75337500016,58371.27535029303,787.8554353831641,618.7675594182698,70.94028553499587,70.24001841012429,0.15329448,
2024-08-08 23:45:00+00:00,61843.3405,61913.477,61707.528,61707.528,0.015647578,2.0,61836.320618,62684.57755437263,60584.11727500016,58483.65699562769,765.370950095763,648.0882375537684,65.32091831069037,69.58413839686644,0.015647578,
2024-08-09 00:00:00+00:00,61700.39,61720.315,61409.885,61504.735,0.013,1.0,61700.39,62769.2997176717,60675.36727500016,58581.43483232861,722.855504926476,663.04169102831,62.0794286793562,68.58351043453173,0.013,sell
