timestamp,open,high,low,close,volume,trade_count,vwap,BB_upper,BB_mid,BB_lower,MACD,MACD_signal,RSI,RSI_ema,Volume
2024-08-01 00:00:00+00:00,64588.35,64729.1,64588.35,64727.755,0.000121318,2.0,64648.646989,,,,,,,,0.000121318
2024-08-01 00:15:00+00:00,64643.83,64686.2,64449.02,64565.65,1.140786869,9.0,64526.568772,,,,,,,,1.140786869
2024-08-01 00:30:00+00:00,64527.16,64813.4175,64527.16,64633.185,0.0,0.0,0.0,,,,,,,,0.0
2024-08-01 00:45:00+00:00,64564.4475,64607.25,64357.745,64607.25,0.0,0.0,0.0,,,,,,,,0.0
2024-08-01 01:00:00+00:00,64638.65,64788.485,64540.545,64590.45,0.030125444,1.0,64599.16,,,,,,,,0.030125444
2024-08-01 01:15:00+00:00,64597.1975,64597.1975,64382.235,64521.2685,7.3331e-05,1.0,64440.3,,,,,,,,7.3331e-05
2024-08-01 01:30:00+00:00,64492.7515,64492.7515,64135.575,64376.2,0.001506147,1.0,64250.0,,,,,,,,0.001506147
2024-08-01 01:45:00+00:00,64370.384,64405.4,64193.27,64193.87,0.000907359,1.0,64343.1,,,,,,,,0.000907359
2024-08-01 02:00:00+00:00,64146.834,64187.2555,63911.3,64166.63,0.000233593,2.0,63988.270196,,,,,,,,0.000233593
2024-08-01 02:15:00+00:00,64096.55,64226.95,63899.6485,64044.656,0.009217134,2.0,64004.830826,,,,,,,,0.009217134
2024-08-01 02:30:00+00:00,63979.935,64134.707,63976.45,64010.145,0.059218051,3.0,64058.238484,,,,,,,,0.059218051
2024-08-01 02:45:00+00:00,63941.4195,64091.934,63898.1,64091.934,0.022118844,2.0,64041.133344,,,,,,,,0.022118844
2024-08-01 03:00:00+00:00,64052.6075,64054.362,63829.95,63836.44,0.009869094,1.0,64023.628,,,,,,,,0.009869094
2024-08-01 03:15:00+00:00,63898.33,64005.8375,63750.0,64005.8375,0.001069606,4.0,63846.297942,,,,,,,,0.001069606
2024-08-01 03:30:00+00:00,63959.57,64018.9755,63888.42,63941.48,0.0,0.0,0.0,,,,,,22.38656110269036,,0.0
2024-08-01 03:45:00+00:00,63972.625,64028.5735,63871.651,63919.9875,0.001537328,1.0,63927.1,,,,,,22.028438805227015,,0.001537328
2024-08-01 04:00:00+00:00,63888.65,63987.9515,63885.76,63987.9515,0.0,0.0,0.0,,,,,,26.05671638133817,,0.0
2024-08-01 04:15:00+00:00,63913.2035,63983.02,63804.625,63804.625,0.02293528,2.0,63914.287919,,,,,,22.6564971192772,,0.02293528
2024-08-01 04:30:00+00:00,63781.08,63905.14,63751.61,63751.61,0.0,0.0,0.0,,,,,,21.771711588240915,,0.0
2024-08-01 04:45:00+00:00,63805.506,63805.506,63638.9643920595,63709.6795,0.014167442,4.0,63746.712133,64817.779332498496,64174.33022500002,63530.88111750154,,,21.07083281559928,,0.014167442
2024-08-01 05:00:00+00:00,63646.6143920595,63874.31,63571.59,63874.31,0.023810603,2.0,63657.200355,64734.559045678296,64131.657975000024,63528.75690432175,,,30.527310186949958,,0.023810603
2024-08-01 05:15:00+00:00,63969.635,64152.6445,63928.965,64152.6445,0.004095694,2.0,64001.070568,64680.395298111514,64111.00770000003,63541.62010188855,,,42.968174830284326,,0.004095694
2024-08-01 05:30:00+00:00,64143.18,64249.5365,64093.645,64249.5365,0.001971985,2.0,64146.073038,64613.3946321615,64091.825275000025,63570.25591783855,,,46.55607506872819,,0.001971985
2024-08-01 05:45:00+00:00,64264.84,64322.31,64226.405,64247.433,0.207124084,2.0,64272.402932,64545.480621828814,64073.83442500002,63602.18822817123,,,46.48769958312353,,0.207124084
2024-08-01 06:00:00+00:00,64220.045,64246.47,64176.624,64215.95,0.02344125,1.0,64184.039,64469.48687292603,64055.10942500002,63640.73197707401,,,45.41267251134369,,0.02344125
2024-08-01 06:15:00+00:00,64198.904,64274.5,64077.674,64223.995,0.500092739,2.0,64077.7105,64405.031392340126,64040.245750000024,63675.46010765992,,,45.75785821230181,,0.500092739
2024-08-01 06:30:00+00:00,64193.73,64406.557,64172.851,64390.495,0.0,0.0,0.0,64408.422575854864,64040.96050000003,63673.4984241452,,,52.458369048816465,,0.0
2024-08-01 06:45:00+00:00,64390.1,64390.1,64214.722,64214.722,0.0,0.0,0.0,64411.30836379768,64042.00310000003,63672.69783620238,,,45.99832196077162,35.152659943906606,0.0
2024-08-01 07:00:00+00:00,64234.475,64417.345,64209.8955,64401.425,0.075600676,1.0,64353.87,64451.945736154565,64053.74285000004,63655.53996384551,,,52.66604440464573,37.487777872005154,0.075600676
2024-08-01 07:15:00+00:00,64440.394,64440.394,64332.765,64367.795,0.000167358,2.0,64359.87846,64490.887432624215,64069.899800000036,63648.91216737586,,,51.43412618507305,39.34729098041421,0.000167358
2024-08-01 07:30:00+00:00,64324.208,64340.125,64304.09,64340.125,0.0,0.0,0.0,64522.3253113961,64086.39880000004,63650.47228860398,,,50.3897419987852,40.81961778286367,0.0
2024-08-01 07:45:00+00:00,64387.735,64387.735,64251.355,64302.2495,0.0,0.0,0.0,64542.89862683841,64096.91457500004,63650.93052316167,,,48.925286438906404,41.90037360366937,0.0
2024-08-01 08:00:00+00:00,64341.655,64418.734,64307.52,64345.26,0.0,0.0,0.0,64564.03247699074,64122.35557500004,63680.67867300934,,,50.678251759581514,43.07075735779099,0.0
2024-08-01 08:15:00+00:00,64349.27,64478.9,64349.27,64407.285,0.001383389,2.0,64477.933707,64597.38789096626,64142.42795000004,63687.46800903382,8.221286483836593,-60.48114028259766,53.17416715701724,44.41787866435449,0.001383389
2024-08-01 08:30:00+00:00,64429.0105,64514.41,64429.0105,64492.79,0.006485637,2.0,64512.82318,64639.486600342236,64169.993450000045,63700.500299657855,26.10999753420765,-43.162912719236594,56.44626459877365,46.02166345561038,0.006485637
2024-08-01 08:45:00+00:00,64458.0885,64483.001,64396.3765,64477.505,0.003020548,1.0,64427.978,64670.86788341729,64197.869325000036,63724.87076658278,38.608503371011466,-26.80862950118698,55.69700694066936,47.31170925361825,0.003020548
2024-08-01 09:00:00+00:00,64467.774,64638.6,64444.1,64636.05,0.002109326,2.0,64610.1455,64729.388146564364,64230.27425000004,63731.16035343571,60.60826146684121,-9.325251307581341,61.417783065166766,49.19251909515805,0.002109326
2024-08-01 09:15:00+00:00,64574.294,64600.115,64550.76,64577.9,2.2763e-05,1.0,64550.76,64749.63376146916,64268.93800000004,63788.24223853092,72.51510030013014,7.042819013960956,58.43725285278018,50.425150262841,2.2763e-05
2024-08-01 09:30:00+00:00,64565.145,64578.69,64438.79,64502.529,2.776329388,5.0,64476.13659,64734.05490409973,64306.48395000004,63878.91299590035,75.00493584986543,20.635242381141854,54.729905068347215,50.99911757024183,2.776329388
2024-08-01 09:45:00+00:00,64458.895,64484.5535,64427.35,64448.786,0.0,0.0,0.0,64675.35643482761,64343.43927500003,64011.522115172455,71.81371372102149,30.87093664911778,52.18751341836452,51.15757034999152,0.0
2024-08-01 10:00:00+00:00,64431.0295,64431.0295,64334.061,64389.478,0.0,0.0,0.0,64622.02662470696,64369.19767500004,64116.36872529312,63.76395605630387,37.449540530555,49.45713543298624,50.93084569439082,0.0
2024-08-01 10:15:00+00:00,64370.01,64423.157,64289.705,64423.157,0.014627884,3.0,64402.498182,64615.948457123144,64382.723300000034,64149.498142876924,59.417154967923125,41.84306341802862,51.02413500072019,50.94328426856807,0.014627884
2024-08-01 10:30:00+00:00,64442.012,64473.85,64413.835,64430.564,0.000754901,1.0,64448.1,64617.55391703162,64391.77467500004,64165.995432968455,55.925294799330004,44.6595096942889,51.381145988253095,51.00166583119274,0.000754901
2024-08-01 10:45:00+00:00,64433.45,64555.645,64431.975,64555.645,0.0,0.0,0.0,64633.52597530731,64407.18527500004,64180.84457469277,62.5301531310688,48.23363838164488,57.07195790000795,51.81103810703477,0.0
2024-08-01 11:00:00+00:00,64530.25,64594.87,64475.77,64475.77,0.0,0.0,0.0,64630.370554434674,64420.17627500005,64209.981995565424,60.620510477798234,50.71101280087555,52.82015254190435,51.94558669835071,0.0
2024-08-01 11:15:00+00:00,64453.1625,64559.224,64427.7,64551.685,1.7738e-05,1.0,64427.7,64633.71380735494,64436.56077500004,64239.40774264514,64.4894171115302,53.46669366300648,56.16283034892218,52.507885851760236,1.7738e-05
2024-08-01 11:30:00+00:00,64532.63,64607.0685,64473.929,64607.0685,0.0,0.0,0.0,64656.65111177887,64447.38945000004,64238.12778822121,71.20374661531969,57.01410425346912,58.474321361148384,53.30341058634532,0.0
2024-08-01 11:45:00+00:00,64561.0175,64658.575,64561.0175,64639.4955,0.0,0.0,0.0,64664.94479842151,64468.62812500003,64272.31145157856,78.23959170671878,61.25920174411905,59.810526318955745,54.17102601736004,0.0
2024-08-01 12:00:00+00:00,64608.874,64738.85,64608.874,64738.85,0.0,0.0,0.0,64711.55777519581,64485.499375000036,64259.44097480426,90.78610177312657,67.16458174992056,63.66806526482546,55.4372979170221,0.0
2024-08-01 12:15:00+00:00,64780.6465,64875.568,64750.338,64786.205,7.4028e-05,2.0,64807.291617,64760.71427450331,64506.41987500004,64252.125475496774,103.35899596448871,74.40346459283418,65.37400335224214,56.76219197505144,7.4028e-05
2024-08-01 12:30:00+00:00,64748.1415,64792.651,64744.581,64782.9655,0.0,0.0,0.0,64797.763058962235,64528.561900000044,64259.36074103785,111.77325214331358,81.87742210293007,65.1486432957055,57.88038548447198,0.0
2024-08-01 12:45:00+00:00,64778.485,64880.813,64778.485,64850.151,0.007093134,1.0,64849.0,64838.63656890706,64555.95697500005,64273.277381093045,122.4513759057154,89.99221286348714,67.64014229916636,59.1816863930979,0.007093134
2024-08-01 13:00:00+00:00,64864.3055,64932.47,64668.725,64729.881,0.0,0.0,0.0,64850.14200280523,64575.188025000054,64300.23404719488,119.82778197704465,95.95932668619864,59.447216959326056,59.21709046859499,0.0
2024-08-01 13:15:00+00:00,64759.862,64759.862,64550.8885,64550.8885,0.200024805,2.0,64759.840186,64846.70374147025,64582.36820000005,64318.032658529846,102.12809691068833,97.19308073109657,49.78279344483868,57.959184198760816,0.200024805
2024-08-01 13:30:00+00:00,64595.115,64708.97,64455.262,64708.97,0.006483466,1.0,64474.603,64859.64801065692,64593.17720000005,64326.70638934318,99.70745935829473,97.69595645653621,56.50771936821254,57.76565555468771,0.006483466
2024-08-01 13:45:00+00:00,64684.8055,64836.057,64643.8915,64697.9745,0.000150177,1.0,64792.7,64868.85348184605,64604.20067500005,64339.547868154055,95.79754720917117,97.3162746070632,55.9465078756847,57.523102530820644,0.000150177
2024-08-01 14:00:00+00:00,64686.7775,64726.4065,64462.06,64613.892,0.082994795,3.0,64518.706555,64867.38826656416,64603.09277500005,64338.79728343594,84.93507988766942,94.84003566318445,51.71666167936672,56.74891041729345,0.082994795
2024-08-01 14:15:00+00:00,64511.735,64529.5755,64196.1655,64196.1655,0.011664803,4.0,64325.298564,64902.417608861266,64584.00605000006,64265.59449113886,42.133766973245656,84.29878192519669,36.82201421595267,54.091990923781346,0.011664803
2024-08-01 14:30:00+00:00,64226.4445,64378.005,64049.3655583125,64255.5835,0.015233107,1.0,64359.3,64919.53903076882,64571.658775000054,64223.77851923129,12.859715351143677,70.01096861038609,39.49149532167419,52.14525817683373,0.015233107
2024-08-01 14:45:00+00:00,64217.073,64217.073,63947.885,63947.885,0.011067577,3.0,64126.596624,64986.28502830292,64546.61372500005,64106.942421697175,-34.76809392943687,49.05515610242149,31.960299373635827,49.45393033640734,0.011067577
2024-08-01 15:00:00+00:00,63901.415,63901.415,63609.57,63621.155,0.037239442,5.0,63836.976892,65102.978287314494,64508.19757500006,63913.41686268562,-97.75104315007047,19.693916251923095,26.238337064012818,46.35851790008807,0.037239442
2024-08-01 15:15:00+00:00,63625.926,63728.703,62865.905,62896.34,0.117536485,7.0,63102.2286,65353.06407557835,64431.85672500006,63510.64937442177,-203.80268663461175,-25.005404325383875,18.37782157363276,42.627758389894026,0.117536485
2024-08-01 15:30:00+00:00,62895.653,62993.3,62664.43,62844.255,0.048964269,5.0,62864.045506,65504.73688926939,64352.54127500006,63200.34566073073,-288.7239721380611,-77.74911788791931,17.96140762416918,39.33891162113071,0.048964269
2024-08-01 15:45:00+00:00,62959.595,63061.123,62733.105,62894.0485,0.018696923,3.0,62943.501554,65579.85670128062,64269.46145000006,62959.066198719505,-347.9953101007268,-131.79835633048083,19.83156987671264,36.73793272187497,0.018696923
2024-08-01 16:00:00+00:00,62902.0,63056.375,62727.005,63056.375,0.017649871,5.0,62891.309583,65606.60817117534,64198.49170000006,62790.37522882478,-377.5180870218974,-180.94230246876413,25.772157150017417,35.275829312293965,0.017649871
2024-08-01 16:15:00+00:00,62983.0,63134.985,62865.834,62903.356,0.015237936,2.0,62965.158124,65621.44839521157,64116.07525000005,62610.702104788536,-408.55291125333315,-226.46442422567793,23.969065811291873,33.768260845493685,0.015237936
2024-08-01 16:30:00+00:00,62944.175,62944.175,62685.004,62685.004,0.014698252,2.0,62890.963483,65629.50086820565,64019.97202500005,62410.44318179445,-445.6304640129674,-270.2976321831358,21.642231338115913,32.15145691117665,0.014698252
2024-08-01 16:45:00+00:00,62646.98,62936.1,62616.5905,62873.078,0.041864913,6.0,62882.546874,65588.66415627617,63931.65115000005,62274.63814372393,-454.5983647333269,-307.157778693174,28.115257653073535,31.613297010096236,0.041864913
2024-08-01 17:00:00+00:00,62843.5505,62864.1545,62555.382,62586.675,0.015975304,2.0,62684.679033,65536.01544382564,63824.04240000005,62112.06935617445,-479.2908525942039,-341.58439347338,24.76079213940094,30.69962969400353,0.015975304
2024-08-01 17:15:00+00:00,62655.375,62673.4185,62469.0,62615.221,0.102010497,6.0,62484.479085,65444.89149107113,63715.49320000004,61986.09490892895,-490.8976410596297,-371.44704299062994,25.71216627393324,30.03463457132749,0.102010497
2024-08-01 17:30:00+00:00,62641.994,62713.9,62273.79,62273.79,0.265654089,6.0,62561.186843,65355.157942883234,63590.03442500004,61824.91090711685,-521.6336646030904,-401.48436731312205,22.110895123399786,28.978135978270462,0.265654089
2024-08-01 17:45:00+00:00,62278.2,63224.46,62257.358,63172.8285,0.7,2.0,63212.808589,65180.91016845282,63506.16830000004,61831.42643154726,-468.0518806031978,-414.7978699711372,44.25226198857432,31.014686112977643,0.7
2024-08-01 18:00:00+00:00,63152.754,63264.63,62880.117,63221.235,0.008474686,2.0,63100.256394,65011.4772947971,63430.73600000005,61849.994705203,-416.87643865908467,-415.2135837087267,45.15625463248938,32.90022858224587,0.008474686
2024-08-01 18:15:00+00:00,63267.316,63325.302,62957.9955,63019.5885,0.030390686,2.0,63200.093104,64856.886666012426,63354.171000000046,61851.455333987666,-388.1167512252723,-409.7942172120358,42.09407735065297,34.126075084700155,0.030390686
2024-08-01 18:30:00+00:00,62908.452,62982.2565,62762.05,62762.05,0.0,0.0,0.0,64643.64682981767,63256.82500000005,61870.00317018243,-381.70563142698666,-404.17650005502594,38.50286095836724,34.709646534522435,0.0
2024-08-01 18:45:00+00:00,62783.888,62866.464,62748.01,62866.43,0.0001,1.0,62800.53,64391.96229355931,63165.24777500004,61938.53325644077,-364.0061429077905,-396.1424286255789,40.71064759715683,35.50978000954036,0.0001
2024-08-01 19:00:00+00:00,62902.59,63224.573,62902.59,63224.573,0.008352264,2.0,63143.022362,64128.50459299842,63095.78182500005,62063.05905700168,-317.4209921544825,-380.3981413313596,47.65456942667383,37.12908526515815,0.008352264
2024-08-01 19:15:00+00:00,63127.018,63267.776,63064.385,63267.776,0.022994872,3.0,63197.278764,63955.80859645398,63049.36235000005,62142.916103546115,-273.8589282633766,-359.090298717763,48.43906593344166,38.63708268759596,0.022994872
2024-08-01 19:30:00+00:00,63284.4095,63309.7145,63193.8915,63193.8915,0.0,0.0,0.0,63719.84995868444,62996.277750000045,62272.70554131565,-242.50212688700412,-335.77266435161124,47.13797609117401,39.77053514140636,0.0
2024-08-01 19:45:00+00:00,63258.95,63405.1945,63258.95,63397.21,0.038960454,1.0,63387.189,63578.30316348842,62968.74400000004,62359.18483651167,-198.95213575865637,-308.4085586330203,51.03560228227239,41.27254409352183,0.038960454
2024-08-01 20:00:00+00:00,63352.535,63478.03,63314.85,63443.9015,0.026832559,1.0,63460.91,63535.446345776625,62959.88132500004,62384.31630422345,-158.83983346996683,-278.4948136004096,51.91247079195258,42.69120098664593,0.026832559
2024-08-01 20:15:00+00:00,63461.385,63501.15,63305.105,63404.9195,0.509601865,4.0,63447.804925,63591.522191593736,62985.310300000034,62379.09840840633,-128.712350668633,-248.53832101405428,51.08985004344683,43.81102086088605,0.509601865
2024-08-01 20:30:00+00:00,63496.678,64172.8245,63487.545,64155.83,0.001534745,2.0,64013.285343,63838.50223030345,63050.88905000004,62263.275869696634,-43.73969775398291,-207.57859636204,63.19024675738811,46.39491764708633,0.001534745
2024-08-01 20:45:00+00:00,64222.716,64706.05,64193.44,64706.05,0.001635045,3.0,64504.972707,64204.73546987157,63141.489125000044,62078.242780128516,67.22496988859348,-152.6178831119133,69.20263542566231,49.4359466842298,0.001635045
2024-08-01 21:00:00+00:00,64720.74,64856.6,64607.85,64669.0655,5.0204e-05,1.0,64822.7,64475.01395518675,63222.123650000045,61969.23334481334,150.44667280071735,-92.00497192938717,68.393967897893,51.96368284605156,5.0204e-05
2024-08-01 21:15:00+00:00,64679.2355,64836.315,64679.2355,64768.215,0.0,0.0,0.0,64727.00191250141,63315.36660000005,61903.7312874987,221.84373151761247,-29.235231239987232,69.42545277434485,54.291918836490666,0.0
2024-08-01 21:30:00+00:00,64722.315,65009.45,64722.315,64969.2365,0.0,0.0,0.0,64981.39097210774,63429.57822500006,61877.76547789238,291.2893674750958,34.86968850302937,71.45919440845945,56.580888912753174,0.0
2024-08-01 21:45:00+00:00,65021.1,65261.645,64832.0,64832.0,0.00150415,1.0,65032.0,65171.04734430282,63527.524325000064,61884.00130569731,331.4311635389313,94.18198351020976,68.12746456328048,58.12043233282348,0.00150415
2024-08-01 22:00:00+00:00,64875.6865,65299.3625,64828.295,65267.474,1.5405e-05,1.0,64910.403,65410.205623601345,63661.564275000055,61912.922926398765,393.8429620101524,154.1141792101983,72.50772230331086,60.0387376622218,1.5405e-05
2024-08-01 22:15:00+00:00,65331.215,65540.99,65205.115,65392.375,0.499917064,5.0,65499.830181,65633.66910126666,63800.42197500006,61967.17484873346,448.21646836783475,212.9346370417256,73.62723020996104,61.85053666858703,0.499917064
2024-08-01 22:30:00+00:00,65514.785,65534.25,65282.555,65294.8635,0.0,0.0,0.0,65754.27243054709,63951.47565000006,62148.67886945302,477.9302187236535,265.9337533781112,71.1899268083227,63.09578868721845,0.0
2024-08-01 22:45:00+00:00,65389.7785,65389.7785,65109.232,65109.232,0.0,0.0,0.0,65881.16279320982,64048.29582500006,62215.4288567903,480.9555135183982,308.9381054061686,66.66560511217638,63.57176421054618,0.0
2024-08-01 23:00:00+00:00,65179.1,65192.711,64992.673,65029.7495,0.0,0.0,0.0,65977.88941014015,64138.72155000005,62299.55368985996,471.50429988444375,341.4513443018236,64.76760048642127,63.73120904732952,0.0
2024-08-01 23:15:00+00:00,64993.4625,65071.6,64949.9,65056.15,0.200953318,3.0,65000.218546,66045.79360457625,64240.54962500004,62435.30564542384,460.8322572950492,365.32752690046874,65.12279190958924,63.91675342896415,0.200953318
2024-08-01 23:30:00+00:00,65009.485,65227.867,64995.773,65227.867,0.000751434,1.0,65097.356,66083.10490567631,64363.84047500005,62644.57604432378,460.91754293247504,384.44553010687,67.42324753318826,64.38428597619404,0.000751434
2024-08-01 23:45:00+00:00,65195.384,65386.9995,65195.384,65361.4545,0.013400945,1.0,65348.77,66114.69681114181,64488.59170000005,62862.48658885828,466.38829329874716,400.83408274524544,69.12916396284582,65.01693637441427,0.013400945
2024-08-02 00:00:00+00:00,65339.325,65421.1875,65315.5,65421.1875,0.0,0.0,0.0,66163.7866031755,64598.42242500004,63033.05824682458,470.1245530637898,414.6921768089543,69.8884685030418,65.66647399156462,0.0
2024-08-02 00:15:00+00:00,65384.687,65519.725,65141.781,65171.191,0.005916202,2.0,65325.084477,66151.54513241023,64693.593175000045,63235.64121758986,447.7515366054722,421.30404876825787,62.91388331803256,65.29946190176034,0.005916202
2024-08-02 00:30:00+00:00,65172.9,65182.014,65106.0955,65182.014,0.0,0.0,0.0,66090.68476151448,64792.99930000005,63495.31383848562,425.9836116127117,422.23996133714866,63.085637234270855,65.0042852794284,0.0
2024-08-02 00:45:00+00:00,65094.5625,65147.144,64864.72,64864.72,0.0,0.0,0.0,65995.01775451892,64866.37480000005,63737.731845481176,378.7632531527124,413.5446197002614,55.03818712211637,63.675472191786795,0.0
2024-08-02 01:00:00+00:00,64798.39,64823.3675,64646.352,64710.4705,0.007651879,2.0,64789.785408,65855.96893584474,64929.70325000006,64003.43756415538,325.14605204413965,395.86490616903706,51.592610661380114,62.064423987732575,0.007651879
2024-08-02 01:15:00+00:00,64670.4985,64719.74,64590.65,64590.65,0.075662041,8.0,64664.483506,65622.95103328522,64988.989775000045,64355.02851671486,269.87457479902514,370.6668398950347,49.02512219061958,60.32585041478418,0.075662041
2024-08-02 01:30:00+00:00,64548.54,64691.1185,64548.54,64691.1185,0.0,0.0,0.0,65542.96948466168,65015.75420000005,64488.53891533842,231.50979832722078,342.8354315814719,51.217273568818236,59.111373501988716,0.0
2024-08-02 01:45:00+00:00,64818.9475,64818.9475,64622.2225,64622.2225,0.0,0.0,0.0,65549.77819765941,65011.562825000045,64473.34745234067,193.3176595151017,312.93187716819784,49.64074652604067,57.84862323852898,0.0
2024-08-02 02:00:00+00:00,64685.595,64750.04,64581.306,64581.306,0.0,0.0,0.0,65557.77640614685,65007.17485000005,64456.57329385324,157.9279990837822,281.9311015513147,48.68234908132509,56.6264533509018,0.0
2024-08-02 02:15:00+00:00,64582.871,64582.871,63831.6555,63924.455,0.000135625,1.0,64000.0,65685.45812423152,64964.986850000045,64244.51557576857,76.00293750273704,240.74546874159918,36.499532269042106,53.942863873320505,0.000135625
2024-08-02 02:30:00+00:00,63779.6,64176.694,63617.13,64176.694,0.001373176,1.0,63750.0,65723.52958938718,64925.359725000046,64127.18986061292,31.07213498193596,198.81080198966654,42.45497465294998,52.41114531060443,0.001373176
2024-08-02 02:45:00+00:00,64143.235,64311.674,64128.576,64299.346,0.0,0.0,0.0,65741.86008609155,64898.727025000044,64055.59396390855,5.300045998614223,160.10865079145609,45.14880522139225,51.44283329870947,0.0
2024-08-02 03:00:00+00:00,64273.042,64415.46,64225.059,64327.2935,0.0,0.0,0.0,65712.03558866533,64851.71800000004,63991.400411334755,-12.722730794572271,125.54237447425041,45.771738009415635,50.686687260136964,0.0
2024-08-02 03:15:00+00:00,64283.97,64420.987,64283.97,64395.65,0.006934499,1.0,64360.682,65646.48186360755,64801.88175000004,63957.28163639252,-21.245211406960152,96.1848572980083,47.34681322052656,50.241370721522244,0.006934499
2024-08-02 03:30:00+00:00,64455.0555,64505.55,64328.9655,64328.9655,0.0,0.0,0.0,65590.33264005785,64753.586850000036,63916.84105994221,-32.999819164164364,70.34792200557376,45.944832478546324,49.668498955792124,0.0
2024-08-02 03:45:00+00:00,64300.14,64564.6475,64300.14,64562.4,0.0,0.0,0.0,65550.36117182339,64726.24525000002,63902.12932817666,-23.21164781536936,51.63600804138514,51.37300400313091,49.8957662954373,0.0
2024-08-02 04:00:00+00:00,64591.0,64591.0,64432.81,64512.9515,1.5482e-05,1.0,64591.0,65517.21140389221,64700.40535000003,63883.59929610785,-19.22294208266976,37.46421801657416,50.222501809308426,49.93933103062012,1.5482e-05
2024-08-02 04:15:00+00:00,64472.945,64536.065,64437.493,64483.9,0.0,0.0,0.0,65476.753402553426,64671.79285000003,63866.83229744663,-18.196321442148474,26.33211012482963,49.52081964707618,49.883529512814256,0.0
2024-08-02 04:30:00+00:00,64470.05,64509.5015,64447.0885,64479.685,0.0,0.0,0.0,65401.130853850766,64634.38375000002,63867.63664614928,-17.52086286120175,17.561515527623353,49.41295066441007,49.820785666360365,0.0
2024-08-02 04:45:00+00:00,64516.37,64516.37,64431.976,64458.15,0.025228421,3.0,64446.463664,65282.20252401807,64589.21852500002,63896.23452598197,-18.509881205340207,10.34723618103064,48.82774648373777,49.68838044201068,0.025228421
2024-08-02 05:00:00+00:00,64443.556,64443.556,64256.815,64256.815,3.0869e-05,2.0,64307.783657,65122.88936208105,64530.99990000002,63939.110437918986,-35.134725991149026,1.2508437465947067,43.62576530326046,48.880031756843984,3.0869e-05
2024-08-02 05:15:00+00:00,64220.8085,64372.8,64208.3,64372.8,0.0,0.0,0.0,65007.796293438296,64491.08035000002,63974.36440656174,-38.50712887471309,-6.700750777666852,47.120820467939836,48.64547025165676,0.0
2024-08-02 05:30:00+00:00,64302.009,64329.855,64121.84,64148.5425,0.0,0.0,0.0,64868.712385011684,64439.40677500002,64010.10116498835,-58.59998436611204,-17.08059749535589,41.73333293029218,47.723851942141486,0.0
2024-08-02 05:45:00+00:00,64126.095,64211.585,64043.8165,64103.1925,0.006938899,1.0,64210.327,64807.45083204753,64401.33040000001,63995.2099679525,-77.29210779252753,-29.12289955479022,40.7194442480997,46.78993091626925,0.006938899
2024-08-02 06:00:00+00:00,64106.5,64231.638,63901.044,63977.71,0.001602847,4.0,64096.170273,64784.62302903932,64364.692375000006,63944.76172096069,-101.0661120976365,-43.51154206335948,37.97062900005899,45.61402399410788,0.001602847
2024-08-02 06:15:00+00:00,63982.38,63982.38,63831.205,63835.304,0.0,0.0,0.0,64792.19415742164,64326.925075000014,63861.65599257839,-129.900740973746,-60.78938184543678,35.07667307273714,44.20904387125845,0.0
2024-08-02 06:30:00+00:00,63797.96,64178.885,63797.96,64143.25,0.0015,1.0,64163.91,64739.63806508942,64299.531650000004,63859.42523491059,-126.44613122170995,-73.9207317206914,44.86297123211936,44.296234186039904,0.0015
2024-08-02 06:45:00+00:00,64175.7075,64555.6165,64175.7075,64427.991,0.0,0.0,0.0,64709.09430725167,64289.82007500001,63870.54584274835,-99.58416482086614,-79.05341834072635,52.05888469425708,45.33125425380219,0.0
2024-08-02 07:00:00+00:00,64414.005,64414.005,64271.3455,64283.21,0.001167621,2.0,64301.354694,64672.30450397644,64274.915275,63877.52604602356,-88.95308385358658,-81.0333514432984,48.58667457960404,45.765310297242436,0.001167621
2024-08-02 07:15:00+00:00,64256.545,64449.9485,64185.794,64362.3415,0.06092571,1.0,64366.4,64661.453181501485,64296.8096,63932.166018498516,-73.29769467576261,-79.48622008979125,50.52883795312306,46.40044731802652,0.06092571
2024-08-02 07:30:00+00:00,64331.265,64348.927,64249.725,64254.873,0.0,0.0,0.0,64661.78641921285,64300.718550000005,63939.65068078716,-68.76976076520805,-77.34292822487461,47.883319546022676,46.59816361509267,0.0
2024-08-02 07:45:00+00:00,64220.4905,64224.654,64089.4325,64159.42,0.0,0.0,0.0,64660.010241331125,64293.722250000006,63927.43425866889,-72.05301755020628,-76.28494608994095,45.5996860316577,46.46503327063468,0.0
2024-08-02 08:00:00+00:00,64164.7065,64268.9375,64063.13,64090.296,0.0,0.0,0.0,64658.244872015646,64281.87237500001,63905.49987798438,-79.31841796523804,-76.89164046500036,43.964496044017025,46.131628307085656,0.0
2024-08-02 08:15:00+00:00,64034.719,64279.203,64029.1,64279.203,0.0,0.0,0.0,64648.78721524908,64276.05002500002,63903.312834750956,-69.03726537912007,-75.3207654478243,49.313830046269445,46.55592187231016,0.0
2024-08-02 08:30:00+00:00,64324.5,64377.1035,64265.173,64377.1035,0.0,0.0,0.0,64653.14638547058,64278.45692500002,63903.76746452946,-52.38575534294068,-70.73376342684757,51.8777468497427,47.26549853596783,0.0
2024-08-02 08:45:00+00:00,64432.795,64532.55,64381.749,64532.55,0.000377547,1.0,64431.61,64647.3307379171,64276.96442500003,63906.59811208295,-26.342421208122687,-61.855494983102595,55.70875489453571,48.39126605044355,0.000377547
2024-08-02 09:00:00+00:00,64480.29,64573.613,64435.26,64435.26,0.0448875,1.0,64455.42,64634.99747039538,64273.079850000024,63911.16222960467,-13.39892670125846,-52.16418132673377,52.871733573099476,48.988661720131006,0.0448875
2024-08-02 09:15:00+00:00,64405.22,64507.8,64400.283,64472.25,0.001532841,1.0,64507.8,64633.09092914758,64272.497350000034,63911.90377085249,-0.15454864942876156,-41.76225479127277,53.83436225703082,49.63475512505098,0.001532841
2024-08-02 09:30:00+00:00,64470.589,64533.717,64411.53,64533.717,0.0,0.0,0.0,64642.70450288832,64275.19895000003,63907.69339711173,15.127212486891949,-30.384361335639824,55.46233506437412,50.4117657836274,0.0
2024-08-02 09:45:00+00:00,64511.9,64533.717,64447.575,64469.269,0.004351665,3.0,64497.647705,64644.397700825924,64275.754900000036,63907.11209917415,21.786561383021763,-19.950176791907506,53.338497981158405,50.801996743298204,0.004351665
2024-08-02 10:00:00+00:00,64491.018,64491.018,64417.4655,64429.46,1.5506e-05,1.0,64491.018,64658.89050009141,64284.38715000004,63909.88379990867,23.58007335140428,-11.244126763245147,52.01355825663177,50.963538278409345,1.5506e-05
2024-08-02 10:15:00+00:00,64455.3,64537.675,64363.1,64468.433,0.0,0.0,0.0,64670.44627258498,64289.16880000003,63907.89132741508,27.825485026340175,-3.4302044053280816,53.23821306215958,51.266828249576044,0.0
2024-08-02 10:30:00+00:00,64498.297,64546.414,64401.6415,64546.414,0.0,0.0,0.0,64700.303171857864,64309.06237500004,63917.82157814221,37.0552692727797,4.666890330293475,55.675723290756466,51.85468092173343,0.0
2024-08-02 10:45:00+00:00,64489.585,64843.75,64489.585,64843.75,0.012054874,1.0,64573.992,64789.13290843331,64346.090250000045,63903.04759156678,67.5834105567701,17.2501943755888,63.490322701482505,53.406099825699975,0.012054874
2024-08-02 11:00:00+00:00,64761.1325,64781.856,64670.3,64690.08,0.234727795,1.0,64781.856,64814.995115955135,64381.70875000005,63948.42238404496,78.4727131518448,29.49469813084,57.81688806983437,53.994204924917895,0.234727795
2024-08-02 11:15:00+00:00,64687.429,64863.261,64687.429,64834.015,0.0,0.0,0.0,64830.3514568233,64431.64430000004,64032.93714317679,97.59193640266312,43.11414578520463,61.30474187633032,54.96894318510622,0.0
2024-08-02 11:30:00+00:00,64789.2125,64789.2125,64628.9925,64628.9925,0.0,0.0,0.0,64840.330887926015,64455.93142500004,64071.53196207406,95.10415477407514,53.51214758297873,54.40435952231938,54.89366536340131,0.0
2024-08-02 11:45:00+00:00,64653.159,64687.4495,64608.2105,64608.2105,0.006065548,1.0,64653.159,64854.711313947955,64464.94240000004,64075.17348605213,90.41340672005754,60.89239941039449,53.744001309104604,54.740376822828416,0.006065548
2024-08-02 12:00:00+00:00,64645.5385,64678.05,64617.021,64630.25,0.001431986,1.0,64617.021,64869.04422371513,64482.29440000005,64095.54457628497,87.46610375215823,66.20714027874723,54.37646255303736,54.69185492018961,0.001431986
2024-08-02 12:15:00+00:00,64629.925,64657.79,64386.971,64452.775,0.0,0.0,0.0,64869.94814533741,64486.81607500004,64103.68400466267,70.0026486775605,66.96624195850988,48.61234821992023,53.881254026820365,0.0
2024-08-02 12:30:00+00:00,64632.951,64701.3705,64208.255,64318.655,0.0,0.0,0.0,64866.36353255602,64490.00517500004,64113.64681744407,44.82367220969172,62.53772800874625,44.75160191518192,52.66396707860191,0.0
2024-08-02 12:45:00+00:00,64358.525,64782.6855,64332.577,64708.8695,0.0,0.0,0.0,64872.93464139747,64517.47765000005,64162.02065860263,55.713965037313756,61.17297541445975,55.76020700001402,53.07679906812352,0.0
2024-08-02 13:00:00+00:00,64746.565,64810.536,64503.01,64737.627,0.03011037,1.0,64631.5,64858.64124230854,64549.84420000005,64241.04715769156,65.90537434628641,62.11945520082508,56.44892883492647,53.52641637036391,0.03011037
2024-08-02 13:15:00+00:00,64783.548,64821.775,64714.34,64762.6885,0.099750951,1.0,64795.15,64869.702831085786,64574.01847500005,64278.33411891431,75.13824631945317,64.72321342455069,57.07607790080469,53.99970457442268,0.099750951
2024-08-02 13:30:00+00:00,64810.1645,65399.685,64810.1645,65399.685,0.030826212,6.0,65204.880622,65078.53750336884,64625.14755000005,64171.757596631265,132.33023722356302,78.24461818435316,69.21190589020098,56.02799808319312,0.030826212
2024-08-02 13:45:00+00:00,65429.55,65468.397,65101.016,65101.016,0.0,0.0,0.0,65149.460161206815,64653.570850000055,64157.681538793295,151.80529292081337,92.9567531316452,60.565543774500405,56.633004175367425,0.0
2024-08-02 14:00:00+00:00,65224.485,65309.208,64504.416,64551.1435,0.001064356,3.0,64870.151396,65147.56402753595,64659.36502500005,64171.16602246415,121.46907965887658,98.65921843709148,48.542125932088155,55.55422040959686,0.001064356
2024-08-02 14:15:00+00:00,64530.589,64912.7,64482.5095,64874.0445,0.0,0.0,0.0,65168.26854558483,64679.454750000055,64190.64095441528,122.07561252021696,103.34249725371657,54.28175636817444,55.3845585374072,0.0
2024-08-02 14:30:00+00:00,64939.15,65011.1165,63861.458,63861.458,0.000137656,1.0,64000.0,65249.1621488722,64645.84180000007,64042.521451127934,40.38351020337723,90.7506998436487,39.42929259151634,53.257189744621755,0.000137656
2024-08-02 14:45:00+00:00,63796.815,63950.61,63074.5,63116.907,0.272950609,7.0,63784.42969,65476.555124011444,64578.22370000005,63679.89227598866,-83.47486637196562,55.90558660052584,32.40764425647188,50.47725034620177,0.272950609
2024-08-02 15:00:00+00:00,63143.627,63305.9,62546.797,62546.797,0.335537749,8.0,62797.535508,65746.02078081928,64484.09055000006,63222.16031918084,-225.04248486977303,-0.28402769353394347,28.258003878902848,47.51468415056191,0.335537749
2024-08-02 15:15:00+00:00,62548.6185,62916.943,62452.004,62752.026,0.011796297,3.0,62723.051673,65868.97338788524,64398.270200000065,62927.56701211489,-317.0211548054431,-63.63145311591577,31.650825486291396,45.39950299532585,0.011796297
2024-08-02 15:30:00+00:00,62735.77,63374.725,62677.44,63374.725,0.009736144,4.0,63017.405168,65874.08431423309,64339.68575000006,62805.28718576704,-335.79744430141,-118.06465135301463,40.799114830567206,44.78611790669136,0.009736144
2024-08-02 15:45:00+00:00,63409.18,63550.2685,63288.55,63366.215,0.084455602,5.0,63403.372569,65837.83341576211,64265.80900000007,62693.78458423803,-347.3603213218812,-163.92378534678795,40.71890293824637,44.24382257756536,0.084455602
2024-08-02 16:00:00+00:00,63383.3,63490.05,63158.745,63222.9525,0.008777921,4.0,63204.765695,65814.56387037627,64192.452625000056,62570.34137962385,-363.88938085277186,-203.91690444798473,39.317504543232516,43.58698017298765,0.008777921
2024-08-02 16:15:00+00:00,63247.02,63371.6,63053.2305,63092.978,0.025,1.0,63353.828,65766.84027977286,64105.40077500006,62443.96127022725,-383.06094737010426,-239.74571303240864,38.038422624393014,42.8471724998417,0.025
2024-08-02 16:30:00+00:00,63030.065,63420.395,62960.85,63420.395,0.0,0.0,0.0,65713.74022866941,64044.97090000006,62376.2015713307,-367.5973035033967,-265.3160311266063,43.063374331086145,42.87599941067429,0.0
2024-08-02 16:45:00+00:00,63404.04,63421.375,63193.247,63274.135,0.0,0.0,0.0,65658.26216233101,63978.26712500006,62298.27208766911,-362.9602343371298,-284.84487176871096,41.44639232082009,42.685385132027065,0.0
2024-08-02 17:00:00+00:00,63279.675,63303.95,63063.75,63303.95,0.012340774,1.0,63078.0,65588.47143348136,63911.952125000054,62235.43281651874,-352.81249941384885,-298.43839729773856,41.92510998759559,42.584015112769535,0.012340774
2024-08-02 17:15:00+00:00,63268.513,63354.655,63134.5065,63218.7435,0.001536311,1.0,63336.062,65533.43159118494,63850.25055000007,62167.0695088152,-347.6384392954569,-308.2784056972822,40.89607527735106,42.35895646804707,0.001536311
2024-08-02 17:30:00+00:00,63154.67,63317.6055,63154.67,63299.231,0.00447469,1.0,63279.101,65484.375824281,63799.27935000006,62114.182875719125,-333.20234160388645,-313.26319287860304,42.33587444859149,42.35587886545299,0.00447469
2024-08-02 17:45:00+00:00,63237.29,63314.056,63030.8475,63030.8475,0.0,0.0,0.0,65377.91222040063,63715.37825000005,62052.84427959948,-339.50434094406955,-318.51142249169635,38.93033585331984,41.89913979716857,0.0
2024-08-02 18:00:00+00:00,62974.7965,63034.538,62864.965,62907.3055,0.0,0.0,0.0,65252.394105078165,63623.86217500005,61995.33024492194,-350.42801175538625,-324.89474034443435,37.43744858538594,41.304247635597555,0.0
2024-08-02 18:15:00+00:00,62939.99,63136.595,62907.3055,62998.3,0.009329143,3.0,63102.107331,65097.64982640803,63535.64275000006,61973.635673592085,-347.73414117445645,-329.4626205104388,39.28427157491249,41.03491749417288,0.009329143
2024-08-02 18:30:00+00:00,63038.251,63144.8285,62879.8545,62906.607,0.0015,1.0,62881.12,64738.36152585483,63410.98885000006,62083.61617414529,-348.975317885408,-333.3651599854326,38.06488593667078,40.63891328650593,0.0015
2024-08-02 18:45:00+00:00,62874.92,62939.1,62786.452,62843.46,0.0001547,1.0,62898.4,64395.44056990308,63298.11105000005,62200.78153009702,-351.00819060327194,-336.89376610900047,37.20831449208819,40.1815001139169,0.0001547
2024-08-02 19:00:00+00:00,62779.65,62876.9715,62625.155,62714.435,0.036918405,5.0,62834.513201,64167.79243516464,63206.27562500005,62244.75881483546,-358.89339640099206,-341.2936921673988,35.45283462661565,39.551011382276734,0.036918405
2024-08-02 19:15:00+00:00,62756.84,62899.2115,62707.8155,62818.247,0.000773698,1.0,62882.3,63700.205266440666,63103.48575000005,62506.766233559436,-352.7000118105934,-343.5749560960377,37.98790843751037,39.34259765630789,0.000773698
2024-08-02 19:30:00+00:00,62808.695,62824.807,62475.6,62622.575,0.0,0.0,0.0,63563.15114167793,63041.54160000004,62519.93205832215,-359.43743400545645,-346.74745167792145,35.183039342367316,38.78798988111581,0.0
2024-08-02 19:45:00+00:00,62573.05,62718.207,62487.545,62641.093,0.000194763,1.0,62595.03,63566.15618068482,63017.75090000006,62469.345619315296,-359.14266867088736,-349.22649507651465,35.66715602051387,38.37187869970222,0.000194763
2024-08-02 20:00:00+00:00,62648.2795,63058.293,62648.2795,62867.7,0.000417615,1.0,62909.68,63543.562765140094,63033.79605000005,62524.02933486,-336.74202154356317,-346.72960036992436,41.43197755666505,38.7798918806306,0.000417615
2024-08-02 20:15:00+00:00,62888.712,62967.235,62093.359,62443.83,0.109756118,2.0,62253.064724,63577.53325386494,63018.386250000054,62459.23924613517,-349.16713252308546,-347.21710680055656,35.096727245365436,38.288803262595245,0.109756118
2024-08-02 20:30:00+00:00,62513.773,62577.2015,62265.634,62275.692,0.005,1.0,62390.136,63584.313111004616,62963.43460000005,62342.55608899549,-368.3355114099104,-351.44078772242733,32.94477540392938,37.57626621477313,0.005
2024-08-02 20:45:00+00:00,62288.05,62591.1195,62196.72,62532.5735,0.0025,1.0,62384.6,63540.80211210935,62921.75252500004,62302.70293789073,-358.66394488067453,-352.88541915407677,39.089593872213925,37.77804323576523,0.0025
2024-08-02 21:00:00+00:00,62510.704,62616.435,61883.9655,61883.9655,0.015741592,2.0,62352.595878,63604.83625847091,62854.803175000045,62104.77009152918,-398.7399774303485,-362.05633080933114,31.29224000458079,36.91326947160731,0.015741592
2024-08-02 21:15:00+00:00,61905.99,62113.93,61592.092,61592.092,0.00288385,2.0,61786.802771,63700.39207627569,62779.75887500004,61859.1256737244,-448.8778892293267,-379.42064249333026,28.53392043730116,35.796022933699824,0.00288385
2024-08-02 21:30:00+00:00,61557.1402692305,62074.93,61267.765,62038.5,0.009316585,5.0,61538.393071,63636.01766198022,62710.66412500005,61785.31058801987,-447.4334168298956,-393.02319736064334,37.59444175565875,36.035812109961014,0.009316585
2024-08-02 21:45:00+00:00,62036.185,62094.647,61887.5275,61962.8,0.007259449,1.0,62055.7,63587.1395386393,62645.09737500005,61703.0552113608,-447.2414978066445,-403.86685744984356,36.74372496687815,36.1302004908833,0.007259449
2024-08-02 22:00:00+00:00,61969.9,62192.983,61911.1075,62062.25,0.007838877,2.0,62192.523793,63506.673625345946,62583.01237500005,61659.35112465415,-434.06103136042657,-409.9056922319602,38.706057093893094,36.47364803795127,0.007838877
2024-08-02 22:15:00+00:00,61967.6735,61967.6735,61711.0695,61837.98,0.0,0.0,0.0,63443.63481671371,62513.97420000004,61584.31358328637,-436.6783749554379,-415.2602287766557,35.99428300925608,36.40973270079191,0.0
2024-08-02 22:30:00+00:00,61909.501,61909.501,61655.5,61660.241,0.0,0.0,0.0,63359.3069693409,62432.024700000045,61504.74243065919,-447.9312182283902,-421.7944266670026,33.96341297411517,36.083556737235014,0.0
2024-08-02 22:45:00+00:00,61579.3955,61655.4,61190.629,61266.456,0.001309714,1.0,61250.0,63358.06049871234,62343.80512500005,61329.54975128776,-483.05596759348555,-434.0467348522992,29.933732605457507,35.263580186331346,0.001309714
2024-08-02 23:00:00+00:00,61440.116,61648.4695,61262.621,61614.555,0.0,0.0,0.0,63306.22969110843,62279.167600000044,61252.10550889166,-477.30186561350274,-442.6977610045399,37.044570156992044,35.50104551575277,0.0
2024-08-02 23:15:00+00:00,61627.631,61681.95,61379.289,61655.6325,0.0,0.0,0.0,63217.597699513535,62212.03422500005,61206.47075048656,-464.07749094982864,-446.97370699359766,37.84618450379551,35.81373071415847,0.0
2024-08-02 23:30:00+00:00,61684.6555,61684.6555,61447.33,61447.33,0.0,0.0,0.0,63144.22272665628,62139.07037500005,61133.91802334382,-465.044604920462,-450.58788657897054,35.38562262767408,35.75664963596055,0.0
2024-08-02 23:45:00+00:00,61452.245,61452.245,61368.55,61400.79,0.0,0.0,0.0,63066.58527139177,62066.93687500005,61067.28847860833,-464.2152542715776,-453.3133601174919,34.840600171964034,35.63450970742768,0.0
2024-08-03 00:00:00+00:00,61421.394,61516.564,61349.192,61516.564,0.0,0.0,0.0,62987.695793009916,62007.04332500005,61026.39085699018,-449.0397430307494,-452.4586367001434,37.422703937262575,35.872935604739,0.0
2024-08-03 00:15:00+00:00,61547.6,61612.37,61508.75,61582.1075,0.0,0.0,0.0,62867.68020465434,61945.23635000004,61022.79249534575,-426.80429413232196,-447.32776818657914,38.89891618142042,36.276399681629854,0.0
2024-08-03 00:30:00+00:00,61457.8255,61475.805,61260.882,61304.675,0.0,0.0,0.0,62786.997837968825,61879.341350000046,60971.68486203127,-426.65085930725763,-443.19238641071485,35.122107643622584,36.12249407656222,0.0
2024-08-03 00:45:00+00:00,61335.4005,61463.016,60891.8195,61057.6125,1.15693958,5.0,61088.193761,62704.46856935474,61800.167325000046,60895.86608064535,-441.37721824138134,-442.82935277684817,32.1302825998704,35.59019921300331,1.15693958
2024-08-03 01:00:00+00:00,61095.734,61199.9,60483.0615,60614.93,0.013367347,4.0,60541.792593,62593.09125503435,61687.528825000045,60781.96639496574,-483.1987277397275,-450.903227769424,27.59453473206481,34.52411061554484,0.013367347
2024-08-03 01:15:00+00:00,60712.011,61097.125,60614.945,61097.125,0.000159835,1.0,60877.4,62490.379884349,61620.19357500004,60750.00726565108,-471.9926314465265,-455.1211085048445,37.88115613720143,34.971716685099054,0.000159835
2024-08-03 01:30:00+00:00,61126.6505,61169.8835,60782.3655,61033.605,0.0043132,1.0,61136.421,62409.369440940725,61558.08922500004,60706.809009059354,-462.90121547383023,-456.6771298986417,37.1327607248332,35.25985589039694,0.0043132
2024-08-03 01:45:00+00:00,60996.85,61230.86,60984.05,61230.86,0.0,0.0,0.0,62227.32316596009,61493.003550000045,60758.68393404,-434.7676420995049,-452.29523233881434,41.02902506408925,36.02907844688925,0.0
2024-08-03 02:00:00+00:00,61267.697,61447.1005,61213.45,61406.45,0.004764529,1.0,61267.697,62181.77996365083,61469.127775000044,60756.47558634926,-393.7638721669209,-440.58896030443566,44.33617231963051,37.13669096325475,0.004764529
2024-08-03 02:15:00+00:00,61395.71,61479.4175,61161.52,61161.52,0.008716758,1.0,61395.71,62170.039268043045,61447.599175000054,60725.15908195706,-376.6896493175518,-427.8090981070589,40.89130073181833,37.637305599063225,0.008716758
2024-08-03 02:30:00+00:00,61228.691,61363.1095,61196.05,61341.85,0.000121427,1.0,61302.2,62083.19213425218,61412.76667500006,60742.34121574793,-344.63435051171837,-411.17414858799077,44.32145314012066,38.52852527120422,0.000121427
2024-08-03 02:45:00+00:00,61314.57,61396.63,61278.49,61378.945,0.0,0.0,0.0,62004.68814897256,61383.573925000055,60762.459701027554,-312.6331978802409,-391.4659584464408,45.028152059368914,39.39514217629284,0.0
2024-08-03 03:00:00+00:00,61377.7,61480.515,61261.772,61480.515,0.0,0.0,0.0,61895.00358970897,61354.48717500005,60813.97076029114,-275.8958481219015,-368.35193638153294,47.0113415822621,40.410635430422076,0.0
2024-08-03 03:15:00+00:00,61444.265,61722.179,61399.08,61689.179,0.014190682,2.0,61691.210192,61864.33547628094,61347.047125000056,60829.75877371917,-227.32335075429,-340.14621925608435,50.92807269174775,41.81296039859883,0.014190682
2024-08-03 03:30:00+00:00,61636.3195,61791.635,61607.505,61791.635,0.062823466,3.0,61735.174734,61889.64685176026,61353.616825000056,60817.58679823985,-178.50426762292045,-307.8178289294516,52.773926179893685,43.27442250277148,0.062823466
2024-08-03 03:45:00+00:00,61710.8885,61860.125,61691.2845,61813.12,0.00461,1.0,61742.57,61951.08071701685,61380.950025000064,60810.81933298328,-136.5075584160295,-273.55577482676716,53.171717212374624,44.59406179738523,0.00461
2024-08-03 04:00:00+00:00,61848.04,61921.89,61778.94,61785.905,1.6168e-05,1.0,61848.04,61978.27795780499,61389.51752500007,60800.75709219515,-104.21950922640099,-239.68852170669393,52.5676993511708,45.65721347122331,1.6168e-05
2024-08-03 04:15:00+00:00,61794.95,61794.95,61682.6565,61762.933,0.0147413,2.0,61727.526262,61995.08926495541,61394.88255000006,60794.67583504471,-79.56744209234603,-207.66430578382435,52.03041825045359,46.50697410845401,0.0147413
2024-08-03 04:30:00+00:00,61722.4,61722.4,61632.3215,61634.7245,0.0,0.0,0.0,62013.228152097785,61404.25227500006,60795.27639790233,-69.57385169282497,-180.04621496562447,49.019139418738625,46.84192948315862,0.0
2024-08-03 04:45:00+00:00,61589.425,61625.9,61355.605,61498.19,0.0,0.0,0.0,62019.46579552988,61409.12227500005,60798.77875447022,-71.8428922437015,-158.40555042123987,45.968016611427835,46.72540776692785,0.0
2024-08-03 05:00:00+00:00,61503.845,61627.0545,61474.4395,61578.717,0.071155066,1.0,61537.1,62025.35659412887,61412.22992500005,60799.10325587123,-66.37810188050207,-140.0000607130923,48.022912145423284,46.898408350727244,0.071155066
2024-08-03 05:15:00+00:00,61570.4,61606.2,61466.05,61521.675,0.007247721,1.0,61570.4,62019.545713495434,61409.20830000006,60798.87088650468,-65.89048433804419,-125.17814543808268,46.66895529069627,46.86781460938978,0.007247721
2024-08-03 05:30:00+00:00,61546.85,61582.632,61490.855,61536.505,0.000272406,1.0,61545.77,62031.56141849866,61420.79980000005,60810.03818150144,-63.57453914851067,-112.85742418016828,47.086643994653805,46.89699186075832,0.000272406
2024-08-03 05:45:00+00:00,61529.5895,61677.421,61529.5895,61645.59,0.0126203,2.0,61633.086324,62044.58718687964,61450.19867500005,60855.81016312046,-52.33361868208158,-100.75266308055095,50.1776873067074,47.33441792021819,0.0126203
2024-08-03 06:00:00+00:00,61645.005,61714.1775,61638.55,61714.1775,0.0003,1.0,61680.2,61969.5062497296,61505.16105000005,61040.815850270505,-37.45886767638876,-88.0939039997185,52.07343571733297,47.966286959833496,0.0003
2024-08-03 06:15:00+00:00,61746.102,61746.102,61633.719,61633.719,0.0,0.0,0.0,61959.47628073339,61531.990750000055,61104.50521926672,-31.796320675617608,-76.83438733489832,49.68510391417159,48.195462553745244,0.0
2024-08-03 06:30:00+00:00,61692.02,61692.02,61632.01,61661.015,0.0,0.0,0.0,61927.31073298604,61563.36125000005,61199.41176701406,-24.820042305495008,-66.43151832901766,50.51432378283106,48.504644050956685,0.0
2024-08-03 06:45:00+00:00,61751.456,61775.968,61710.4075,61775.968,0.025,1.0,61751.456,61931.81557823077,61590.616650000055,61249.417721769336,-9.901407772711536,-55.125496217756435,53.95586829239096,49.231473949814585,0.025
2024-08-03 07:00:00+00:00,61774.8305,61848.617,61694.8315,61694.8315,0.0,0.0,0.0,61938.16294653206,61605.03572500006,61271.90850346806,-4.572609688366356,-45.01491891187842,51.24679216008916,49.50018304451786,0.0
2024-08-03 07:15:00+00:00,61654.825,61703.985,61654.825,61661.64,0.0,0.0,0.0,61894.18584230715,61630.041725000054,61365.897607692954,-2.9932709078857442,-36.610589311079885,50.13776348624213,49.5851937700811,0.0
2024-08-03 07:30:00+00:00,61692.065,61787.892,61686.2,61701.201,0.206310507,8.0,61746.544732,61877.97148430455,61648.009275000055,61418.04706569556,1.4340773777657887,-29.00165597331075,51.485402534776945,49.83855493870721,0.206310507
2024-08-03 07:45:00+00:00,61604.9315,61630.5005,61589.725,61616.1,0.0,0.0,0.0,61854.91757311525,61659.86702500006,61464.816476884866,-1.9022289782369626,-23.581770574295994,48.45176611186348,49.65364976179471,0.0
2024-08-03 08:00:00+00:00,61581.644,61662.135,61558.875,61601.75,0.0,0.0,0.0,61845.20460999242,61665.92877500006,61486.6529400077,-5.639195736031979,-19.993255606643192,47.93882358054146,49.42500627096094,0.0
2024-08-03 08:15:00+00:00,61523.72,61627.2665,61523.72,61627.2665,0.0,0.0,0.0,61842.53382652951,61662.83315000006,61483.13247347061,-6.4672500820452115,-17.288054501723597,48.97327635390059,49.3647756153529,0.0
2024-08-03 08:30:00+00:00,61588.59,61599.63,61499.625,61499.625,0.001216888,2.0,61530.596156,61831.12341378263,61648.232650000056,61465.34188621748,-17.224537674141175,-17.275351136207114,44.23797710892241,48.68120248116217,0.001216888
2024-08-03 08:45:00+00:00,61458.425,61575.255,61430.4175,61575.255,0.0,0.0,0.0,61805.190854662666,61636.33940000004,61467.487945337416,-19.42315857765061,-17.70491262449581,47.478480190911085,48.52083950912869,0.0
2024-08-03 09:00:00+00:00,61544.125,61574.35,61424.225,61424.225,0.015802671,1.0,61574.35,61796.3767617643,61618.255400000045,61440.13403823579,-32.9723554840748,-20.758401196411608,42.2039819431143,47.67859183366011,0.015802671
2024-08-03 09:15:00+00:00,61438.4005,61556.811,61434.3125,61556.811,0.00015827,1.0,61479.6,61774.89575247601,61607.94930000005,61441.00284752409,-32.63540883828682,-23.13380272478665,47.69721801209616,47.68107532411825,0.00015827
2024-08-03 09:30:00+00:00,61500.55,61644.085,61500.55,61644.085,2.2886e-05,1.0,61529.155,61775.71352132102,61608.417325000046,61441.12112867907,-25.03747731992189,-23.5145376438137,50.99870648693388,48.123426145827,2.2886e-05
2024-08-03 09:45:00+00:00,61598.335,61684.189,61573.458,61673.827,0.001870013,2.0,61606.986007,61778.77023126488,61617.19917500005,61455.62811873522,-16.426773397332,-22.09698479451736,52.10817842756919,48.65472645005929,0.001870013
2024-08-03 10:00:00+00:00,61697.054,61725.295,61637.495,61725.295,1.6208e-05,1.0,61697.054,61791.654138312864,61624.52807500005,61457.40201168724,-5.387586296761583,-18.755105094966204,54.04715683128606,49.373717167556194,1.6208e-05
2024-08-03 10:15:00+00:00,61618.736,61665.35,61618.736,61665.35,0.0,0.0,0.0,61792.77774594633,61631.71182500005,61470.64590405377,-1.4591908613074338,-15.295922248234449,51.43516331316535,49.64857665363741,0.0
2024-08-03 10:30:00+00:00,61635.6805,61752.565,61635.6805,61752.565,2.8968e-05,1.0,61643.72,61805.559732088404,61642.51482500006,61479.46991791171,8.592562723300944,-10.51822525392737,54.85372974033458,50.34259706519703,2.8968e-05
2024-08-03 10:45:00+00:00,61725.955,61802.685,61725.955,61802.685,0.0,0.0,0.0,61827.755761011846,61650.369575000055,61472.983388988265,20.368123933760216,-4.340955416389853,56.738374430848246,51.19536738061719,0.0
2024-08-03 11:00:00+00:00,61762.55,61823.9845,61749.255,61809.3275,0.00157505,1.0,61778.27,61843.84527203932,61655.12707500005,61466.40887796078,29.891761646416853,2.505587996171488,56.99460781056099,51.968599437943034,0.00157505
2024-08-03 11:15:00+00:00,61802.44,61899.3,61802.44,61822.193,0.015719712,1.0,61899.3,61866.41676255178,61664.55077500005,61462.684787448314,38.0389620008209,9.612262797101373,57.519419026380426,52.708708716401354,0.015719712
2024-08-03 11:30:00+00:00,61867.814,61897.02,61827.805,61877.978,3.4323e-05,1.0,61836.89,61897.63052316418,61675.39892500006,61453.16732683594,48.43868920725072,17.37754807913124,59.80964077668223,53.65549965777214,3.4323e-05
2024-08-03 11:45:00+00:00,61932.24,61974.334,61861.9945,61888.77,0.001570101,2.0,61973.224087,61918.40426187409,61681.03902500005,61443.673788126005,56.89551605893212,25.281141675091416,60.256044042075416,54.53557224234591,0.001570101
2024-08-03 12:00:00+00:00,61851.21,61936.762,61813.108,61936.762,0.0,0.0,0.0,61955.42880863393,61693.13555000005,61430.84229136617,66.70127480530209,33.56516830113355,62.26338002086652,55.565946612815324,0.0
2024-08-03 12:15:00+00:00,61910.735,62108.805,61910.735,62104.0835,0.0002,4.0,61948.48825,62032.14483518798,61715.257725000054,61398.37061481213,86.9713048794656,44.246395616799965,68.27880248999303,57.260994063105684,0.0002
2024-08-03 12:30:00+00:00,62136.7905,62136.7905,62001.487,62086.7595,3.7523e-05,1.0,62001.487,62090.19571592909,61734.535650000056,61378.87558407102,100.47928508139012,55.492973509718,67.08641117492314,58.57104967801468,3.7523e-05
2024-08-03 12:45:00+00:00,62037.5465,62037.5465,61913.79,61967.95,0.0,0.0,0.0,62117.29543959644,61752.12815000005,61386.960860403655,100.4397164637412,64.48232210052264,59.42217109378765,58.684532533451076,0.0
2024-08-03 13:00:00+00:00,61989.8,61998.4,61820.27,61881.503,0.053729066,2.0,61825.473283,62128.59253682979,61766.11580000005,61403.63906317031,92.36804627653328,70.05946693572477,54.53979238785814,58.13190051403868,0.053729066
2024-08-03 13:15:00+00:00,61913.37,61952.935,61848.66,61869.609,0.0,0.0,0.0,62137.5217068091,61778.232925000055,61418.94414319101,84.04265172784653,72.85610389414913,53.88379245762624,57.56548610651703,0.0
2024-08-03 13:30:00+00:00,61833.5725,61903.4735,61833.5725,61836.7,3.1996e-05,1.0,61868.391,62131.40711413284,61795.08667500005,61458.76623586726,73.93693632101349,73.072270379522,52.01944248371995,56.826013623477415,3.1996e-05
2024-08-03 13:45:00+00:00,61873.2975,61972.6575,61873.2975,61972.6575,0.0,0.0,0.0,62143.853800315366,61814.95680000006,61486.05979968475,76.02237939177576,73.66229218197275,58.42011666583047,57.038560695791155,0.0
2024-08-03 14:00:00+00:00,62068.94,62079.002,61881.098,61920.6745,0.007935349,2.0,61989.868998,62118.00507227756,61839.77927500005,61561.55347772254,72.64312961083488,73.45845966774517,55.37823448230254,56.81718386732601,0.007935349
2024-08-03 14:15:00+00:00,61990.05,62021.1965,61979.76,62020.7235,0.0,0.0,0.0,62119.47324264258,61862.97490000005,61606.47655735752,77.14884411738603,74.19653655767334,59.724868118757776,57.204875100850245,0.0
2024-08-03 14:30:00+00:00,62053.242,62100.48,62019.6815,62097.22,3.47e-05,1.0,62046.86,62140.8368266744,61885.631650000054,61630.42647332571,85.90205811405758,76.53764086895019,62.7154053197875,57.93961246337521,3.47e-05
2024-08-03 14:45:00+00:00,62120.04,62120.04,61956.585,61956.85,0.0003,1.0,62120.04,62137.20822142343,61899.78280000006,61662.357378576686,80.58344163721631,77.34680102260342,54.69047368656674,57.50639395980075,0.0003
2024-08-03 15:00:00+00:00,62000.666,62030.126,61958.825,61958.825,0.0,0.0,0.0,62136.033265402686,61911.45930000006,61686.885334597435,75.65565446433902,77.00857171095053,54.77815214305125,57.14262838423415,0.0
2024-08-03 15:15:00+00:00,61919.3715,61919.3715,61547.7235,61547.7235,0.0,0.0,0.0,62159.82567889452,61905.57797500006,61651.330271105595,38.13825819539488,69.2345090078394,38.205396421568096,54.61766412254534,0.0
2024-08-03 15:30:00+00:00,61575.7955,61668.7,61273.005,61338.4115,0.000721723,2.0,61352.310247,62234.98404107984,61884.87030000005,61534.756558920264,-8.387590826656378,53.71008904094025,32.76933098957725,51.7045530381496,0.000721723
2024-08-03 15:45:00+00:00,61345.9845,61345.9845,60817.591,60850.65,0.008103135,2.0,61097.467568,62408.3091495722,61837.26855000005,61266.22795042791,-83.65363104818971,26.23734502311425,24.147050757088763,48.03021940067482,0.008103135
2024-08-03 16:00:00+00:00,60883.6,60983.3,60712.5755,60867.6315,0.030005744,7.0,60932.507508,62500.88939517925,61790.18375000005,61079.478104820846,-140.31478357448214,-7.073080696405026,24.88804838926317,44.944596599153265,0.030005744
2024-08-03 16:15:00+00:00,60867.5985,60916.9795,60426.485,60916.9795,0.01879,3.0,60545.905707,62550.65293873458,61744.92307500004,60939.193211265505,-179.17180297742743,-41.49282515260951,27.116243850897252,42.567482899385794,0.01879
2024-08-03 16:30:00+00:00,60946.385,61210.499,60495.8985,60538.14,0.0010284,3.0,61171.371267,62636.56213113416,61677.93117500005,60719.30021886594,-237.7943076039155,-80.75312164287072,21.7756875529702,39.79524351986372,0.0010284
2024-08-03 16:45:00+00:00,60580.089,61027.8,60436.6465,60891.5745,0.012365253,5.0,60915.009679,62639.90640801405,61628.07140000005,60616.23639198605,-252.81950857790798,-115.16639902987818,34.6975424824978,39.11555004821493,0.012365253
2024-08-03 17:00:00+00:00,60854.2985,60942.9165,60687.221,60757.5385,0.000800723,1.0,60760.0,62637.94694382346,61569.11022500005,60500.273506176636,-272.4025861663249,-146.61363645716753,32.50460996489329,38.23409137043871,0.000800723
2024-08-03 17:15:00+00:00,60757.06,60757.06,60598.3645,60707.792,0.0,0.0,0.0,62601.13509743637,61499.295650000044,60397.45620256372,-288.60953201290977,-175.01281556831597,31.703738565356137,37.36337766309437,0.0
2024-08-03 17:30:00+00:00,60680.265,60786.873,60542.565,60743.252,5.5666e-05,1.0,60584.79,62546.255674772394,61432.12027500005,60317.98487522771,-295.1895661432718,-199.04816568330713,32.97150193001765,36.77779423201747,5.5666e-05
2024-08-03 17:45:00+00:00,60694.6405,60712.7355,60437.666,60534.2655,0.000481039,1.0,60683.58,62511.326625654525,61360.436050000055,60209.545474345585,-313.65216762839555,-221.9689660723248,29.496350478650353,35.80693506490186,0.000481039
2024-08-03 18:00:00+00:00,60498.553,60631.36,60443.725,60538.902,0.003217121,1.0,60491.3,62471.10259893576,61293.306000000055,60115.50940106435,-324.17292186740815,-242.40975723134147,29.67344741540347,34.9891367116354,0.003217121
2024-08-03 18:15:00+00:00,60587.595,60750.355,60422.905,60595.175,0.002539931,5.0,60552.370098,62413.65159425677,61229.58430000006,60045.51700574335,-324.23238548068184,-258.77428288120956,31.908993827758188,34.57845099378511,0.002539931
2024-08-03 18:30:00+00:00,60598.885,60653.0045,60179.417,60324.285,0.004524297,4.0,60219.11251,62366.12560017569,61153.96355000006,59941.801499824425,-342.19347651124554,-275.45812160721675,27.394533337416725,33.62059530626933,0.004524297
2024-08-03 18:45:00+00:00,60348.5,60374.47,60172.16,60172.16,0.005294963,8.0,60258.92136,62286.90826121962,61063.938675000056,59840.96908878049,-364.5012432558651,-293.26674593694645,25.23532774006501,32.50255963077542,0.005294963
2024-08-03 19:00:00+00:00,60219.05,60266.3015,60087.357,60195.742,0.0,0.0,0.0,62190.067621369126,60977.692050000056,59765.316478630986,-375.94379277651024,-309.8021553048592,26.20631606855936,31.663060489146613,0.0
2024-08-03 19:15:00+00:00,60216.15,60216.15,59944.69,59944.69,0.000539833,2.0,60036.772699,62066.614610121316,60873.89037500005,59681.16613987879,-400.6514336513501,-327.97201097415734,22.80998301667898,30.482650159484262,0.000539833
2024-08-03 19:30:00+00:00,59980.004,60096.5,59908.35,60053.463,0.436104226,5.0,60031.616518,61874.48755189693,60771.70252500005,59668.917498103176,-406.76639520683966,-343.7308878206938,27.21156488448876,30.04650545615153,0.436104226
2024-08-03 19:45:00+00:00,60095.9465,60568.958,60095.9465,60199.886,0.0250375,2.0,60391.485891,61668.61089935268,60683.854325000044,59699.09775064741,-395.24133779069234,-354.0329778146935,32.76918550907887,30.409529463208507,0.0250375
2024-08-03 20:00:00+00:00,60155.672,60409.76,60136.885,60396.485,0.122714887,3.0,60176.472509,61403.69887127738,60605.73732500005,59807.775778722724,-366.02444850122265,-356.4312719519993,39.45371305037859,31.615420608164516,0.122714887
2024-08-03 20:15:00+00:00,60360.2465,60522.2325,60327.566,60519.55,0.008051078,1.0,60429.12,61225.29011096108,60554.328650000054,59883.367189039025,-329.1453534909451,-350.97408825978846,43.25694648244915,33.16762405806914,0.008051078
2024-08-03 20:30:00+00:00,60586.25,60634.94,60478.484,60478.484,7.1863e-05,1.0,60572.6,61077.890152094966,60511.33227500005,59944.77439790514,-299.7764516624811,-340.734560940327,42.302043295545715,34.38554662306601,7.1863e-05
2024-08-03 20:45:00+00:00,60579.199,60579.199,60313.6335,60329.9175,0.000964347,2.0,60540.744316,61034.68728184921,60485.29565000006,59935.904018150904,-285.2018311226566,-329.62801497679294,38.95195739714018,34.99440139294257,0.000964347
2024-08-03 21:00:00+00:00,60280.715,60318.1215,59892.1345,60196.174,0.002513601,1.0,60110.372,60985.393777270765,60451.72277500005,59918.05177272934,-281.2018027097147,-319.9427725233773,36.174581938757214,35.15175879905119,0.002513601
2024-08-03 21:15:00+00:00,60228.386,60493.6045,60157.7705,60423.25,0.013400945,1.0,60370.776,60916.15430848252,60427.03630000006,59937.9182915176,-256.7489735803829,-307.30401273477844,43.53598050973994,36.269655027143024,0.013400945
2024-08-03 21:30:00+00:00,60488.55,60641.017,60383.6165,60641.017,0.010433009,1.0,60622.533,60927.98185533277,60432.180150000066,59936.37844466736,-217.293133395513,-289.3018368669253,49.54589987699121,38.03982100712278,0.010433009
2024-08-03 21:45:00+00:00,60692.402,60821.785,60571.005,60571.005,0.0,0.0,0.0,60870.50563064238,60416.15167500005,59961.797719357724,-189.4891659185305,-269.33930267724634,47.78492616469626,39.339168361465916,0.0
2024-08-03 22:00:00+00:00,60629.25,60715.844,60333.24,60649.986,0.00728142,2.0,60521.025693,60851.169948096314,60410.77405000005,59970.37815190379,-159.2455313890532,-247.32054841960772,49.94623452804849,40.753443850343594,0.00728142
2024-08-03 22:15:00+00:00,60576.9105,60617.5,60576.9105,60577.835,0.0,0.0,0.0,60830.55967202117,60404.27620000006,59977.99272797895,-139.49124756808305,-225.75468824930277,47.99192470461721,41.71857463091341,0.0
2024-08-03 22:30:00+00:00,60600.583,60658.121,60600.583,60639.75,0.0,0.0,0.0,60811.07092338727,60399.10110000005,59987.13127661283,-117.4855124084279,-204.1008530811278,49.80690875234229,42.79701918043726,0.0
2024-08-03 22:45:00+00:00,60526.8955,60633.7,60526.8955,60586.3475,3.2671e-05,2.0,60599.842542,60817.69843298842,60401.70520000005,59985.71196701167,-103.16571406501316,-183.9138252779049,48.24308607437315,43.52316143296205,3.2671e-05
2024-08-03 23:00:00+00:00,60619.96,60631.3535,60400.6985,60400.6985,0.0,0.0,0.0,60806.00662275066,60394.79502500004,59983.583427249425,-105.58042802313139,-168.2471458269502,43.168709501010724,43.47590117536854,0.0
2024-08-03 23:15:00+00:00,60426.62,60788.886,60396.168,60788.886,0.0,0.0,0.0,60842.374227675245,60404.48057500004,59966.58692232483,-75.30257795587386,-149.65823225273493,54.05174914213995,44.886014237604726,0.0
2024-08-03 23:30:00+00:00,60767.41,60773.666,60654.356,60772.755,0.0,0.0,0.0,60891.20843854971,60426.90407500004,59962.59971145038,-52.00927003473771,-130.1284398091355,53.59247611088496,46.046875820708756,0.0
2024-08-03 23:45:00+00:00,60735.105,60735.105,60643.749,60643.749,0.0,0.0,0.0,60908.50100906679,60450.48352500005,59992.4660409333,-43.45790605054208,-112.79433305741682,49.93799599200873,46.565691843548755,0.0
2024-08-04 00:00:00+00:00,60610.3,60728.143,60610.3,60728.143,0.0201,2.0,60693.11592,60934.69052342476,60477.10357500004,60019.516626575314,-29.530587760353228,-96.14158399800411,52.23276123335408,47.3213010955228,0.0201
2024-08-04 00:15:00+00:00,60706.595,60749.42,60607.3,60607.3,0.0,0.0,0.0,60899.71151220203,60510.234075000044,60120.756637798055,-27.92223767247924,-82.49771473289914,48.78445297564872,47.51638801287292,0.0
2024-08-04 00:30:00+00:00,60607.1145,60743.0595,60607.1145,60738.82,0.006415094,1.0,60671.86,60884.675224868406,60544.50192500005,60204.32862513169,-15.852308256937249,-69.16863343770676,52.462791987615745,48.175908542838634,0.006415094
2024-08-04 00:45:00+00:00,60698.0725,60709.078,60698.0725,60702.975,0.0,0.0,0.0,60876.9959339073,60569.65637500006,60262.31681609281,-9.074587965478713,-57.14982434326115,51.37970579704242,48.603081510065806,0.0
2024-08-04 01:00:00+00:00,60715.85,60715.85,60462.913,60528.0675,0.0,0.0,0.0,60873.9479901854,60576.235500000046,60278.52300981469,-17.61372918482084,-49.24260531157309,46.35121903871402,48.302833180552234,0.0
2024-08-04 01:15:00+00:00,60561.7335,60623.0805,60500.588,60500.588,0.0,0.0,0.0,60873.83553834237,60575.287400000045,60276.73926165772,-26.295310149434954,-44.65314627914546,45.59619739720939,47.94194840943985,0.0
2024-08-04 01:30:00+00:00,60474.148,60475.681,60318.151,60475.681,0.0,0.0,0.0,60873.8796045728,60575.14725000005,60276.414895427304,-34.78434013424703,-42.67938505016578,44.88256721890791,47.53403091736892,0.0
2024-08-04 01:45:00+00:00,60511.98,60703.9,60495.387,60703.9,0.0,0.0,0.0,60875.147492380966,60593.846375000045,60312.545257619124,-22.833382542470645,-38.71018454862675,52.256128227950725,48.163643892113164,0.0
2024-08-04 02:00:00+00:00,60739.2925,60932.3545,60697.705,60826.27,0.0,0.0,0.0,60858.45113995966,60625.351175000054,60392.25121004045,-3.4481777905966737,-31.657783197020734,55.679841943970665,49.165803632360834,0.0
2024-08-04 02:15:00+00:00,60897.0595,60956.9565,60852.395,60956.9565,0.003192825,1.0,60951.6,60907.5959034808,60652.03650000006,60396.477096519324,22.204090066748904,-20.885408544266806,59.05663029467495,50.48458052066938,0.003192825
2024-08-04 02:30:00+00:00,60992.97,61087.267,60768.4045,60768.4045,0.0033,1.0,61083.4,60918.85231740872,60658.405875000055,60397.95943259139,27.007797475584084,-11.306767340296627,52.80539384350569,50.794022297047555,0.0033
2024-08-04 02:45:00+00:00,60804.95,60874.05,60804.171,60874.05,0.03,1.0,60853.02,60946.84676687868,60673.55812500006,60400.26948312144,38.891165987064596,-1.2671806748243812,55.638777055662395,51.4399895981962,0.03
2024-08-04 03:00:00+00:00,60788.0945,60841.725,60723.9415,60781.8885,0.003200647,1.0,60802.642,60957.188742482394,60680.15325000007,60403.11775751774,40.40637874121603,7.067531208383701,52.66817527235297,51.60374768808377,0.003200647
2024-08-04 03:15:00+00:00,60818.3,60834.38,60686.035,60691.9785,0.0,0.0,0.0,60958.903533610726,60685.860425000064,60412.8173163894,33.9607319959905,12.44617136590506,49.87076577382295,51.372683432848994,0.0
2024-08-04 03:30:00+00:00,60668.6065,60726.208,60658.223,60726.208,0.0,0.0,0.0,60962.906885411976,60690.18332500007,60417.459764588166,31.254265377989213,16.207790168321893,50.93913221971751,51.31487660443146,0.0
2024-08-04 03:45:00+00:00,60693.985,60774.8175,60693.985,60718.1,0.0,0.0,0.0,60965.47905487185,60696.77095000008,60428.062845128305,28.130848336782947,18.592401802014102,50.66369419762936,51.22805228352451,0.0
2024-08-04 04:00:00+00:00,60750.2,60750.2,60642.6,60685.375,0.004824471,2.0,60713.734837,60943.14230520905,60711.00477500008,60478.867244791116,22.75260594453721,19.424442630518723,49.50028983178753,50.99768395662625,0.004824471
2024-08-04 04:15:00+00:00,60671.095,60730.2285,60671.095,60728.77,0.0,0.0,0.0,60937.56752074102,60707.99897500009,60478.43042925916,21.74130371762294,19.887814847939566,51.10373546263721,51.01182415742771,0.0
2024-08-04 04:30:00+00:00,60748.187,60767.445,60610.57,60622.562,0.0,0.0,0.0,60930.91797905328,60700.48932500009,60470.0606709469,12.228775719697296,18.356007022291113,47.15720356095682,50.497874744564925,0.0
2024-08-04 04:45:00+00:00,60616.102,60635.7705,60525.7165,60525.7165,0.0,0.0,0.0,60936.29674632413,60694.58770000009,60452.87865367605,-3.0889858253358398,14.067008452765721,43.83311771185596,49.609240473537064,0.0
2024-08-04 05:00:00+00:00,60530.43,60607.1775,60530.43,60601.968,0.0,0.0,0.0,60932.72639199336,60688.2789500001,60443.83150800684,-8.972138194520085,9.45917912330856,47.00083795809642,49.26145347147831,0.0
2024-08-04 05:15:00+00:00,60585.84,60649.338,60585.84,60644.012,0.001203567,2.0,60634.678248,60932.64592671821,60690.1145500001,60447.58317328199,-10.125261695226072,5.542290959601634,48.718231463186264,49.18902387037271,0.001203567
2024-08-04 05:30:00+00:00,60651.1385,60871.1055,60651.1385,60804.785,0.0,0.0,0.0,60940.25966170327,60693.41280000009,60446.56593829692,1.9118781454817508,4.816208396777657,54.75574387913969,49.93125320487497,0.0
2024-08-04 05:45:00+00:00,60772.7375,60779.32,60752.385,60752.385,0.0,0.0,0.0,60944.04900390515,60695.88330000009,60447.717596095026,7.140840947795368,5.281134906981199,52.58283317338943,50.2847972006769,0.0
2024-08-04 06:00:00+00:00,60733.558,60765.9,60707.37,60715.3775,0.0,0.0,0.0,60941.21265835061,60705.248800000096,60469.28494164958,8.20406432911841,5.865720791408641,51.04224999761462,50.38579090693526,0.0
2024-08-04 06:15:00+00:00,60686.95,60779.9125,60686.95,60775.314,0.0,0.0,0.0,60936.996146825375,60718.98510000009,60500.97405317481,13.72483974948409,7.4375445830237314,53.42240136347802,50.790672301140965,0.0
2024-08-04 06:30:00+00:00,60820.7315,60820.7315,60751.635,60751.635,0.0,0.0,0.0,60920.24249330975,60732.78280000009,60545.323106690426,16.004902090229734,9.151016084464931,52.33979199447626,50.99722159358567,0.0
2024-08-04 06:45:00+00:00,60794.65,60854.6,60785.43,60785.43,0.008684577,1.0,60854.6,60925.173313050065,60736.85930000009,60548.54528695012,20.30478110830154,11.381769089232254,53.77944332743966,51.36818449143287,0.008684577
2024-08-04 07:00:00+00:00,60763.878,60763.878,60763.878,60763.878,0.0,0.0,0.0,60918.050272860324,60733.73970000009,60549.42912713986,21.722990810689225,13.450013433523647,52.68644352175953,51.543952362143095,0.0
2024-08-04 07:15:00+00:00,60797.237,60797.237,60547.33,60573.415,0.7,2.0,60563.989091,60880.92067370837,60714.56262500009,60548.20457629181,7.392938687931746,12.238598484405268,44.14727788009389,50.55772909786987,0.7
2024-08-04 07:30:00+00:00,60571.78,60571.78,60357.48,60383.133,0.0,0.0,0.0,60913.42742699318,60695.29905000009,60477.170673007,-19.09775102292042,5.97132858294013,37.59209446138952,48.82897781300582,0.0
2024-08-04 07:45:00+00:00,60416.9775,60416.9775,60245.987,60329.755,0.0,0.0,0.0,60922.9401974393,60668.08430000008,60413.22840256087,-43.89300078472297,-4.001537290592491,35.97821959097375,47.115543383401544,0.0
2024-08-04 08:00:00+00:00,60367.054,60432.615,60118.0005,60216.75,0.008909252,2.0,60199.587946,60955.90958598004,60639.82737500009,60323.74516402013,-71.83391725582624,-17.56801328363924,32.770634193029125,45.202888824685225,0.008909252
2024-08-04 08:15:00+00:00,60189.12,60474.2,60189.12,60421.2125,0.001818911,3.0,60450.097703,60955.21059539813,60626.28907500008,60297.36755460203,-76.59592967898789,-29.37359656270897,42.720914699982856,44.871958941391576,0.001818911
2024-08-04 08:30:00+00:00,60450.0655,60606.7185,60450.0655,60606.7185,0.00243025,1.0,60511.795,60946.0851209846,60620.31460000008,60294.544079015555,-64.65576357543614,-36.430029965254406,49.95765430507396,45.55005165654923,0.00243025
2024-08-04 08:45:00+00:00,60596.9895,60596.9895,60596.9895,60596.9895,0.0,0.0,0.0,60937.02240931951,60614.25907500007,60291.49574068063,-55.34021732820838,-40.2120674378452,49.60369298301913,46.090537166745214,0.0
2024-08-04 09:00:00+00:00,60493.26,60623.2205,60469.32,60623.2205,0.00087749,1.0,60469.32,60932.30879523452,60611.15135000007,60289.99390476562,-45.31855326182267,-41.23336460264069,50.61956731805923,46.69440785358708,0.00087749
2024-08-04 09:15:00+00:00,60658.0365,60658.0365,60589.6725,60621.9,0.0,0.0,0.0,60922.484609479434,60605.80785000006,60289.13109052069,-37.05571043759119,-40.39783376963079,50.564309517061226,47.2103947420503,0.0
2024-08-04 09:30:00+00:00,60563.55,60676.177,60563.55,60647.55,0.007279661,1.0,60563.55,60924.18540563968,60607.05725000007,60289.929094360465,-28.11353203755425,-37.94097342321548,51.66799077183143,47.80474087935445,0.007279661
2024-08-04 09:45:00+00:00,60645.64,60683.1525,60645.64,60666.182,0.0,0.0,0.0,60929.91093078863,60614.08052500007,60298.25011921151,-19.300856287809438,-34.21294999613427,52.497603434839846,48.4304558867525,0.0
2024-08-04 10:00:00+00:00,60697.14,60697.14,60533.255,60533.255,1.6475e-05,1.0,60697.14,60928.41655546899,60610.644875000056,60292.87319453112,-22.780248719915107,-31.92640974089044,46.38089152522188,48.15718063854842,1.6475e-05
2024-08-04 10:15:00+00:00,60562.045,60728.385,60562.045,60651.671,0.0,0.0,0.0,60928.977836612954,60611.027825000056,60293.07781338716,-15.800373859368847,-28.70120256458612,51.77179452719661,48.639129157034844,0.0
2024-08-04 10:30:00+00:00,60635.9,60668.09,60605.205,60638.6805,0.0,0.0,0.0,60908.43630324065,60602.72260000006,60297.00889675947,-11.188028896161995,-25.198567830901293,51.16406942919108,48.97578785998901,0.0
2024-08-04 10:45:00+00:00,60605.2,60780.525,60605.2,60767.95,0.0,0.0,0.0,60910.809648447525,60603.500850000055,60296.192051552585,2.865227458445588,-19.585808773031918,56.62099940321653,49.99514939908602,0.0
2024-08-04 11:00:00+00:00,60848.9,60848.9,60739.95,60797.35,0.001599721,1.0,60825.55,60922.85131769615,60607.59947500007,60292.34763230399,16.188260471790272,-12.43099492406748,57.77657488251432,51.032672796876454,0.001599721
2024-08-04 11:15:00+00:00,60835.416,60953.0865,60809.985,60950.55,0.0,0.0,0.0,60958.375935367745,60616.36127500007,60274.34661463239,38.66313522045675,-2.212168895162634,63.2677184474564,52.66401221695378,0.0
2024-08-04 11:30:00+00:00,60983.2,60983.2,60828.75,60861.55,0.007914105,1.0,60983.2,60975.71705505408,60621.85702500007,60267.99699494606,48.73133469339518,7.97653182254893,58.50739943360107,53.44313051250675,0.007914105
2024-08-04 11:45:00+00:00,60856.975,60887.07,60808.2755,60887.07,0.000447864,1.0,60876.8,60992.76681886732,60626.93902500007,60261.111231132825,58.09996579391736,18.001218616822616,59.44955974426745,54.24398774340818,0.000447864
2024-08-04 12:00:00+00:00,60905.4,61013.4625,60815.29,60815.29,0.159681898,1.0,60936.1,60999.84501921559,60629.50962500008,60259.17423078457,59.05191362716869,26.21135761889183,55.623762258141994,54.42795767870602,0.159681898
2024-08-04 12:15:00+00:00,60818.401,60941.2,60818.401,60876.45,0.0,0.0,0.0,61029.104596385696,60644.66137500007,60260.21815361444,64.00364581985195,33.769815259083856,58.09808266255744,54.91730767655288,0.0
2024-08-04 12:30:00+00:00,60918.2755,60944.9535,60915.854,60944.9535,0.0,0.0,0.0,61058.75216891681,60672.75240000008,60286.75263108334,72.61848846860084,41.539549900987254,60.73866940689484,55.693489240598474,0.0
2024-08-04 12:45:00+00:00,60957.54,61055.082,60931.8345,61036.08,0.0,0.0,0.0,61091.31637307941,60708.06865000009,60324.820926920765,85.80979836754705,50.39359959429921,63.98962336715598,56.799640457472805,0.0
2024-08-04 13:00:00+00:00,61020.715,61020.715,60894.1,60894.1,0.0,0.0,0.0,61059.63650644199,60741.936150000096,60424.235793558204,83.84094089957216,57.083067855353804,56.18371541548554,56.71751711854117,0.0
2024-08-04 13:15:00+00:00,60858.6415,60918.713,60833.9985,60877.4435,0.003219501,1.0,60903.35,61051.01988809142,60764.7477000001,60478.475511908786,80.01421278763155,61.669296841809356,55.33096222059972,56.532643132148976,0.003219501
2024-08-04 13:30:00+00:00,60902.5525,60933.4035,60832.0355,60849.4385,0.0,0.0,0.0,61055.81468860255,60776.8837000001,60497.95271139765,73.87020400718757,64.10947827488499,53.85102469485834,56.17509400717689,0.0
2024-08-04 13:45:00+00:00,60885.595,60922.62,60792.275,60792.275,0.0092,2.0,60860.634891,61053.09895721476,60786.6479750001,60520.196992785444,63.654644945505424,64.01851160900908,50.860654064026875,55.466502014756884,0.0092
2024-08-04 14:00:00+00:00,60834.1785,60834.1785,60525.835,60530.0995,0.0,0.0,0.0,61062.58259983848,60781.9919250001,60501.40125016171,34.01130784651468,58.0170708565102,39.913349542628815,53.392748351806475,0.0
2024-08-04 14:15:00+00:00,60559.127,60559.127,60340.25,60341.4245,0.0,0.0,0.0,61102.09164221085,60767.9681500001,60433.844657789356,-4.652119314763695,45.483232822255424,34.20712598453832,50.83466536950405,0.0
2024-08-04 14:30:00+00:00,60399.3065,60399.3065,59668.7705,59764.99,0.025510076,3.0,59783.486092,61273.514884926684,60723.8401500001,60174.16541507351,-80.87434151445632,20.211717954913077,23.26410474815934,47.15859061999142,0.025510076
2024-08-04 14:45:00+00:00,59789.445,59872.398,59353.0155,59618.6165,0.020880384,6.0,59553.723949,61402.76711243769,60671.461875000095,59940.156637562504,-151.34748037159443,-14.100121710388425,21.392637773225477,43.72313024042263,0.020880384
2024-08-04 15:00:00+00:00,59562.66,59562.66,59254.835,59346.475,0.511381039,6.0,59338.807807,61543.799159094146,60612.1228750001,59680.44659090606,-226.54601388791343,-56.589300145893425,18.424944505053883,40.35003880904013,0.511381039
2024-08-04 15:15:00+00:00,59374.0,59385.68,59199.3425,59307.55,0.009673775,3.0,59292.595416,61635.79873983582,60544.9168250001,59454.03491016439,-285.98565109997435,-102.46857033670962,18.039468854056683,37.37529614837567,0.009673775
2024-08-04 15:30:00+00:00,59311.0,59397.615,59103.0115,59246.1,0.025051145,2.0,59234.210421,61702.58452502427,60475.28780000011,59247.991074975944,-334.1980659971741,-148.8144694688025,17.419865845960643,34.714572108053666,0.025051145
2024-08-04 15:45:00+00:00,59185.7355,59216.775,58957.5445,59016.38,0.006500229,3.0,59104.581371,61760.34524508058,60387.709300000104,59015.07335491963,-386.48804272863345,-196.3491841207687,15.30370805681654,32.12645690122205,0.006500229
2024-08-04 16:00:00+00:00,59042.8,59259.435,58901.5,59227.784,0.013104015,7.0,59095.861838,61756.648805314326,60309.2310000001,58861.81319468588,-406.1874143247478,-238.31683016156452,24.404856784290548,31.096910218964517,0.013104015
2024-08-04 16:15:00+00:00,59187.5955,59187.5955,58849.6795,58927.042,0.01320837,1.0,58934.703,61742.299300092636,60208.055600000094,58673.81189990755,-440.9832933322541,-278.8501227957024,20.955109267392768,29.744670092088285,0.01320837
2024-08-04 16:30:00+00:00,58887.5185,59088.426,58856.62,58983.227,0.50664675,4.0,58969.857925,61705.759000037964,60114.13945000009,58522.519899962215,-458.7375769611317,-314.8276136287883,23.14094280500339,28.864173120476966,0.50664675
2024-08-04 16:45:00+00:00,58890.5265,58890.5265,58583.6020223325,58583.6020223325,0.00567799,3.0,58765.913601,61680.9939287965,59998.96605111672,58316.93817343693,-499.2987651798976,-351.72184393901017,19.09607512251095,27.561760054081496,0.00567799
2024-08-04 17:00:00+00:00,58672.6155,58672.6155,58211.696,58278.318,0.0189057,6.0,58511.012221,61667.585216704516,59872.11745111671,58076.64968552891,-549.7406008629478,-391.3255953237977,16.69528961308617,26.112897328615453,0.0189057
2024-08-04 17:15:00+00:00,58337.6,58465.8,58093.945,58131.185,0.003167178,2.0,58424.333363,61619.73406046556,59734.854201116716,57849.97434176787,-594.7328128555018,-432.0070388301385,15.672606301229116,24.72085852496394,0.003167178
2024-08-04 17:30:00+00:00,58194.515,58220.22,57250.0,57350.3395,0.384164015,9.0,57745.445196,61621.00674937315,59555.123501116715,57489.24025286028,-685.4952089994622,-482.70467286400327,11.60851411322304,22.97254593673182,0.384164015
2024-08-04 17:45:00+00:00,57427.15,57954.705,57353.595,57836.194,0.133266078,7.0,57851.963309,61473.05561630776,59395.1292011167,57317.20278592564,-710.0358132831971,-528.170900947842,24.693688221899322,23.20203157475415,0.133266078
2024-08-04 18:00:00+00:00,57792.627,58239.255,57709.91,58166.8095,0.029194264,6.0,57991.28604,61282.56511555858,59258.7646761167,57234.964236674816,-694.7973201917266,-561.496184796619,32.063768030167765,24.383596435475965,0.029194264
2024-08-04 18:15:00+00:00,58170.0705,58428.81,58096.8665,58332.105,0.532834226,8.0,58148.476388,61049.490488846175,59131.497751116694,57213.505013387214,-661.7544458871052,-581.5478370147163,35.46442257491583,25.861039920734616,0.532834226
2024-08-04 18:30:00+00:00,58314.535,58415.34,58272.775,58409.1775,0.017266996,3.0,58358.515065,60779.57866195537,59009.4847011167,57239.39074027803,-622.176559228079,-589.6735814573888,37.0467711848893,27.352470755955242,0.017266996
2024-08-04 18:45:00+00:00,58379.175,58883.55,58379.175,58740.6,0.001202275,2.0,58763.627477,60478.50219624115,58906.90095111671,57335.29970599227,-557.6396502020289,-583.2667952063168,43.465960891416934,29.500936107350135,0.001202275
2024-08-04 19:00:00+00:00,58774.08,58958.236,58543.3425,58919.862,0.01120156,6.0,58745.812751,60210.975916135125,58826.389076116706,57441.80223609829,-486.4215744670655,-563.8977510584666,46.63556518863773,31.78555331818848,0.01120156
2024-08-04 19:15:00+00:00,58948.8455,59453.7865,58885.3,59453.7865,0.008938639,4.0,58974.152286,60018.47826099422,58782.007176116706,57545.53609123919,-382.4884031708134,-527.615881480936,54.76953220471012,34.85008383639136,0.008938639
2024-08-04 19:30:00+00:00,59336.495,59400.415,59171.6985,59242.1,0.0,0.0,0.0,59928.55728219367,58755.86267611671,57583.16807003975,-313.58711052365834,-484.8101272894804,51.42292121231164,37.05979548651407,0.0
2024-08-04 19:45:00+00:00,59145.9,59383.762,59145.9,59252.0385,0.0,0.0,0.0,59866.35533080938,58737.53377611671,57608.71222142404,-255.23815918445325,-438.895733668475,51.57253454760172,38.994827361325754,0.0
2024-08-04 20:00:00+00:00,59211.494,59525.353,59147.355,59525.353,0.0,0.0,0.0,59897.08102741945,58746.4776761167,57595.87432481395,-184.8116057513471,-388.0789080850494,55.62059422929166,41.21159627705454,0.0
2024-08-04 20:15:00+00:00,59464.05,59464.05,59222.275,59222.275,0.001640214,1.0,59323.9,59885.07504713572,58742.21392611669,57599.35280509766,-151.70515385075123,-340.80415723818976,50.57230383825002,42.45969061854727,0.001640214
2024-08-04 20:30:00+00:00,59253.94,59276.9585,58906.98,58906.98,0.042108918,3.0,58969.225861,59847.590699819324,58725.25792611668,57602.92515241404,-149.1899547394496,-302.4813167384417,45.90451245585379,42.9190001968548,0.042108918
2024-08-04 20:45:00+00:00,58842.4185,59145.2495,58842.4185,59123.865,0.0,0.0,0.0,59859.499941694805,58730.63217611669,57601.76441053858,-128.21781919937348,-267.62861723062804,49.36656165758261,43.778675058285174,0.0
2024-08-04 21:00:00+00:00,59087.9,59087.9,58929.312,58929.312,0.0,0.0,0.0,59825.624935172855,58715.70857611669,57605.79221706052,-125.84538458308089,-239.27197070111862,46.49217518370934,44.140475075008396,0.0
2024-08-04 21:15:00+00:00,58924.6795,59029.446,58673.89,58673.89,0.0,0.0,0.0,59808.804502088446,58703.05097611669,57597.297450144935,-142.92804823604092,-220.00318620810307,42.95594436849929,43.98253764747385,0.0
2024-08-04 21:30:00+00:00,58538.2835,58714.885,58444.73,58664.782,0.0,0.0,0.0,59785.431949300764,58687.12872611669,57588.82550293261,-155.40965596144815,-207.0844801587721,42.8308416487254,43.828978180974055,0.0
2024-08-04 21:45:00+00:00,58731.585,58776.2075,58360.2495,58467.007,0.0,0.0,0.0,59782.970970310475,58681.298975000056,57579.62697968964,-179.19456621968857,-201.5064973709554,40.09985641227543,43.33176194514757,0.0
2024-08-04 22:00:00+00:00,58516.3795,59117.6885,58425.0,58991.6975,1.7095e-05,1.0,58496.614,59810.303579055435,58716.96795000006,57623.63232094468,-153.93171167877153,-191.99154023251862,49.330389812622144,44.13157899414418,1.7095e-05
2024-08-04 22:15:00+00:00,59002.02,59002.02,58663.85,58828.35,0.0,0.0,0.0,59812.19182878225,58751.826200000054,57691.46057121786,-145.4152391845637,-182.67628002292764,46.90696132361472,44.50162997140692,0.0
2024-08-04 22:30:00+00:00,58838.535,59042.0495,58838.535,58944.6,0.0,0.0,0.0,59676.262821699376,58831.53922500006,57986.81562830074,-127.81213122830377,-171.70345026400287,48.833452089439604,45.07920625381128,0.0
2024-08-04 22:45:00+00:00,58778.6435,58780.7725,58647.996,58652.478,0.0,0.0,0.0,59590.10332586976,58872.353425000074,58154.60352413039,-135.86715341381932,-164.53619089396616,44.46705064635062,44.99758550614986,0.0
2024-08-04 23:00:00+00:00,58711.6045,58711.6045,58471.9,58473.45,0.0,0.0,0.0,59555.88525448522,58887.68545000007,58219.48564551492,-154.91116050031997,-162.61118481523692,41.98914564700757,44.59646019159756,0.0
2024-08-04 23:15:00+00:00,58477.5455,58600.367,58343.345,58571.9685,0.0,0.0,0.0,59535.38071320117,58899.67862500007,58263.976536798975,-160.20728388147836,-162.13040462848522,43.843645271626706,44.49608486893478,0.0
2024-08-04 23:30:00+00:00,58471.109,58471.25,58356.55,58416.299,0.007413833,1.0,58408.3,59534.64445365387,58900.03470000008,58265.424946346284,-174.9490240361556,-164.6941285100193,41.581660190573125,44.10749491181989,0.007413833
2024-08-04 23:45:00+00:00,58298.85,58298.85,58007.45,58138.215,0.011703216,3.0,58246.985797,59584.12188297263,58869.91545000007,58155.70901702752,-206.68843841333728,-173.0929904906829,37.8272241638994,43.27012547876382,0.011703216
2024-08-05 00:00:00+00:00,58140.55,58266.1,57500.0,57500.0,0.001719388,3.0,57741.444194,59728.85002695429,58798.92235000008,57868.99467304587,-280.11181505172135,-194.49675540289059,30.92578966804472,41.62421403733461,0.001719388
2024-08-05 00:15:00+00:00,57445.7785,58134.005,57320.9696277915,57452.383,0.03,1.0,57346.898263,59748.41091937495,58698.85217500008,57649.293430625214,-338.2436022749316,-223.2461247772988,30.478987634275228,40.13818385026003,0.03
2024-08-05 00:30:00+00:00,57383.805,57472.05,56668.08,56739.1285,0.031608662,7.0,57251.060574,59895.824861909576,58573.70360000008,57251.582338090586,-436.83161674013536,-265.9632231698661,24.71823772501036,38.08219103356007,0.031608662
2024-08-05 00:45:00+00:00,56782.865,57087.2,55750.0,56093.58,0.394380556,10.0,56574.064641,60085.03829357644,58415.78067500008,56746.52305642372,-560.5915469708198,-324.88888793005685,20.872931199899668,35.787623055738685,0.394380556
2024-08-05 01:00:00+00:00,56171.29,56171.29,52406.947890818,53674.6415,3.318677183,50.0,53239.500591,60710.4371556995,58123.24510000008,55536.05304430066,-844.1297025991807,-428.7370508638816,12.823096019041436,32.72568611751238,3.318677183
2024-08-05 01:15:00+00:00,53949.4365,54944.046,53594.7,54194.085,0.307793143,14.0,54591.499254,60919.26439496475,57871.835600000086,54824.40680503542,-1015.2181811957635,-546.033276930258,19.96149303052077,31.0237937059135,0.307793143
2024-08-05 01:30:00+00:00,54117.634,54970.65,53966.5845,54970.65,0.009974836,3.0,54704.715499,60930.92851413529,57675.01910000008,54419.10968586487,-1075.7442179173522,-651.9754651276769,29.284159452175206,30.79184247208173,0.009974836
2024-08-05 01:45:00+00:00,55010.34,55010.34,54328.5305,54423.4,0.002371503,3.0,54733.135576,60914.87381430306,57439.99585000008,53965.1178856971,-1154.5609792471805,-752.4925679515776,26.905788808241343,30.273701983569676,0.002371503
2024-08-05 02:00:00+00:00,54289.353,54500.392,53750.0,53906.7,0.011015813,3.0,53885.032249,60913.87987380612,57188.865250000075,53463.85062619403,-1244.3728466224275,-850.8686236857476,24.85335495242629,29.55098904608389,0.011015813
2024-08-05 02:15:00+00:00,53881.475,54358.225,53629.361,54199.384,0.0,0.0,0.0,60840.94461939757,56965.139950000084,53089.3352806026,-1277.209371242665,-936.1367731971311,28.194728081123273,29.37015425075581,0.0
2024-08-05 02:30:00+00:00,54233.15,54469.15,53787.41,53915.6855,0.015246664,3.0,54230.724615,60737.4732152309,56727.68512500009,52717.89703476928,-1311.0121199195783,-1011.1118425416205,26.944117539394863,29.046682689241017,0.015246664
2024-08-05 02:45:00+00:00,54014.981,54674.524,53907.318,54674.524,0.002694136,3.0,54291.978654,60559.58024756098,56538.06097500009,52516.54170243919,-1262.021320507818,-1061.29373813486,35.22097679770412,29.869921903702764,0.002694136
2024-08-05 03:00:00+00:00,54628.09,54683.14,54060.196,54176.765,0.09862997,5.0,54249.914424,60278.75363833967,56297.31435000008,52315.87506166049,-1248.9634768603355,-1098.827685879955,32.611042862083075,30.235404698153474,0.09862997
2024-08-05 03:15:00+00:00,54145.089,54489.7305,54145.089,54286.435,0.001791414,1.0,54316.8,59965.480818105665,56070.21860000008,52174.956381894495,-1215.7511665740094,-1122.2123820187658,33.77543861900972,30.707409220934306,0.001791414
2024-08-05 03:30:00+00:00,54160.504,54363.2385,54092.518,54339.875,0.001794123,1.0,54234.8,59569.249963462964,55839.98235000008,52110.71473653719,-1171.6123916593788,-1132.0923839468883,34.37051697051171,31.195823587544627,0.001794123
2024-08-05 03:45:00+00:00,54420.49,54520.1,53894.0765,53894.0765,0.120018747,4.0,54317.673488,59187.63010222507,55602.06227500008,52016.49444777508,-1159.2412957386987,-1137.5221663052503,31.803182352760412,31.276804756240065,0.120018747
2024-08-05 04:00:00+00:00,53872.627,54384.7,53772.968,54384.7,0.055121168,4.0,53894.267345,58764.60243549456,55397.62477500008,52030.64711450559,-1097.200057672766,-1129.4577445787534,37.349624853549415,32.08651410254798,0.055121168
2024-08-05 04:15:00+00:00,54457.745,54538.3135,54104.4345,54104.4345,0.410834096,5.0,54444.731458,58249.329629436776,55174.24807500008,52099.16652056339,-1058.4459075336636,-1115.2553771697353,35.56995400324322,32.55097275597401,0.410834096
2024-08-05 04:30:00+00:00,54110.279,54190.79,53896.985,53976.2,0.096935222,3.0,54036.752545,57680.58818622028,54952.24312500008,52223.89806377988,-1026.250440529715,-1097.4543898417312,34.75397707539048,32.84470666522954,0.096935222
2024-08-05 04:45:00+00:00,53980.3,53980.3,53439.46280397,53535.7,0.011338383,3.0,53820.136437,57089.24028206814,54722.11737500009,52354.99446793204,-1024.4705112185911,-1082.8576141171031,32.03534928342772,32.736792347655964,0.011338383
2024-08-05 05:00:00+00:00,53510.0185,53510.0185,52390.3115,52934.975,0.225724931,18.0,53053.361931,56612.904945481445,54493.866125000095,52374.827304518745,-1059.32218470738,-1078.1505282351586,28.73424319333534,32.20311912707988,0.225724931
2024-08-05 05:15:00+00:00,52832.225,53619.565,52538.4835,53431.565,0.2109482,7.0,52687.684521,55967.2767963871,54292.825225000095,52618.37365361309,-1034.941562116459,-1069.5087350114186,34.722500782931256,32.539036681193394,0.2109482
2024-08-05 05:30:00+00:00,53442.08,53831.395,52860.2,53156.295,0.014277198,5.0,53390.585546,55431.591495891495,54113.683550000096,52795.7756041087,-1026.0045892931885,-1060.8079058677727,33.0639822542438,32.60902942426678,0.014277198
2024-08-05 05:45:00+00:00,53224.1,53246.622,52697.0,52697.0,0.513289617,3.0,52897.951829,55056.91980527782,53943.85455000009,52830.78929472236,-1043.9492448955498,-1057.436173673328,30.45049045582491,32.32122422847453,0.513289617
2024-08-05 06:00:00+00:00,52623.8675,52840.281,51612.903225806,51657.5,0.063884056,16.0,51985.140132,55336.05271731244,53842.9974750001,52349.942232687754,-1129.0346674342,-1071.7558724255025,25.53165391471045,31.415948186639316,0.063884056
2024-08-05 06:15:00+00:00,51600.41,51758.105,49131.513647642,50074.3075,1.735226851,33.0,50161.393261,55845.04859637414,53637.0086000001,51428.96860362607,-1309.1251019880292,-1119.2297183380078,20.18394201718095,29.918347364044866,1.735226851
2024-08-05 06:30:00+00:00,50083.162,51029.3795,50083.162,50342.471,0.616109521,22.0,50433.561227,55950.46034163546,53405.599650000106,50860.73895836475,-1413.9108316015554,-1178.1659409907174,23.121227236974175,29.01206468043544,0.616109521
2024-08-05 06:45:00+00:00,50578.1,51625.37,50578.1,51613.97,0.040076987,9.0,51261.298154,55878.97413257874,53265.128150000106,50651.28216742147,-1378.4648495996007,-1218.2257227124942,35.282490320282065,29.84812143241499,0.040076987
2024-08-05 07:00:00+00:00,51470.01,52015.558,51418.3545,51652.8285,0.123696584,11.0,51693.174896,55839.24878476412,53152.434575000116,50465.620365236115,-1331.8849565826895,-1240.9575694865332,35.61768224048716,30.617396206824615,0.123696584
2024-08-05 07:15:00+00:00,51684.67,52873.5455,51677.14,52796.6685,0.117014804,11.0,52710.381767,55729.06810811341,53082.29880000012,50435.52949188683,-1188.966066537163,-1230.5592688966592,44.69755939926019,32.49475129914936,0.117014804
2024-08-05 07:30:00+00:00,52789.98,53025.5865,52397.087,52839.1855,0.046922509,3.0,52725.367028,55648.91524846893,53028.473800000116,50408.0323515313,-1060.0514368258519,-1196.4577024824978,45.0080116447243,34.163186011892684,0.046922509
2024-08-05 07:45:00+00:00,52705.57,53000.203,52513.03,52717.581,0.050097671,8.0,52725.940767,55441.772153596154,52930.62665000012,50419.48114640409,-956.6702319315154,-1148.5002083723014,44.24300217161704,35.50716149985593,0.050097671
2024-08-05 08:00:00+00:00,52627.927,52923.299,52378.379,52657.2455,0.070886315,6.0,52899.365615,55301.51349058468,52854.65067500012,50407.78785941556,-869.5844248840222,-1092.7170516746455,43.844800537783584,36.618846704912954,0.070886315
2024-08-05 08:15:00+00:00,52667.3725,53179.46,52667.3725,52728.14,0.036437113,7.0,52994.230019,55133.86437392614,52776.73592500012,50419.607476074096,-785.7896082526931,-1031.331562990255,44.47714619466662,37.66661997021344,0.036437113
2024-08-05 08:30:00+00:00,52750.48,53058.7455,52457.5215,52457.5215,0.090009331,4.0,52845.596575,54930.35506600325,52682.618250000116,50434.88143399698,-732.77133188054,-971.619516768312,42.5093563409775,38.31231815298198,0.090009331
2024-08-05 08:45:00+00:00,52556.901,52851.2175,52436.27,52724.635,0.030319796,3.0,52445.39225,54802.55654105923,52624.14617500012,50445.735808941005,-661.5739263823561,-909.6103986911208,45.09163640845193,39.21622725371131,0.030319796
2024-08-05 09:00:00+00:00,52790.217,52882.35,52599.98,52727.6225,0.119068667,2.0,52805.721995,54566.19826827685,52541.292300000125,50516.3863317234,-598.0148602355403,-847.2912910000048,45.12132615835912,40.00357377433102,0.119068667
2024-08-05 09:15:00+00:00,52698.8535,52888.173,52623.8605,52743.905,0.055607158,3.0,52817.327661,54370.964812963044,52473.265825000126,50575.56683703721,-540.1039980380592,-785.8538324076156,45.29494360499452,40.70908975175282,0.055607158
2024-08-05 09:30:00+00:00,52802.8,52854.0305,52369.1425,52369.1425,0.028265689,6.0,52733.084576,54160.91781914432,52392.91295000013,50624.90808085594,-518.4727926350388,-732.3776244531002,42.001330874172154,40.8813885680754,0.028265689
2024-08-05 09:45:00+00:00,52477.135,52642.8905,51797.024,52642.8905,0.032811624,5.0,52201.58238,54042.13652977434,52348.27247500013,50654.40842022592,-473.7792978875441,-680.657959139989,45.13940251038935,41.44912376038393,0.032811624
2024-08-05 10:00:00+00:00,52602.35,52622.7,51866.5095,51953.585,0.01032521,5.0,52446.223118,53979.041015631556,52299.202975000124,50619.36493436869,-488.35116612938873,-642.1966005378689,39.363915765937705,41.171096027791094,0.01032521
2024-08-05 10:15:00+00:00,51898.653,51898.653,51087.6765,51215.86,0.334943268,12.0,51677.791884,53847.043663975994,52188.41772500013,50529.79178602427,-553.0524741122717,-624.3677752527494,34.30499795609517,40.2556162848983,0.334943268
2024-08-05 10:30:00+00:00,51271.22,51604.816,50696.465,51604.816,0.008769315,5.0,50783.721022,53725.69053100033,52110.843775000125,50495.99701899992,-566.4139607186662,-612.7770123459328,38.77280444878157,40.05790804008274,0.008769315
2024-08-05 10:45:00+00:00,51538.521,51645.982,51129.9885,51447.5495,0.009876393,3.0,51490.328409,53664.3523188468,52048.37125000013,50432.39018115345,-582.9729777382745,-606.8162054244011,37.657648385215374,39.737873419433754,0.009876393
2024-08-05 11:00:00+00:00,51425.35,51739.4825,50904.14,51712.6,0.025266697,4.0,51035.583191,53664.618380263426,52051.126250000125,50437.634119736824,-568.1593702437967,-599.0848383882802,40.75057533350386,39.872900341309766,0.025266697
2024-08-05 11:15:00+00:00,51681.245,51868.729,50792.77,50958.758,0.001495757,1.0,51772.0,53528.04746356153,52095.34877500012,50662.65008643871,-610.2140610074566,-601.3106829121155,35.37506055572491,39.27318836989845,0.001495757
2024-08-05 11:30:00+00:00,51096.25,51096.25,50693.135,50899.07,0.001521379,1.0,50750.0,53435.13451328843,52123.17872500012,50811.22293671181,-640.9703223065371,-609.2426107909998,34.98158551845573,38.70097465637275,0.001521379
2024-08-05 11:45:00+00:00,51155.135,51545.965,51155.135,51355.9675,0.042923078,5.0,51440.591934,53446.85117384466,52110.27860000012,50773.70602615558,-621.3149393094427,-611.6570764946885,40.442586562229586,38.93318957715366,0.042923078
2024-08-05 12:00:00+00:00,51375.244,51514.105,50780.15,50780.15,0.01917981,5.0,51363.435107,53512.606938414356,52066.64467500012,50620.68241158588,-644.7690701315514,-618.279475222061,36.304093400268044,38.58264342023558,0.01917981
2024-08-05 12:15:00+00:00,50866.5695,50866.5695,50062.65,50170.495,0.013140604,7.0,50270.898538,53558.39753786176,51935.33600000012,50312.27446213848,-704.4304652755818,-635.5096732327652,32.510811709907834,37.773065858858544,0.013140604
2024-08-05 12:30:00+00:00,50384.027,51305.345,49832.0,50908.642,0.045097123,8.0,50256.984006,53464.99765285202,51838.80882500012,50212.61999714821,-684.2625046018147,-645.2602395065751,40.60302348724764,38.150393542643755,0.045097123
2024-08-05 12:45:00+00:00,50913.5725,50913.5725,49569.55,49808.855,2.099427596,23.0,49805.153379,53490.47509124821,51693.372525000115,49896.26995875202,-748.3958288078138,-665.8873573668228,34.05178608238652,37.60391254794279,2.099427596
2024-08-05 13:00:00+00:00,49723.315,50513.1775,49624.755,49997.95,0.446148167,9.0,50088.478104,53444.00547598093,51560.407750000115,49676.8100240193,-775.0295064186867,-687.7157871771956,35.96489303397769,37.38537661274744,0.446148167
2024-08-05 13:15:00+00:00,49977.075,50214.8145,49664.0645,49710.61,0.163437254,8.0,49953.503155,53376.38562741457,51409.53125000012,49442.67687258566,-809.9858121660291,-712.1697921749623,34.33494666717426,36.978652620004354,0.163437254
2024-08-05 13:30:00+00:00,49726.0,52083.0,49718.329,51345.695,0.071504546,18.0,50667.882121,53261.11397600753,51353.939925000115,49446.7658739927,-697.7084925986637,-709.2775322597025,48.60805407390726,38.529239480524744,0.071504546
2024-08-05 13:45:00+00:00,51322.89,52432.4485,51322.89,52030.072,0.458125905,11.0,51766.879763,53149.009196047,51319.21177500011,49489.41435395322,-547.1966611131356,-676.8613580303892,53.19396716643937,40.48453650531336,0.458125905
2024-08-05 14:00:00+00:00,52171.3,53811.502,52171.3,52989.5955,0.409364868,18.0,53195.710058,53205.48540541026,51332.31042500011,49459.13544458996,-346.49524144654424,-610.7881347136201,58.75152000713051,42.92013430555564,0.409364868
2024-08-05 14:15:00+00:00,53140.5865,53715.67,52593.0945,52647.7,0.030789361,7.0,53248.369485,53186.59190248039,51327.50017500011,49468.40844751983,-212.57559080809006,-531.1456259325141,56.19132248110771,44.689626062295915,0.030789361
2024-08-05 14:30:00+00:00,52781.857,54449.1635,52781.857,54224.7475,0.068459409,9.0,53951.64454,53630.165946429704,51420.280425000106,49210.39490357051,20.57408522839978,-420.80168370033135,63.986939131653855,47.26260113821031,0.068459409
2024-08-05 14:45:00+00:00,54022.9115,54374.9335,53928.9055,54048.9775,0.062973182,10.0,54083.323703,53929.20688484617,51490.58477500011,49051.96266515405,188.98520935694978,-298.8443050888751,62.64884078891222,49.3140997583039,0.062973182
2024-08-05 15:00:00+00:00,54096.7,54677.514,53647.791,54492.44,0.038488425,9.0,54190.995165,54381.903234671365,51617.527525000114,48853.15181532886,354.15349510601663,-168.24474504989675,64.65699473956634,51.35981908913889,0.038488425
2024-08-05 15:15:00+00:00,54511.129,54676.27,54131.5235,54338.26,0.096072679,12.0,54450.315498,54772.3954181381,51773.64752500011,48774.89963186212,467.22365066319617,-41.15106590727815,63.38111823480171,52.962658975227264,0.096072679
2024-08-05 15:30:00+00:00,54314.35,54956.767,54314.35,54471.7795,0.071605146,6.0,54618.730642,55135.78064833611,51916.99570000011,48698.210751664104,561.1380215337704,79.30675158093156,64.04284662439362,54.44001732844944,0.071605146
2024-08-05 15:45:00+00:00,54531.117,54747.535,54277.9225,54332.85,0.00662311,6.0,54376.428987,55437.72654101362,52061.26072500011,48684.7949089866,617.240226386406,186.89344654202645,62.77176486292182,55.55091699971243,0.00662311
2024-08-05 16:00:00+00:00,54367.717,55070.21,54297.232,55055.361,0.049921289,9.0,54621.602786,55841.900584435876,52228.39877500011,48614.896965564345,711.7970737622672,291.8741719860746,66.49597762336667,57.01025841619966,0.049921289
2024-08-05 16:15:00+00:00,54925.5265,55508.2,54775.05,55454.9585,0.067797158,6.0,55357.131771,56276.16277954559,52453.20880000012,48630.25482045464,809.6451499255563,395.42836757397095,68.3800033853785,58.52622441209017,0.067797158
2024-08-05 16:30:00+00:00,55438.435,55438.435,54558.36,54629.825,1.106830091,8.0,55139.701624,56505.00901657426,52639.74655000012,48774.48408342598,811.2574073192882,478.5941755230344,60.7796432080064,58.82668025154567,1.106830091
2024-08-05 16:45:00+00:00,54597.375,54597.375,54099.8995,54104.7245,0.052952397,5.0,54358.88675,56645.557654226024,52777.18440000012,48908.81114577422,761.387114310739,535.1527632805753,56.47751332193426,58.513457994264144,0.052952397
2024-08-05 17:00:00+00:00,54137.72,54456.05,53845.41,54456.05,0.004760723,4.0,54085.197259,56781.35606827896,52960.97940000011,49140.602731721265,741.6641370042053,576.4550380253013,58.58948425042514,58.52359482841894,0.004760723
2024-08-05 17:15:00+00:00,54639.51,54713.35,54374.694,54374.694,0.035288797,4.0,54593.03923,56812.73876637959,53171.18935000012,49529.639933620645,711.2697116272466,603.4179727456903,57.88894182161577,58.43897442751185,0.035288797
2024-08-05 17:30:00+00:00,54545.495,54808.003,54426.376,54667.672,0.001782481,1.0,54589.02,56900.84200180184,53359.14085000012,49817.4396981984,702.7222420398612,623.2788266045245,59.75512987386712,58.61446182035922,0.001782481
2024-08-05 17:45:00+00:00,54730.45,55094.716,54520.748,54748.7255,0.007537103,5.0,54787.437941,56794.37950667783,53606.13437500012,50417.8892433224,694.4830821974319,637.519677723106,60.27956847996876,58.83647604164049,0.007537103
2024-08-05 18:00:00+00:00,54745.076,54749.455,54415.425,54415.425,0.004999442,3.0,54616.481043,56565.065380108805,53827.008125000124,51088.95086989144,653.5254887915726,640.7208399367994,56.99076812836819,58.59038165320418,0.004999442
2024-08-05 18:15:00+00:00,54336.9555,54336.9555,53691.2685,53929.7295,0.319837639,11.0,53903.164459,56020.91933655406,54037.96410000012,52055.00886344618,575.2436821198426,627.625408373408,52.49600863923738,57.777798584675274,0.319837639
2024-08-05 18:30:00+00:00,54021.335,54083.95,53524.9,53545.11,0.0,0.0,0.0,55723.57937151089,54147.93485000012,52572.290328489355,476.6744013129937,597.4352069613252,49.18766897557772,56.632447970128936,0.0
2024-08-05 18:45:00+00:00,53586.992,53650.348,53073.025,53073.025,0.023849162,4.0,53454.421938,55543.881508561186,54200.08250000012,52856.283491439055,356.35636761744536,549.2194390925492,45.40529959912023,55.135494853994444,0.023849162
2024-08-05 19:00:00+00:00,53115.586,53394.486,52783.56,52804.55,0.263127974,3.0,52783.711779,55569.92405549748,54190.83022500012,52811.73639450276,236.6122515583411,486.69800158570763,43.36310823844048,53.565843305253914,0.263127974
2024-08-05 19:15:00+00:00,52778.6115,53416.2645,52600.745,53254.3945,0.038779244,3.0,52774.908596,55485.028552728174,54221.16495000012,52957.30134727207,175.98423183615523,424.5552476357972,47.61461864181245,52.77234668346172,0.038779244
2024-08-05 19:30:00+00:00,53430.9835,53531.4745,53024.051,53024.051,0.0,0.0,0.0,55528.4443830895,54161.13012500012,52793.815866910736,108.10314821522479,361.2648277516827,45.7219825468518,51.83229813191373,0.0
2024-08-05 19:45:00+00:00,53001.55,53583.635,52644.04,53488.345,1.168840176,5.0,52784.97062,55531.10333368321,54133.09850000012,52735.09366631702,90.72571633882762,307.15700546911165,50.033293300746216,51.5924308210914,1.168840176
2024-08-05 20:00:00+00:00,53661.545,54360.4,53575.755,53817.735,0.005274848,6.0,53949.56527,55493.612442693804,54099.363250000126,52705.11405730645,102.3531333434803,266.1962310439854,52.892077202809304,51.765717005320454,0.005274848
2024-08-05 20:15:00+00:00,53838.645,53937.4315,53618.7,53931.87,0.001807439,1.0,53835.243,55470.61687036942,54079.04375000013,52687.470629630836,119.40130184178997,236.8372452035463,53.87679812755082,52.047194488284504,0.001807439
2024-08-05 20:30:00+00:00,53959.776,54152.522,53604.7895,54134.815,0.0,0.0,0.0,55442.454236688885,54062.19552500013,52681.93681331137,147.5867751456899,218.98715119197502,55.65195951757793,52.527829825523625,0.0
2024-08-05 20:45:00+00:00,54024.365,54386.62,53890.255,54386.62,0.0171,3.0,53981.045965,55447.44855444862,54064.88402500013,52682.31949555164,188.0745189006484,212.8046247337097,57.82108404681385,53.23359705502899,0.0171
2024-08-05 21:00:00+00:00,54448.2,54825.4,54312.9515,54755.415,0.000529424,3.0,54591.934682,55395.15349406376,54049.88672500013,52704.6199559365,247.07193045908207,219.65808587878416,60.841982357016974,54.248048428627385,0.000529424
2024-08-05 21:15:00+00:00,54691.89,55230.25,54682.325,54682.325,0.008225595,3.0,54964.34881,55231.46951903769,54011.25505000013,52791.04058096257,284.6487978571822,232.65622827446379,59.925944958987145,55.00510129934202,0.008225595
2024-08-05 21:30:00+00:00,54578.572,54834.4975,54412.76,54605.8,0.0001,1.0,54594.53,55227.875035382385,54010.05380000013,52792.23256461788,304.7409441336713,247.07317144630528,58.92561328639818,55.52783623094951,0.0001
2024-08-05 21:45:00+00:00,54569.612,54569.612,54337.455,54430.105,0.0,0.0,0.0,55257.38981362694,54026.322825000134,52795.255836373326,302.9942673516198,258.2573906273682,56.58995541252768,55.6694521218266,0.0
2024-08-05 22:00:00+00:00,54439.222,54807.4,54233.4425,54339.05,0.006682662,2.0,54652.681825,55244.40730392292,54020.472825000135,52796.53834607735,290.9092155440085,264.78775561069625,55.36514012127657,55.62887718841993,0.006682662
2024-08-05 22:15:00+00:00,54344.249,54971.1445,54344.249,54941.8935,0.0,0.0,0.0,55329.26520347549,54048.83280000013,52768.40039652477,326.21574514723034,277.07335351800305,61.332268833305136,56.389329407737954,0.0
2024-08-05 22:30:00+00:00,54912.024,54974.85,54805.459,54955.085,0.0,0.0,0.0,55377.10881053998,54063.203450000125,52749.298089460266,351.21231113098474,291.9011450405994,61.45370502891261,57.06457949056124,0.0
2024-08-05 22:45:00+00:00,54759.8,54788.575,54578.155,54578.155,0.0,0.0,0.0,55352.79020380227,54054.67492500013,52756.55964619799,336.725605720756,300.8660371766307,56.0382468249206,56.92773513514249,0.0
2024-08-05 23:00:00+00:00,54730.2,55072.2925,54622.76,54893.0765,1.8271e-05,1.0,54730.2,55419.220427203414,54078.557500000126,52737.89457279684,346.66023702931125,310.0248771471668,59.26786101131418,57.23975191863205,1.8271e-05
2024-08-05 23:15:00+00:00,54841.31,54927.4,54549.8365,54570.269,0.0,0.0,0.0,55466.01808126775,54110.58447500012,52755.15086873249,324.74221042457066,312.9683438026476,54.82199410268511,56.91738420983913,0.0
2024-08-05 23:30:00+00:00,54570.7,54605.6,54312.395,54361.758,0.00894921,1.0,54364.529,55485.28211294355,54151.416875000126,52817.551637056706,287.23584530206426,307.8218441025309,52.10322784709626,56.27549669480675,0.00894921
2024-08-05 23:45:00+00:00,54293.327,54306.135,53942.975,53983.845,0.000154814,1.0,54000.0,55439.5079954033,54196.957875000124,52954.40775459695,224.43026755306346,291.1435287926374,47.50487043498835,55.10607986016429,0.000154814
2024-08-06 00:00:00+00:00,54063.6,55013.3105,53983.305,55013.3105,0.000118496,2.0,54464.643073,55421.249999894084,54307.39590000012,53193.541800106155,254.78861242147104,283.87254551840414,58.30100584340455,55.53206999126299,0.000118496
2024-08-06 00:15:00+00:00,54903.65,55695.9535,54903.65,55669.68,0.001760868,3.0,55359.551079,55582.16889226612,54428.16017500012,53274.15145773412,328.0300266355116,292.7040417418256,63.46077134838991,56.58923017221325,0.001760868
2024-08-06 00:30:00+00:00,55556.7325,55650.66,55437.7335,55641.8855,0.0,0.0,0.0,55637.72092369485,54559.05190000012,53480.3828763054,379.45744202673086,310.05472179880667,63.104680253412305,57.457956849706456,0.0
2024-08-06 00:45:00+00:00,55566.0,55977.3965,55566.0,55977.3965,0.008050593,4.0,55616.049591,55812.499920831164,54683.504475000125,53554.50902916909,442.1896855152736,336.48171454210006,65.61299859530004,58.545295749118935,0.008050593
2024-08-06 01:00:00+00:00,56020.8,56281.4665,55948.26,56096.9845,0.109152375,4.0,56256.392215,56010.87320238233,54797.466950000126,53584.06069761792,495.83946391211066,368.3532644161022,66.48754555595849,59.604262390030875,0.109152375
2024-08-06 01:15:00+00:00,56103.317,56251.2255,55900.7255,56021.8065,0.0,0.0,0.0,56158.39771212134,54901.96377500013,53645.529837878916,526.2250684804312,399.927625228968,65.36215557830596,60.37198148180089,0.0
2024-08-06 01:30:00+00:00,55789.137,55791.2415,55478.2825,55673.89,0.0,0.0,0.0,56226.478862395445,54978.91752500013,53731.35618760481,516.2805641566883,423.1982130145121,60.277226016834284,60.35934741980534,0.0
2024-08-06 01:45:00+00:00,55643.562,55898.8035,55621.85,55800.25,0.0,0.0,0.0,56314.976410633346,55049.59902500012,53784.22163936689,512.6857466477013,441.09571974114994,61.45023040419648,60.504798484390825,0.0
2024-08-06 02:00:00+00:00,55798.0,55977.1665,55690.35,55815.3685,0.009586951,2.0,55812.2034,56402.56463941371,55102.596700000126,53802.628760586544,505.2327557600511,453.9231269449302,61.59635264071503,60.65033903856739,0.009586951
2024-08-06 02:15:00+00:00,55794.133,56041.496,55743.5125,55847.931,3.976815338,7.0,55954.451753,56484.54963831149,55160.87700000013,53837.204361688775,496.2334579904127,462.3851931540267,61.93105523807662,60.82110119850195,3.976815338
2024-08-06 02:30:00+00:00,55806.16,56075.3755,55719.7515,55719.7515,0.000628692,2.0,55759.558396,56535.87227458711,55216.57457500013,53897.27687541315,473.3024986781311,464.5686542588476,59.72445176590507,60.6748812741557,0.000628692
2024-08-06 02:45:00+00:00,55714.0795,55929.0685,55670.4545,55929.0685,0.174255497,1.0,55839.8,56593.79005917391,55291.522750000135,53989.25544082636,466.6405391180451,464.98303123068706,62.09928867523785,60.864802260966655,0.174255497
2024-08-06 03:00:00+00:00,55841.27,55892.9145,55685.39,55725.53,0.50001789,3.0,55877.632198,56598.95355773196,55360.84675000013,54122.739942268294,439.86652477189637,459.95972993892894,58.48781481019961,60.547870600864385,0.50001789
2024-08-06 03:15:00+00:00,55751.466,55801.176,55518.9085,55782.682,0.0,0.0,0.0,56638.330971349096,55402.88617500013,54167.441378651165,418.4361428793709,451.65501252701733,59.20523214069616,60.368852139508625,0.0
2024-08-06 03:30:00+00:00,55738.06,55882.2825,55678.935,55682.43,0.00174564,1.0,55741.1,56662.592016268136,55439.25342500013,54215.91483373213,388.88014404186833,439.1000388299875,57.33346944442407,59.964134446830684,0.00174564
2024-08-06 03:45:00+00:00,55745.45,55802.5,55624.0845,55703.47,0.000359,1.0,55700.0,56657.223935510316,55495.519175000125,54333.814414489934,362.97045670147054,423.8741224042841,57.63617696992438,59.65374011657651,0.000359
2024-08-06 04:00:00+00:00,55721.4,55746.76,55358.3385,55717.115,0.002651179,3.0,55430.355476,56668.092419548426,55536.721100000126,54405.34978045183,339.62291868033935,407.02388165949515,57.84505698152523,59.41258236523634,0.002651179
2024-08-06 04:15:00+00:00,55757.393,55782.017,55554.49,55709.245,0.0,0.0,0.0,56635.86727396746,55593.66990000013,54551.472526032805,316.83253511757357,388.98561235111083,57.66844269258248,59.180030408882494,0.0
2024-08-06 04:30:00+00:00,55673.1335,55711.8165,55432.3,55432.3,0.036611257,3.0,55563.177778,56528.33344097629,55647.19700000014,54766.06055902399,273.27371568671515,365.8432330182317,51.68775982922518,58.18106099826152,0.036611257
2024-08-06 04:45:00+00:00,55437.025,55606.447,55313.22,55514.85,0.0018,1.0,55553.84,56174.43210110382,55723.747250000146,55273.06239889647,242.6173903128365,341.1980644771526,53.24428270012726,57.52282389184362,0.0018
2024-08-06 05:00:00+00:00,55535.6,55604.326,55352.4915,55354.95,0.00441168,2.0,55366.602579,56098.89048610632,55740.82922500015,55382.76796389397,203.07847567161662,313.57414671604545,49.89124279023923,56.50527974496303,0.00441168
2024-08-06 05:15:00+00:00,55356.83,55580.5675,55356.83,55580.5675,0.004,1.0,55403.01,56100.03935036238,55736.373600000145,55372.70784963791,187.784386130239,288.41619459888415,54.26747101297183,56.206905247364205,0.004
2024-08-06 05:30:00+00:00,55545.4145,55830.2315,55513.6725,55781.375,0.003498893,1.0,55619.818,56104.84168458971,55743.34807500014,55381.85446541057,189.6806762487613,268.6690909288596,57.800036611540605,56.419322762587726,0.003498893
2024-08-06 05:45:00+00:00,55782.652,56003.438,55782.652,55977.8875,0.0,0.0,0.0,56104.929871771055,55743.372625000135,55381.815378229214,204.68098131314036,255.87146900571574,60.97678621847079,57.026984556705465,0.0
2024-08-06 06:00:00+00:00,55999.33,56071.69,55647.555,55727.5985,0.500124435,4.0,55753.191864,56048.014258731964,55724.90332500014,55401.79239126831,194.1347362061715,243.52412244580688,55.269940002888575,56.79271194952988,0.500124435
2024-08-06 06:15:00+00:00,55665.32,55956.8395,55641.6745,55916.1195,0.002235728,3.0,55833.433148,56026.166531058276,55719.61897500014,55413.07141894201,198.69835914280702,234.5589697852069,58.426073316548546,57.01049346513237,0.002235728
2024-08-06 06:30:00+00:00,55898.073,56037.7965,55813.5815,55858.0405,0.0,0.0,0.0,56040.34883617755,55728.826500000156,55417.30416382276,195.37639581233088,226.7224549906317,57.089610087683965,57.02104234813925,0.0
2024-08-06 06:45:00+00:00,55853.602,55910.1195,55764.4245,55802.11,0.0,0.0,0.0,56040.52816859768,55728.91950000016,55417.31083140263,186.08551404842729,218.59506680219081,55.76667266177373,56.85379305662384,0.0
2024-08-06 07:00:00+00:00,55785.673,55858.371,55538.605,55555.2565,0.001854498,3.0,55856.586671,56033.65665982334,55715.913900000145,55398.17114017695,156.99368344652612,206.27479013105787,50.233767249694814,55.97112294903331,0.001854498
2024-08-06 07:15:00+00:00,55581.3265,55757.815,55581.3265,55645.824,0.005047726,2.0,55709.895219,56018.93600791645,55705.80855000015,55392.68109208385,139.6365947020604,192.94715104525838,52.111057953502694,55.45644761629589,0.005047726
2024-08-06 07:30:00+00:00,55681.6075,55723.296,55641.155,55697.148,0.014,1.0,55723.296,56017.75953951303,55704.67837500015,55391.59721048727,128.54065799682576,180.06585243557186,53.188713915948036,55.15408312291618,0.014
2024-08-06 07:45:00+00:00,55723.296,55723.296,55723.296,55723.296,0.006810173,1.0,55723.296,55990.35517012408,55694.38975000015,55398.424329876216,120.46828983179148,168.14633991481577,53.759625557563695,54.96815544753584,0.006810173
2024-08-06 08:00:00+00:00,55723.296,55723.296,55697.148,55697.148,0.269409489,4.0,55723.296,55988.59719326618,55692.97065000015,55397.34410673412,110.68504651352123,156.65408123455686,53.062690555656566,54.71409346195194,0.269409489
2024-08-06 08:30:00+00:00,55723.296,55723.296,55723.296,55723.296,0.005238594,1.0,55723.296,55983.1465123682,55690.00135000015,55396.856187632104,103.84462458024791,146.09218990369507,53.70896592878205,54.58007645752929,0.005238594
2024-08-06 08:45:00+00:00,55723.296,55723.296,55697.148,55697.148,0.006984792,1.0,55723.296,55983.87658525267,55690.73725000016,55397.59791474765,95.21602477976558,135.91695687890916,52.92420309527319,54.359293342561806,0.006984792
2024-08-06 09:00:00+00:00,55723.296,55723.296,55697.148,55697.148,1.7945e-05,1.0,55723.296,55983.51851462703,55690.42115000016,55397.32378537329,87.37064288730471,126.20769408058827,52.92420309527318,54.167947976256656,1.7945e-05
2024-08-06 09:15:00+00:00,55671.0,55723.296,55671.0,55723.296,0.002875727,3.0,55672.919696,55983.95250803612,55690.730200000165,55397.50789196421,82.31417966230947,117.42899119693251,53.70864519569915,54.10670760551565,0.002875727
2024-08-06 09:30:00+00:00,55723.296,55723.296,55697.148,55697.148,0.005765495,2.0,55723.296,55983.242283361236,55690.12535000016,55397.00841663909,75.328629504118,109.00891885836961,52.76182458672013,53.92738986967625,0.005765495
2024-08-06 09:45:00+00:00,55177.19,55303.9,54980.6,55268.79,0.927362592,8.0,55271.10631,56010.37045628592,55681.949850000165,55353.52924371441,34.82616565364151,94.172368217424,40.24512398728479,52.10308775202405,0.927362592
2024-08-06 10:00:00+00:00,55277.4,55277.4,55047.2765,55137.2,0.130462261,3.0,55199.795293,56063.31715606052,55663.06735000016,55262.8175439398,-7.80062130218721,73.77777031350175,37.31644976112823,50.13153601990461,0.130462261
2024-08-06 10:15:00+00:00,55160.56,55234.15,54918.505,55208.655,0.000176843,1.0,55022.592,56082.71482487754,55655.75260000016,55228.79037512278,-35.40866668009403,51.94048291478259,39.87507547243761,48.76400794690901,0.000176843
2024-08-06 10:30:00+00:00,55239.4755,55430.727,54984.744,54984.744,0.000528974,1.0,55184.49,56143.326512190855,55625.96142500016,55108.59633780947,-74.49723024762352,26.65294028230137,35.04741562868766,46.93512897114616,0.000528974
2024-08-06 10:45:00+00:00,54990.0095,55109.8295,54941.7,55109.8295,0.0,0.0,0.0,56150.59975064316,55592.38415000016,55034.16854935716,-94.29487144443556,2.463377936953982,39.45716701936236,45.93806737757499,0.0
2024-08-06 11:00:00+00:00,55097.317,55169.238,54898.0315,55169.238,0.000901235,2.0,55093.148667,56109.76300774859,55551.95167500016,54994.140342251725,-103.99211886137346,-18.827721422711505,41.48897055105803,45.34485446737273,0.000901235
2024-08-06 11:15:00+00:00,55117.632,55143.3,54973.57,55095.9015,0.0,0.0,0.0,56105.677907198675,55520.36682500015,54935.055742801625,-116.25478713548364,-38.31313456526593,39.71701880876874,44.59447637955886,0.0
2024-08-06 11:30:00+00:00,55130.1475,55396.2085,55130.1475,55274.7045,0.0,0.0,0.0,56053.29243830926,55488.29607500015,54923.29971169104,-110.27396271051839,-52.70530019431643,45.79548492114881,44.754610851770856,0.0
2024-08-06 11:45:00+00:00,55312.0385,55398.9,55164.2435,55249.8575,0.000422267,1.0,55303.62,56005.19892723615,55457.88692500014,54910.57492276412,-106.3135451387061,-63.42694918319437,45.114713486850114,44.80262453644809,0.000422267
2024-08-06 12:00:00+00:00,55271.485,55387.895,55162.4025,55349.831,0.002161354,2.0,55386.920569,55960.76529308557,55435.27297500013,54909.78065691469,-94.02400948969444,-69.54636124449438,48.43610446774508,45.28708852728769,0.002161354
2024-08-06 12:15:00+00:00,55297.8205,55437.1,55247.753,55434.815,0.027816855,3.0,55358.266979,55951.85777663856,55429.25090000014,54906.64402336172,-76.54460680753982,-70.94601035710346,51.142742066557425,46.06784233252366,0.027816855
2024-08-06 12:30:00+00:00,55383.8885,55383.8885,54958.4215,54958.4215,0.0,0.0,0.0,55945.651152557584,55394.88077500013,54844.11039744267,-99.98051516986743,-76.75291131965625,38.83623397346045,45.10362788464857,0.0
2024-08-06 12:45:00+00:00,54903.1045,54932.88,54721.407,54798.935,0.008633768,4.0,54874.488822,55939.91700493757,55349.97012500013,54760.02324506269,-129.92517254581617,-87.38736356488823,35.73596660425441,43.85460638059601,0.008633768
2024-08-06 13:00:00+00:00,54822.54,54993.1025,54795.295,54877.81,0.001791916,2.0,54859.638489,55905.69369316106,55307.69582500013,54709.697956839205,-145.61343490537547,-99.03257783298568,38.356845904866354,43.12157165049872,0.001791916
2024-08-06 13:15:00+00:00,54905.51,55255.2035,54497.23,55170.0,0.105315796,7.0,54808.365193,55854.2956912161,55281.338425000125,54708.38115878415,-132.93679219670594,-105.81342070572973,46.98278882286576,43.63640060681433,0.105315796
2024-08-06 13:30:00+00:00,55181.1295,55426.6335,54673.49,54755.185,0.154284044,5.0,55108.173439,55811.90595341986,55232.93287500013,54653.9597965804,-154.5806556905227,-115.56686770268831,38.7026719964896,42.9785701254377,0.154284044
2024-08-06 13:45:00+00:00,54608.225,55328.4,54524.85,55222.066,0.091189613,8.0,55139.501762,55747.58129895727,55209.17877500013,54670.77625104299,-132.53242730886268,-118.95997962392319,49.491997527121526,43.847027112328874,0.091189613
2024-08-06 14:00:00+00:00,55203.443,56275.2695,55174.3145,56251.142,0.071290778,16.0,55734.315866,55912.395213375166,55236.87847500013,54561.36173662509,-31.656300487797125,-101.49924379669798,64.3760395034474,46.58422876447801,0.071290778
2024-08-06 14:15:00+00:00,56119.3725,56586.897,56088.75,56244.665,0.407264362,8.0,56455.444823,56043.59469560694,55262.94692500013,54482.29915439332,47.22177380776702,-71.75504027580497,64.24770912634239,48.93935947939326,0.407264362
2024-08-06 14:30:00+00:00,56244.325,56389.4795,55974.7725,56334.8825,0.597967133,9.0,56188.338609,56187.832501911136,55294.833650000124,54401.83479808911,115.67953259993374,-34.26812570065723,65.28575028427328,51.11887825337726,0.597967133
2024-08-06 14:45:00+00:00,56371.95,56629.7,56074.9,56122.939,0.193745468,4.0,56297.270548,56300.43636126698,55337.541100000126,54374.645838733275,151.08906974365527,2.8033133882052743,60.818307246261924,52.41213545242855,0.193745468
2024-08-06 15:00:00+00:00,56181.182,56350.193,55997.4745,55997.4745,0.058794007,7.0,56104.863718,56379.97549180236,55380.55482500013,54381.1341581979,167.10120773666858,35.66289225789794,58.27606862635463,53.19399320895203,0.058794007
2024-08-06 15:15:00+00:00,56053.482,56259.3,55944.2285,55944.2285,1.005802501,8.0,56102.9948,56442.54892999815,55417.333500000124,54392.1180700021,173.4944986686678,63.22921354005191,57.18361156686014,53.72594232333978,1.005802501
2024-08-06 15:30:00+00:00,55903.613,56079.8195,55791.695,56079.8195,0.003217501,3.0,55947.823308,56515.8427920319,55472.08727500013,54428.33175796836,187.34271807500772,88.05191444704307,59.277149611175396,54.4661032950512,0.003217501
2024-08-06 15:45:00+00:00,56038.8475,56422.8955,56017.146,56422.8955,0.02683605,2.0,56338.984552,56645.325909483596,55537.740575000134,54430.15524051667,223.42538891387812,115.12660934041008,64.06492277130303,55.74594589188477,0.02683605
2024-08-06 16:00:00+00:00,56452.077,56723.948,56307.75,56719.5095,1.787186784,13.0,56411.023453,56821.43348359493,55615.25415000013,54409.07481640534,272.8106451105559,146.66341649443925,67.61049030476633,57.32788514693565,1.787186784
2024-08-06 16:15:00+00:00,56762.025,56762.025,56343.535,56371.92,0.100746087,7.0,56597.8267,56903.45270623123,55679.055075000135,54454.657443769036,280.6659068588342,173.46391456731823,60.124054181021606,57.70070768481378,0.100746087
2024-08-06 16:30:00+00:00,56430.3,56762.9,56340.598,56664.158,0.143174662,8.0,56646.318039,57029.63251782502,55748.52775000014,54467.42298217526,306.9342753868623,200.15798673122703,63.75761572454135,58.508295423444125,0.143174662
2024-08-06 16:45:00+00:00,56670.4225,56914.926,56664.55,56860.3875,0.150113744,7.0,56847.34054,57175.45811750059,55829.05425000014,54482.65038249969,339.6707148274945,228.0605323504805,65.99807629570255,59.50693287307858,0.150113744
2024-08-06 17:00:00+00:00,56861.981,56965.211,56763.254,56869.399,0.072273861,2.0,56963.275347,57305.120133144264,55905.03265000014,54504.945166856014,362.1668971262552,254.88180530563545,66.10171351774514,60.38623695903412,0.072273861
2024-08-06 17:15:00+00:00,56807.575,56918.9365,56707.171,56918.9365,0.008561618,1.0,56825.66,57428.2377139306,55979.23872500014,54530.239736069685,379.61656249278894,279.82875674306615,66.70253455864407,61.22840997231545,0.008561618
2024-08-06 17:30:00+00:00,56853.716,56899.43,56619.798,56633.297,0.094715286,1.0,56899.43,57458.93768357991,56062.982500000144,54667.027316420375,366.1757810848867,297.09816161143027,60.08903293535126,61.076493034053556,0.094715286
2024-08-06 17:45:00+00:00,56574.875,56824.9875,56539.2255,56539.2255,0.110794532,7.0,56724.461739,57432.26182872766,56149.99702500014,54867.73222127263,343.96803176433605,306.47213564201144,58.047769061951485,60.67266317110661,0.110794532
2024-08-06 18:00:00+00:00,56557.527,56902.6185,56432.395,56902.6185,0.056779124,6.0,56582.240989,57431.407091987756,56251.237450000146,55071.067808012536,351.63754974095355,315.50521846179987,63.2423953480065,61.015294128026596,0.056779124
2024-08-06 18:15:00+00:00,56907.35,57059.6095,56829.815,56873.2495,0.000513242,1.0,56876.0,57435.196861969176,56336.399925000136,55237.602988031096,351.2963396116247,322.6634426917648,62.56810101843938,61.2223350467483,0.000513242
2024-08-06 18:30:00+00:00,56851.715,56989.95,56809.766,56969.02,0.000513316,1.0,56867.835,57306.35738400518,56447.091675000134,55587.825965995085,354.66544461443846,329.0638430762996,63.919072462068904,61.581900035457714,0.000513316
2024-08-06 18:45:00+00:00,56968.2,57050.239,56772.95,56805.4815,0.034272186,3.0,57044.262861,57188.69477459428,56526.26245000013,55863.830125405984,340.21747907972895,331.29457027698544,59.940754824028176,61.36308067393377,0.034272186
2024-08-06 19:00:00+00:00,56742.8,56742.8,56446.05,56504.256,0.003215943,3.0,56601.972977,57189.4060607735,56538.918150000136,55888.43023922677,300.9913410786903,325.23392443732644,53.35371805450784,60.29516565801031,0.003215943
2024-08-06 19:15:00+00:00,56416.714,56804.782,56366.35,56737.11,0.003439905,1.0,56573.6,57204.82701291748,56563.540400000136,55922.253787082795,285.4037589858053,317.2678913470222,57.26342533292296,59.89093361466533,0.003439905
2024-08-06 19:30:00+00:00,56675.5585,56905.3,56624.9355,56840.95,0.001712611,1.0,56816.1,57231.97813650604,56588.84377500013,55945.70941349422,278.2223341667559,309.45877991096893,58.91711423503466,59.761091030714574,0.001712611
2024-08-06 19:45:00+00:00,56821.6955,56877.0,56624.52,56790.159,0.032586233,4.0,56824.237832,57233.64740825171,56622.20477500013,56010.76214174855,265.37353313569474,300.6417305559141,57.7402150401927,59.49164089864499,0.032586233
2024-08-06 20:00:00+00:00,56732.6,56801.34,56457.9525,56485.315,1.7605e-05,1.0,56770.9,57191.73200251674,56646.59680000013,56101.46159748352,227.96456898729957,286.1062982421912,51.13763049508962,58.37777284483761,1.7605e-05
2024-08-06 20:15:00+00:00,56554.76,56685.57,56414.1125,56575.1,0.0,0.0,0.0,57120.351312491504,56678.140375000134,56235.92943750876,203.22000084839237,269.52903876343146,52.84783494279643,57.64044779123212,0.0
2024-08-06 20:30:00+00:00,56558.5745,56736.162,56448.9755,56457.889,0.016860783,2.0,56593.791419,57060.67237956804,56697.04385000013,56333.41532043223,172.1671682512606,250.05666466099728,50.369334567713786,56.670966028096345,0.016860783
2024-08-06 20:45:00+00:00,56480.7935,56572.145,56282.127,56572.145,0.024068055,2.0,56531.937718,57051.04843552934,56704.506325000126,56357.964214470914,154.99044563810457,231.04342085641875,52.69815088476414,56.14125734231872,0.024068055
2024-08-06 21:00:00+00:00,56575.23,56652.2205,56165.721,56192.8245,1.7675e-05,1.0,56575.23,57090.041110527854,56678.17207500014,56266.30303947243,109.50744136126741,206.7362249573885,45.127422753606936,54.672746063823816,1.7675e-05
2024-08-06 21:15:00+00:00,56260.8345,56502.6105,56260.8345,56394.782,0.0,0.0,0.0,57087.89172346057,56679.315175000134,56270.7386265397,88.73523070150986,183.13602610621277,49.30341190015294,53.95683484200103,0.0
2024-08-06 21:30:00+00:00,56397.598,56524.7935,56362.035,56392.82,0.0,0.0,0.0,57093.02863017551,56665.748275000136,56238.46791982476,71.29296615951898,160.76741411687402,49.26418725481541,53.331148497042946,0.0
2024-08-06 21:45:00+00:00,56376.39,56512.73,56332.74,56512.73,4.3235e-05,1.0,56406.5,57070.81761914508,56648.36540000014,56225.913180855205,66.38038891254837,141.89000907600888,51.78866911727269,53.125484579740245,4.3235e-05
2024-08-06 22:00:00+00:00,56542.59,56874.3735,56444.335,56760.56,0.01713877,2.0,56832.500541,57056.55828094265,56642.92345000014,56229.28861905763,81.54494646648527,129.82099655410417,56.59566646355416,53.5881754975821,0.01713877
2024-08-06 22:15:00+00:00,56782.3,56920.5,56028.0235,56064.506,0.0003,1.0,56782.3,57064.38935170987,56600.20192500014,56136.01449829041,36.97104772423336,111.25100678813001,43.482373957015405,52.240735292173206,0.0003
2024-08-06 22:30:00+00:00,56140.23,56359.641,56008.4125,56211.11,0.034648297,1.0,56166.639,57072.79997508897,56579.09257500015,56085.385174911324,13.322060986291035,91.66521762776222,46.30436186199069,51.44921883481554,0.034648297
2024-08-06 22:45:00+00:00,56207.8445,56305.549,56175.045,56202.4515,3.1944e-05,1.0,56219.56,57082.510208721054,56562.25387500015,56041.99754127924,-6.048872338156798,72.12239963457841,46.15777413222027,50.7436928744695,3.1944e-05
2024-08-06 23:00:00+00:00,56255.082,56399.1,56072.475,56312.3,1.7776e-05,1.0,56255.082,57039.20380847443,56532.73795000014,56026.272091525854,-12.39375317824306,55.21916907201412,48.390037399665275,50.429872144495604,1.7776e-05
2024-08-06 23:15:00+00:00,56342.845,56364.787,55940.355,55960.9175,0.0048,2.0,56022.293333,57026.00006667758,56487.12135000015,55948.24263332271,-45.254087133536814,35.124517830903926,42.342609399282814,49.3515704451339,0.0048
2024-08-06 23:30:00+00:00,55973.711,56142.8,55957.754,55959.535,0.009546164,2.0,56061.424568,56974.62840190998,56436.64710000014,55898.665798090304,-70.59393183203065,13.98082789831701,42.320199899935524,48.41405437244079,0.009546164
2024-08-06 23:45:00+00:00,56054.15,56086.985,55936.5,56078.1425,3.1348e-05,1.0,55986.3,56931.91066804008,56400.280150000144,55868.64963196021,-80.18103030713246,-4.851543742772886,45.00911411582329,47.96006233822512,3.1348e-05
2024-08-07 00:00:00+00:00,56060.806,56162.017,55697.115,55697.115,0.001550391,3.0,55787.042819,56970.53123287355,56359.923100000145,55749.31496712674,-117.17390198639623,-27.316015391497555,38.75817371497364,46.73314385512492,0.001550391
2024-08-07 00:15:00+00:00,55729.241,55959.75,55626.55,55931.0275,0.0,0.0,0.0,56931.73080922512,56319.61897500014,55707.50714077517,-126.16191937629628,-47.0851961884573,43.90838048299368,46.35650873884076,0.0
2024-08-07 00:30:00+00:00,55995.428,56315.43,55953.6825,56034.27,0.0001,1.0,55995.428,56853.82929126678,56279.28497500015,55704.74065873351,-123.53020172591641,-62.37419729594912,46.06434808081983,46.31755398443797,0.0001
2024-08-07 00:45:00+00:00,55940.451,56391.8775,55940.451,56293.862,0.000227151,2.0,56042.875986,56779.334020009126,56254.470125000145,55729.606229991165,-99.35236935908324,-69.76983170857595,51.148723834472186,46.961709964442534,0.000227151
2024-08-07 01:00:00+00:00,56322.6,56404.664,55826.416,55918.8765,0.010954606,4.0,55947.318237,56759.19634745506,56226.14820000015,55693.10005254524,-109.19077568866487,-77.65402050459373,44.60725785786387,46.647783016898714,0.010954606
2024-08-07 01:15:00+00:00,55986.7825,56268.15,55948.1,56245.66,0.0,0.0,0.0,56718.3781664763,56209.67620000014,55700.97423352398,-89.58639004160068,-80.04049441199513,50.54328501673403,47.16718328354342,0.0
2024-08-07 01:30:00+00:00,56173.84,56703.869,56173.84,56610.1175,0.0,0.0,0.0,56744.824053759454,56217.287625000135,55689.75119624082,-44.132368351834884,-72.85886919996308,56.18299945748142,48.36929210673516,0.0
2024-08-07 01:45:00+00:00,56624.837,56995.0365,56624.837,56938.7455,0.001410754,2.0,56872.6584,56832.16292587178,56235.61765000013,55639.07237412848,18.19802890768915,-54.64748957843263,60.55124919035786,49.993553051218186,0.001410754
2024-08-07 02:00:00+00:00,57008.865,57008.865,56741.235,56741.235,0.003438931,2.0,56880.327314,56898.35089767033,56263.03817500013,55627.725452329934,51.06917742831138,-33.50415617708383,56.880946067284256,50.91187212002699,0.003438931
2024-08-07 02:15:00+00:00,56744.8755,57285.275,56616.126,57227.8515,0.000148911,1.0,57187.0,57065.8643445948,56304.691650000146,55543.518955405496,115.05935159770888,-3.7914546221252876,62.85489779981067,52.50427554399815,0.000148911
2024-08-07 02:30:00+00:00,57180.775,57311.267,56735.095,56735.095,0.0001,1.0,57222.38,57105.20085362856,56321.80540000014,55538.40994637173,124.57467493159493,21.881771288618758,54.60489201832153,52.7843577405746,0.0001
2024-08-07 02:45:00+00:00,56699.439,56848.682,56589.69,56812.6715,5.7677e-05,1.0,56790.084,57145.32473986538,56336.802475000135,55528.28021013489,136.79848466689873,44.865113964274755,55.593099400966715,53.15885662862688,5.7677e-05
2024-08-07 03:00:00+00:00,56841.79,56963.2075,56789.7,56835.737,1.7592e-05,1.0,56841.79,57157.583222515255,56340.56132500013,55523.53942748501,146.65656939208566,65.22340504983694,55.90048971763518,53.524407707161316,1.7592e-05
2024-08-07 03:15:00+00:00,56823.645,56823.645,56638.0145,56711.113,0.0,0.0,0.0,57194.81878562285,56372.89167500012,55550.9645643774,142.76732444011577,80.73218892789271,53.736129233901174,53.552637244059966,0.0
2024-08-07 03:30:00+00:00,56752.744,56888.5,56672.66,56818.55,0.0003,1.0,56752.744,57243.717093159226,56403.263675000126,55562.810256841025,146.66369008242327,93.91848915879882,55.34142733425761,53.79114258941965,0.0003
2024-08-07 03:45:00+00:00,56889.71,56937.7,56821.641,56886.8155,0.000729678,2.0,56934.657519,57297.93395083964,56437.48187500013,55577.02979916062,153.49069803485327,105.83293093400971,56.37718812808913,54.135948661242246,0.000729678
2024-08-07 04:00:00+00:00,56885.6935,56971.37,56792.4,56971.37,0.003439844,2.0,56865.170421,57359.20263801263,56470.43537500013,55581.66811198763,163.835400014279,117.43342475006357,57.68623861241948,54.60932065473254,0.003439844
2024-08-07 04:15:00+00:00,56978.139,57186.636,56978.139,57026.235,0.0002,2.0,57071.995,57411.630968886886,56523.70125000014,55635.77153111339,174.44984857349482,128.83670951474983,58.55530906757475,55.135452443111504,0.0002
2024-08-07 04:30:00+00:00,57084.67,57280.275,57084.67,57209.8105,0.045827082,3.0,57209.781724,57482.47378589534,56586.215025000136,55689.956264104934,195.42217894241185,142.15380340028224,61.41118180785467,55.97221635841059,0.045827082
2024-08-07 04:45:00+00:00,57257.557,57290.004,57075.473,57106.8775,5.6072e-05,1.0,57142.164,57529.44051339333,56637.65177500013,55745.86303660693,201.4152790440712,154.00609852904003,58.957959070676544,56.37031538671272,5.6072e-05
2024-08-07 05:00:00+00:00,57120.11,57259.9,57035.2625,57203.55,0.005459586,4.0,57190.444892,57525.20499756034,56712.97352500013,55900.74205243993,211.52716340812185,165.5103115048564,60.55181673753069,56.92784890015511,0.005459586
2024-08-07 05:15:00+00:00,57145.245,57194.545,56939.0335,57022.7,0.0,0.0,0.0,57505.59553464512,56767.557150000124,56029.518765355126,202.61223334111855,172.93069587210883,56.158088884590185,56.82521423141312,0.0
2024-08-07 05:30:00+00:00,56965.9375,57168.2,56863.95,56863.95,0.0,0.0,0.0,57466.4095973882,56809.04115000012,56151.67270261204,180.65481253829057,174.47551920534517,52.55325311105491,56.25561941536536,0.0
2024-08-07 05:45:00+00:00,56900.38,56900.38,56753.914,56860.661,0.001759718,2.0,56854.994048,57450.87248137105,56837.38110000013,56223.88971862921,161.1305903988905,171.80653344405422,52.47809323866919,55.751949258472536,0.001759718
2024-08-07 06:00:00+00:00,56871.39,57023.918,56790.835,56857.425,0.008517376,3.0,56895.505944,57330.305334056466,56884.30852500013,56438.3117159438,143.73944666689204,166.1931160886218,52.3986903714702,55.30484807353889,0.008517376
2024-08-07 06:15:00+00:00,56912.6525,56947.693,56750.65,56888.338,0.0,0.0,0.0,57252.911834019884,56916.44242500013,56579.97301598038,130.94184463565034,159.1428617980275,53.12829273965393,55.01464069568756,0.0
2024-08-07 06:30:00+00:00,56954.745,57007.3005,56855.0565,56917.54,0.0,0.0,0.0,57237.59096295122,56931.81355000014,56626.03613704906,121.75252287743206,151.66479401390842,53.84793163619273,54.85907948775492,0.0
2024-08-07 06:45:00+00:00,56916.309,56916.309,56770.35,56874.1075,4.479e-05,1.0,56909.601,57235.362406915636,56928.58165000014,56621.80089308464,109.70071782039304,143.27197877520535,52.55549603973198,54.55193502801853,4.479e-05
2024-08-07 07:00:00+00:00,56901.115,56936.3025,56739.1415,56739.1415,0.00301552,2.0,56800.092197,57235.51467565261,56928.47697500013,56621.43927434765,88.24175126208138,132.26593327258055,48.64799533190256,53.7647430685364,0.00301552
2024-08-07 07:15:00+00:00,56772.275,56780.021,56643.52,56745.196,0.0,0.0,0.0,57188.484919055,56904.34420000012,56620.203480945245,70.90654667922354,119.99405595390915,48.83178444732984,53.107015252375525,0.0
2024-08-07 07:30:00+00:00,56783.94,56879.67,56751.2,56842.5465,0.0001,1.0,56879.67,57184.77172002408,56909.71677500012,56634.661829976154,64.28263372479705,108.85177150808673,51.81780992013499,52.93512120807679,0.0001
2024-08-07 07:45:00+00:00,56823.7305,57119.739,56823.7305,56964.2,0.017560599,4.0,56999.271968,57189.57199315412,56917.29320000012,56645.014406846116,68.06494541321445,100.69440628911227,55.326270130910956,53.25394106445468,0.017560599
2024-08-07 08:00:00+00:00,56978.4,57096.355,56941.576,57063.475,0.017410324,3.0,56988.947366,57205.376027342005,56928.68010000013,56651.98417265825,78.1719993524166,96.18992490177314,58.013121124468135,53.888498405789804,0.017410324
2024-08-07 08:15:00+00:00,57062.81,57168.5495,56999.84,57168.5495,0.0001,1.0,57130.7,57228.15368186786,56951.55192500013,56674.9501681324,93.58179375660984,95.66829867274048,60.706829407958665,54.79760920607899,0.0001
2024-08-07 08:30:00+00:00,57173.93,57190.17,57059.565,57070.584,0.064231984,2.0,57100.775861,57238.323545115054,56964.15362500013,56689.983704885206,96.77362363161228,95.88936366451483,57.032962563326926,55.095656320378716,0.064231984
2024-08-07 08:45:00+00:00,57118.87,57472.5445,57118.87,57365.5545,0.003051738,4.0,57357.993287,57310.43438239921,56988.09057500013,56665.74676760106,121.70192198231962,101.0518753280758,64.08143419638833,56.29376003718,0.003051738
2024-08-07 09:00:00+00:00,57410.344,57659.55,57259.744,57391.801,0.002920897,2.0,57307.616265,57376.097702151914,57009.11212500012,56642.12654784833,141.93946146527742,109.22939255551611,64.63731575452125,57.4062341328255,0.002920897
2024-08-07 09:15:00+00:00,57360.696,57596.83,57307.46,57487.9775,0.001184402,1.0,57508.1,57454.51444435449,57032.19925000012,56609.88405564575,163.84973927710234,120.15346189983336,66.67269670906029,58.64176247632347,0.001184402
2024-08-07 09:30:00+00:00,57450.1515,57643.5625,57450.1515,57572.405,0.003492402,1.0,57520.7,57528.96315149171,57050.32897500013,56571.69479850854,185.88363512082287,133.29949654403126,68.3925431850714,59.941866570823194,0.003492402
2024-08-07 09:45:00+00:00,57545.55,57596.32,57355.595,57389.08,0.001041623,3.0,57538.355032,57565.043930825545,57064.439100000134,56563.834269174724,186.40411038161255,143.9204193115475,61.02807143472234,60.08669388600975,0.001041623
2024-08-07 10:00:00+00:00,57408.1,57516.8105,57293.465,57489.994,0.00022044,2.0,57505.171373,57609.92391265173,57078.76130000013,56547.59868734853,192.73774643628713,153.68388473649543,63.36650791561852,60.524002423290916,0.00022044
2024-08-07 10:15:00+00:00,57518.054,57584.21,57430.853,57583.383,0.062151355,3.0,57574.01453,57680.63349767848,57106.79545000013,56532.95740232178,202.95339010947646,163.53778581109162,65.43358650262262,61.17861363386848,0.062151355
2024-08-07 10:30:00+00:00,57570.4065,57721.9535,57437.95,57437.95,0.002060098,3.0,57635.437286,57715.265429944564,57135.495450000126,56555.72547005569,197.04274751600315,170.23877815207393,59.77687777184493,60.991715518932004,0.002060098
2024-08-07 10:45:00+00:00,57483.582,57542.2,57376.0005,57376.0005,2.5604e-05,1.0,57387.6,57735.665787174265,57161.262425000124,56586.859062825984,185.2245603272022,173.2359345870996,57.49671601128211,60.525715584578684,2.5604e-05
2024-08-07 11:00:00+00:00,57402.3,57402.3,57170.3505,57362.0365,1.742e-05,1.0,57402.3,57749.51298587256,57186.49300000012,56623.473014127674,172.7405383379446,173.1368553372686,56.969207674159236,60.05151452985609,1.742e-05
2024-08-07 11:15:00+00:00,57329.635,57363.83,57162.3385,57162.3385,0.010200093,2.0,57228.92874,57746.61607440247,57200.193025000124,56653.76997559778,145.0607314992085,167.52163056965657,49.916171453988234,58.70013545307371,0.010200093
2024-08-07 11:30:00+00:00,57225.395,57225.395,56927.495,56927.495,0.0052,1.0,57071.960298,57746.100211989076,57200.69077500013,56655.28133801118,102.98720498453622,154.6147454526325,43.15049494780734,56.62685005237153,0.0052
2024-08-07 11:45:00+00:00,57058.4775,57076.225,56866.4,56995.22,0.920043303,4.0,56890.460023,57740.07284070218,57206.746400000135,56673.41995929809,74.25253657578287,138.54230367726257,45.44687998048562,55.13618737612008,0.920043303
2024-08-07 12:00:00+00:00,57020.961,57086.866,56896.27,56983.845,0.437657798,4.0,56963.63543,57719.02600567185,57218.981575000136,56718.937144328425,49.986029570907704,120.8310488559916,45.117234168366274,53.80032694841957,0.437657798
2024-08-07 12:15:00+00:00,57023.5,57331.05,56991.3905,57142.8375,0.000810819,2.0,57205.1592,57691.33273716244,57238.86365000013,56786.39456283782,43.08733001357177,105.28230508750764,50.51962935551487,53.36290060269894,0.000810819
2024-08-07 12:30:00+00:00,57228.587,57254.4645,57017.4595,57116.445,0.000136235,1.0,57138.7,57671.55962446392,57252.558575000134,56833.55752553635,35.08595765368227,91.24303560074256,49.64600794719811,52.867314915298834,0.000136235
2024-08-07 12:45:00+00:00,57087.55,57353.6,57087.55,57321.7715,0.001669545,2.0,57242.204289,57668.697439147436,57270.43715000014,56872.17686085285,44.79655813919089,81.95374010843223,56.018154022915155,53.28742679631434,0.001669545
2024-08-07 13:00:00+00:00,57350.743,57473.55,57090.315,57160.25,1.7436e-05,1.0,57350.743,57665.633657969476,57275.27590000014,56884.9181420308,39.009170392637316,73.36482616527324,50.59412591357157,52.92832001194864,1.7436e-05
2024-08-07 13:15:00+00:00,57187.1775,57200.361,57066.9935,57172.2745,0.001701106,1.0,57200.361,57665.6195454697,57275.46215000014,56885.304754530574,34.9895626665093,65.68977346552046,50.97469613533189,52.66783682839974,0.001701106
2024-08-07 13:30:00+00:00,57371.7765,57501.15,57095.2,57165.267,0.279466286,6.0,57165.318055,57662.51387412124,57280.19630000014,56897.87872587904,30.882553050119895,58.72832938244035,50.7294528320108,52.40938562888122,0.279466286
2024-08-07 13:45:00+00:00,57133.8165,57133.8165,56794.315,56857.35,0.004496684,3.0,56872.199719,57676.55212812108,57254.78607500014,56833.0200218792,2.7496930595007143,47.53260211785242,41.3218757944477,50.93105098429008,0.004496684
2024-08-07 14:00:00+00:00,56902.23,56987.5195,56609.255,56734.085,0.008298038,3.0,56688.322851,57695.22046701349,57221.90027500014,56748.58008298679,-29.1561624096139,32.19484921235915,38.262833185046816,49.241955277724315,0.008298038
2024-08-07 14:15:00+00:00,56693.801,56693.801,56180.77,56193.65,0.346630656,7.0,56327.380549,57793.249521672034,57157.183900000135,56521.118278328235,-96.93298749328096,6.369281871231129,28.352551193420627,46.456701399817156,0.346630656
2024-08-07 14:30:00+00:00,56217.5525,56326.29,55710.3355,55940.295,0.032683241,5.0,56285.537477,57875.34314738839,57075.57840000013,56275.81365261187,-169.14049446774152,-28.732673396563403,25.073858223962585,43.60565564303655,0.032683241
2024-08-07 14:45:00+00:00,55979.6,56420.98,55979.6,56123.306,0.005282271,2.0,56227.661511,57898.4667179238,57012.289700000125,56126.11268207645,-209.1866324737348,-64.82346521199769,31.257787447482137,41.95927321696263,0.005282271
2024-08-07 15:00:00+00:00,56165.0,56363.27,55972.2605,56197.909,0.010617804,3.0,56073.338438,57872.68154506363,56947.68545000013,56022.68935493663,-232.22668210836127,-98.3041085912704,33.66138269808873,40.852887814446106,0.010617804
2024-08-07 15:15:00+00:00,56159.65,56195.203,56007.133,56091.295,0.019866264,1.0,56081.5,57821.349553874104,56873.08105000013,55924.81254612616,-256.1363656442263,-129.8705600018616,31.94248826951871,39.66483454178912,0.019866264
2024-08-07 15:30:00+00:00,56084.474,56123.595,55897.9095,55979.1825,0.000399754,1.0,55984.1,57787.0209180731,56800.14267500014,55813.26443192718,-280.89353803678387,-160.07515560884605,30.196283274976167,38.402361039547394,0.000399754
2024-08-07 15:45:00+00:00,55841.5375,56194.0505,55840.0455,56108.875,0.010434267,3.0,56022.217651,57730.3257042564,56736.786400000135,55743.24709574387,-286.74327665731835,-185.4087798185405,34.64707258713103,37.901655912558546,0.010434267
2024-08-07 16:00:00+00:00,56083.35,56233.98,55940.91,56066.497,0.019238522,6.0,56211.371004,57662.971665240875,56672.009425000135,55681.047184759394,-291.4392567542309,-206.61487520567857,33.886748641485546,37.366334943082144,0.019238522
2024-08-07 16:15:00+00:00,56152.6,56269.0135,55982.67,56231.8605,0.0,0.0,0.0,57607.325615532696,56625.48552500013,55643.64543446756,-278.6058080352377,-221.0130617715904,39.46881718887105,37.646665909187334,0.0
2024-08-07 16:30:00+00:00,56099.5435,56151.615,56037.983,56146.0945,0.0,0.0,0.0,57579.20213485055,56586.41550000012,55593.62886514969,-272.21784897580073,-231.25401921243247,37.691322901620374,37.652620174845076,0.0
2024-08-07 16:45:00+00:00,56152.0065,56220.713,55845.88,56185.45,0.021879403,3.0,55905.763593,57534.763928115,56545.92700000012,55557.09007188524,-260.9713699522981,-237.1974893604056,39.04781828304366,37.838646589271555,0.021879403
2024-08-07 17:00:00+00:00,56152.381,56283.111,55923.715,55975.6165,0.003582212,3.0,56172.999336,57492.67634521617,56495.51557500012,55498.354804784074,-265.92484798286023,-242.94296108489652,34.70904882129156,37.421366886874225,0.003582212
2024-08-07 17:15:00+00:00,55998.039,55998.039,55506.05,55737.75,0.01,1.0,55583.126551,57428.06900374183,56425.261200000125,55422.45339625842,-285.7504008787946,-251.50444904367615,30.56321425538513,36.50694653600901,0.01
2024-08-07 17:30:00+00:00,55785.506,55948.2,55759.52,55834.855,0.000678489,1.0,55930.87,57342.694638829664,56361.18170000012,55379.66876117057,-290.28055883568595,-259.2596710020781,34.02758704065067,36.17636526996123,0.000678489
2024-08-07 17:45:00+00:00,55856.567,55882.485,55513.555,55604.784,2.118103068,9.0,55816.176017,57204.72359442201,56275.33232500012,55345.94105557823,-308.8750294989368,-269.18274270144985,30.184941552459303,35.377508774294306,2.118103068
2024-08-07 18:00:00+00:00,55623.118,55623.118,55213.1,55280.47,0.004608506,4.0,55318.342961,57113.95618896363,56181.34332500012,55248.730461036605,-345.7946058932357,-284.50511533980705,25.76759430857892,34.09618684553225,0.004608506
2024-08-07 18:15:00+00:00,55307.775,55379.615,54963.371,55029.6355,0.005797433,4.0,55242.592483,57019.06850668925,56074.211375000115,55129.35424331098,-390.78911040849925,-305.7619143535455,22.967968198616575,32.61242435927683,0.005797433
2024-08-07 18:30:00+00:00,54993.0895,55053.9,54714.4765,54796.4535,0.01772222,5.0,54824.528226,56917.58917943286,55955.770700000125,54993.952220567386,-440.1891910354607,-332.6473696899285,20.714773191240248,31.026070870205285,0.01772222
2024-08-07 18:45:00+00:00,54900.306,54900.306,54668.86,54788.3,0.002027135,3.0,54789.105423,56848.46760073759,55852.31820000012,54856.16879926265,-474.52697852341953,-361.0232914566267,20.638532163049238,29.641065709251144,0.002027135
2024-08-07 19:00:00+00:00,54816.025,55130.419,54816.025,55064.92,0.006540429,3.0,55073.444586,56734.75288287408,55768.859950000115,54802.967017126146,-473.95553591685166,-383.60974034867166,30.045476030253347,29.69498708538477,0.006540429
2024-08-07 19:15:00+00:00,55037.03,55110.8085,54906.5345,54962.8115,0.008851632,1.0,54963.83,56713.12766259305,55707.318025000124,54701.5083874072,-476.2520291918554,-402.13819811730843,28.693451249061514,29.561448973875002,0.008851632
2024-08-07 19:30:00+00:00,54909.44,54986.509,54742.966,54870.7555,0.1931214,2.0,54877.834068,56716.538371500515,55653.84105000013,54591.14372849974,-479.967401083195,-417.70403871048575,27.492316358600583,29.285564625171748,0.1931214
2024-08-07 19:45:00+00:00,54843.158,55014.81,54740.134,54785.7925,0.017703444,4.0,54814.08762,56690.622188811736,55586.96537500012,54483.30856118851,-484.18626622787997,-431.00048421396457,26.3941233897657,28.90003912711761,0.017703444
2024-08-07 20:00:00+00:00,54779.867,55086.587,54721.917,54914.025,0.058277999,3.0,54785.410782,56626.17232983716,55522.77117500012,54419.37002016308,-471.7444794753901,-439.14928326624965,30.881714090109842,29.164262455516575,0.058277999
2024-08-07 20:15:00+00:00,54934.654,55229.35,54911.1795,55146.546,0.010613656,2.0,55006.818962,56558.231194428474,55475.533725000125,54392.836255571776,-438.0719516268582,-438.93381693837136,38.23515886097181,30.37371530957727,0.010613656
2024-08-07 20:30:00+00:00,55143.105,55247.421,54945.6,55029.7205,0.002066521,2.0,55082.696163,56501.48342055566,55428.06062500012,54354.63782944458,-416.0174816415238,-434.35054987900185,36.15395855466625,31.14441440892247,0.002066521
2024-08-07 20:45:00+00:00,55000.449,55153.655,54664.695,55153.655,0.003533082,1.0,55081.6,56412.51573236258,55380.29962500012,54348.083517637664,-384.11088570837455,-424.3026170448764,39.89182498689371,32.31073581931864,0.003533082
2024-08-07 21:00:00+00:00,55172.286,55288.655,55092.007,55105.38,1.8112e-05,1.0,55210.672,56320.7656138959,55332.24377500012,54343.72193610434,-358.5865055817412,-411.15939475224934,38.93561862458665,33.1940535266877,1.8112e-05
2024-08-07 21:15:00+00:00,54889.0855,55267.8825,54889.0855,55113.3525,0.0,0.0,0.0,56177.64265192978,55276.318375000126,54374.99409807047,-333.8663330542404,-395.7007824126475,39.19483659905573,33.99415793633678,0.0
2024-08-07 21:30:00+00:00,55138.135,55530.3905,55138.135,55530.3905,0.0032,2.0,55183.28125,56064.19242367607,55245.53317500013,54426.87392632419,-277.4259433753832,-372.04581460519466,50.92934260993627,36.25218255948337,0.0032
2024-08-07 21:45:00+00:00,55394.673,55507.915,55278.205,55454.1,0.000351657,1.0,55340.1,55913.8525692801,55208.96567500014,54504.07878072018,-236.13056749165844,-344.8627651824874,49.06396603634728,37.96042035639856,0.000351657
2024-08-07 22:00:00+00:00,55474.3,55474.3,55034.6,55034.6,1.8026e-05,1.0,55474.3,55775.543722711474,55161.91485000014,54548.285977288804,-234.55008134353557,-322.800228414697,40.31906188120185,38.274905893039,1.8026e-05
2024-08-07 22:15:00+00:00,55056.981,55089.206,54607.0865,54834.015,0.0,0.0,0.0,55685.55097423399,55116.72810000014,54547.905225766284,-246.6399559415222,-307.56817392006207,36.9296899013101,38.095543760808475,0.0
2024-08-07 22:30:00+00:00,54797.942,55212.7,54797.942,55170.63,0.0,0.0,0.0,55548.90630821181,55083.51685000013,54618.127391788454,-226.44888953320333,-291.3443170426903,45.247890142051986,39.04918994497427,0.0
2024-08-07 22:45:00+00:00,55164.73,55321.45,55164.73,55312.117,0.0,0.0,0.0,55483.41760652073,55068.883500000135,54654.34939347954,-196.762351583282,-272.42792395080863,48.332428734883436,40.28695511696216,0.0
2024-08-07 23:00:00+00:00,55269.55,55419.208,55236.7605,55381.64,0.0,0.0,0.0,55500.96158742054,55073.942000000134,54646.92241257973,-165.71536770134117,-251.08541270091513,49.82813476822953,41.55911240379781,0.0
2024-08-07 23:15:00+00:00,55354.595,55437.78,55186.105,55186.105,0.006550119,1.0,55384.42,55510.979169466365,55081.76547500014,54652.55178053391,-155.1005470792952,-231.88843957659114,45.81132098812691,42.126073548375025,0.006550119
2024-08-07 23:30:00+00:00,55166.63,55166.63,55011.8335,55060.27,0.0003,1.0,55068.6,55504.02870255928,55094.956300000136,54685.883897440995,-155.05468423206185,-216.52168850768527,43.38732670604461,42.2942406360643,0.0003
2024-08-07 23:45:00+00:00,55092.82,55157.87,55006.3355,55101.9695,0.0001,1.0,55131.28,55494.77329959325,55110.63977500013,54726.506250407,-149.92529101292166,-203.20240900873256,44.43653608955447,42.57988002986299,0.0001
2024-08-08 00:00:00+00:00,55090.5125,55355.1115,55090.5125,55097.072,0.0001,1.0,55244.1,55495.87086820791,55112.24737500013,54728.62388179235,-144.58866907755146,-191.47966102249634,44.33261584956226,42.81357813915623,0.0001
2024-08-08 00:15:00+00:00,55127.429,55293.595,54934.7035,54959.2635,0.0,0.0,0.0,55495.9728998565,55112.06997500013,54728.16705014376,-149.75309156035655,-183.1343471300684,41.398793123825236,42.6249401371121,0.0
2024-08-08 00:30:00+00:00,55018.614,55018.614,54740.01,54994.7615,0.0,0.0,0.0,55490.20225981083,55118.27027500013,54746.33829018944,-149.26095428550616,-176.35966856115596,42.45519507749036,42.602307462495865,0.0
2024-08-08 00:45:00+00:00,55076.095,55248.1,55044.77,55248.1,0.0,0.0,0.0,55484.10853572617,55141.38565000014,54798.662764274115,-126.96505808115762,-166.4807464651563,49.45778790188672,43.51637152108131,0.0
2024-08-08 01:00:00+00:00,55300.64,55910.993,55300.64,55873.85,0.016361702,2.0,55646.530928,55642.3764230322,55189.376900000134,54736.37737696807,-58.13248916799057,-144.81109500572316,61.81735175889861,45.95650221945695,0.016361702
2024-08-08 01:15:00+00:00,55852.186,55939.6865,55610.558,55610.558,0.0,0.0,0.0,55700.60137555154,55212.57750000013,54724.55362444872,-24.54471022841608,-120.75781805026175,55.65080742545319,47.24907624692312,0.0
2024-08-08 01:30:00+00:00,55607.3535,57186.0,55607.3535,57186.0,0.004075582,6.0,56502.595578,56302.15714281498,55320.39147500013,54338.62580718528,127.72649788924173,-71.06095486236106,73.00402272574898,50.68306911076657,0.004075582
2024-08-08 01:45:00+00:00,57243.0525,57243.0525,56591.05,56914.061,0.0,0.0,0.0,56606.439251403346,55408.411775000124,54210.3842985969,223.87858974336996,-12.073045941214845,68.05405884176214,52.99920107489931,0.0
2024-08-08 02:00:00+00:00,56857.46,57199.96,56857.46,57199.96,0.0,0.0,0.0,56932.63383155893,55513.14077500013,54093.64771844133,319.46686011633574,54.234935270295274,70.33164360856976,55.310193412722036,0.0
2024-08-08 02:15:00+00:00,57210.51,57618.3005,57154.9615,57618.3005,0.001349505,1.0,57382.0,57313.67509173461,55638.388175000124,53963.10125826564,424.08919889725075,128.20578799568636,73.32814225856686,57.71258659216801,0.001349505
2024-08-08 02:30:00+00:00,57578.195,57578.195,57299.4365,57299.4365,0.0,0.0,0.0,57550.23692775329,55726.84047500013,53903.444022246964,475.7888979546915,197.7224099874874,67.71428747848371,59.046146710343436,0.0
2024-08-08 02:45:00+00:00,57325.425,57419.135,57320.376,57351.6475,0.0,0.0,0.0,57771.56139734666,55821.71785000012,53871.874302653574,515.0372445329704,261.185376896584,68.14433687889473,60.25923873281694,0.0
2024-08-08 03:00:00+00:00,57424.872,57639.624,57389.7075,57411.9345,1.7414e-05,1.0,57424.872,57972.14052124177,55940.58457500012,53909.02862875847,544.7272226836722,317.8937460540016,68.66338355955122,61.37979137638151,1.7414e-05
2024-08-08 03:15:00+00:00,57607.6585,57607.6585,57469.513,57551.1865,0.0,0.0,0.0,58156.65896101641,56076.44315000012,53996.22733898384,572.8893055916706,368.8928579615354,69.88400079174369,62.51368596509647,0.0
2024-08-08 03:30:00+00:00,57507.01,57507.01,57292.4465,57292.4465,0.0,0.0,0.0,58283.46474603996,56182.53397500013,54081.6032039603,567.7847345869232,408.67123328661296,64.83091834530022,62.82265028245697,0.0
2024-08-08 03:45:00+00:00,57352.5,57352.5,57120.4115,57120.4115,0.0,0.0,0.0,58371.90284981419,56272.948700000125,54173.99455018606,543.5913557702443,435.6552577833392,61.639556482725325,62.66490444249275,0.0
2024-08-08 04:00:00+00:00,57125.3,57188.58,56899.332,57188.58,0.00854333,1.0,56947.3,58456.55824854699,56363.29570000013,54270.03315145327,523.8795990817307,453.3001260430175,62.42878136393612,62.633421365351865,0.00854333
2024-08-08 04:15:00+00:00,57194.7465,57225.018,57013.0,57013.0,0.001927289,2.0,57157.95034,58493.17918899715,56454.64045000014,54416.101711003124,488.45939541886037,460.33197991818605,59.058431046390325,62.15675598949033,0.001927289
2024-08-08 04:30:00+00:00,56983.17,57016.622,56848.41,56881.516,0.0,0.0,0.0,58487.36739075015,56545.702750000135,54604.03810925012,444.65328262979165,457.19624046050717,56.59439990419125,61.41510851145045,0.0
2024-08-08 04:45:00+00:00,56855.2,56943.454,56712.9745,56793.378,0.004281166,1.0,56820.92,58456.977424861085,56630.27317500014,54803.568925139196,398.2340286482722,445.4037980980602,54.93967671239781,60.551717604910095,0.004281166
2024-08-08 05:00:00+00:00,56800.6055,56963.3715,56800.6055,56802.58,0.048973363,3.0,56930.125758,58401.833723146425,56715.54857500015,55029.26342685388,358.0614504160403,427.9353285616562,55.087323686382874,59.823131749106466,0.048973363
2024-08-08 05:15:00+00:00,56955.2575,56977.0,56919.985,56977.0,0.0,0.0,0.0,58299.543255694094,56816.43540000015,55333.3275443062,336.4205819957351,409.632379248472,57.90298422349579,59.567112079025044,0.0
2024-08-08 05:30:00+00:00,57020.11,57020.11,56872.69,56970.595,0.0,0.0,0.0,58140.6346024348,56915.22707500014,55689.81954756548,315.1206926978266,390.7300419383429,57.75978375039281,59.32613496854075,0.0
2024-08-08 05:45:00+00:00,56962.09,56999.736,56913.49,56999.736,0.0,0.0,0.0,57960.15266714996,57002.80887500014,56045.46508285032,297.1662644137323,372.01728643342074,58.265502084868345,59.18471725071776,0.0
2024-08-08 06:00:00+00:00,57002.101,57002.101,56850.181,56962.625,0.0,0.0,0.0,57863.51442131339,57057.247625000135,56250.98082868688,276.75247285880323,352.9643237184972,57.324254508081594,58.9366555516996,0.0
2024-08-08 06:15:00+00:00,57026.37,57154.6545,57026.37,57149.195,0.0,0.0,0.0,57591.8920468105,57134.17947500014,56676.46690318979,272.4879641150983,336.8690517978174,60.75654074301586,59.17930691054177,0.0
2024-08-08 06:30:00+00:00,57120.64,57160.0,57081.12,57153.7,0.0,0.0,0.0,57589.76191846807,57132.56447500014,56675.3670315322,266.4009220610242,322.77542585045876,60.83844377721235,59.400525159431176,0.0
2024-08-08 06:45:00+00:00,57203.3145,57367.553,57119.1265,57254.572,0.0,0.0,0.0,57598.25297022454,57149.590025000136,56700.927079775734,266.6427333057145,311.5488873415099,62.71485928850744,59.842436376641345,0.0
2024-08-08 07:00:00+00:00,57339.3815,57339.3815,57207.0685,57298.267,0.0,0.0,0.0,57607.40198290944,57154.50537500014,56701.60876709084,267.2791639583229,302.6949426648725,63.530033133411365,60.33411594421068,0.0
2024-08-08 07:15:00+00:00,57381.92,57448.335,57336.365,57406.1115,0.0,0.0,0.0,57561.39447657079,57143.89592500015,56726.39737342951,273.33485562109854,296.8229252561177,65.53297868715346,61.02729764326972,0.0
2024-08-08 07:30:00+00:00,57356.642,57406.15,57257.6075,57362.162,0.0,0.0,0.0,57570.063094249395,57147.03220000015,56724.0013057509,271.4584732415533,291.7500348532048,63.99060151617335,61.422404826323536,0.0
2024-08-08 07:45:00+00:00,57329.225,57362.0315,57214.873,57214.873,0.0,0.0,0.0,57554.095704378975,57140.19347500014,56726.2912456213,255.1452793744902,284.42908375746185,58.98056738560143,61.096826500893926,0.0
2024-08-08 08:00:00+00:00,57245.44,57302.098,57153.395,57211.83,1.7468e-05,1.0,57245.44,57526.63794262434,57130.188250000145,56733.73855737595,239.21390207835793,275.3860474216411,58.87800363591581,60.80098345223018,1.7468e-05
2024-08-08 08:15:00+00:00,57241.015,57338.19,57223.455,57250.345,0.008491869,1.0,57292.4,57466.86612938901,57115.14617500014,56763.42622061127,227.07839106767642,265.72451615084816,59.83013730850578,60.67153729973359,0.008491869
2024-08-08 08:30:00+00:00,57276.7945,57362.9015,57210.949,57362.9015,0.010939564,2.0,57214.054582,57478.73384471917,57118.66892500014,56758.6040052811,223.96159023517248,257.371930967713,62.55850136088893,60.92313250788764,0.010939564
2024-08-08 08:45:00+00:00,57395.5765,57395.5765,57227.895,57227.895,0.0,0.0,0.0,57487.24645786054,57124.04310000014,56760.83974213974,208.1976341386544,247.5370716019013,57.512653425280014,60.468401963539954,0.0
2024-08-08 09:00:00+00:00,57262.8935,57289.81,57007.85,57133.4975,0.051378124,1.0,57245.696,57483.32656032807,57121.288975000134,56759.2513896722,185.94404877370107,235.21846703626125,54.21962964963537,59.63523232168601,0.051378124
2024-08-08 09:15:00+00:00,57101.305,57224.451,57101.305,57180.243,5.0743e-05,1.0,57197.4,57489.0135130845,57129.651125000135,56770.28873691577,170.1188688008915,222.1985473891873,55.57610557386764,59.0940154219769,5.0743e-05
2024-08-08 09:30:00+00:00,57209.4905,57260.46,57191.27,57260.46,0.000109475,2.0,57255.457035,57493.291412723396,57148.59832500013,56803.905237276864,162.1806238785939,210.19496268706862,57.88236447750332,58.93246196271375,0.000109475
2024-08-08 09:45:00+00:00,57305.4895,57436.1875,57305.4895,57387.9,0.0,0.0,0.0,57496.908045284115,57178.32442500013,56859.740804716144,164.27914282689744,201.0117987150344,61.31812568243945,59.25055045867718,0.0
2024-08-08 10:00:00+00:00,57415.419,57446.82,57235.7755,57285.8555,0.0,0.0,0.0,57473.1093057177,57202.48820000012,56931.86709428255,155.91085262597335,191.99160949722219,57.288237695520195,58.98890875692292,0.0
2024-08-08 10:15:00+00:00,57354.684,57557.0505,57311.6,57529.132,0.001873779,4.0,57446.662586,57515.32722129001,57230.09480000012,56944.86237871023,166.9844104158401,186.99016968094577,63.45463675647339,59.58433915686298,0.001873779
2024-08-08 10:30:00+00:00,57499.1525,57499.1525,57424.375,57424.375,0.0012,1.0,57451.016,57523.6699407537,57252.78380000013,56981.897659246555,165.4006347763716,182.67226270003093,59.47291473972793,59.56948256791164,0.0012
2024-08-08 10:45:00+00:00,57472.6225,57507.56,57368.2,57409.195,0.001016253,1.0,57448.588,57525.821572180044,57273.25675000013,57020.69192782022,161.06393722663051,178.35059760535086,58.896190531518386,59.47971029639254,0.001016253
2024-08-08 11:00:00+00:00,57372.345,57464.295,57339.424,57464.295,0.0,0.0,0.0,57520.31540016106,57298.340250000125,57076.36509983919,160.22619484746974,174.72571705377464,60.39738625497368,59.60206709087002,0.0
2024-08-08 11:15:00+00:00,57520.73,57526.88,57410.4,57526.88,0.508577489,2.0,57412.499419,57549.267017757586,57317.22450000011,57085.18198224264,162.73644005072856,172.32786165316543,62.09094977238265,59.933918115071705,0.508577489
2024-08-08 11:30:00+00:00,57530.587,57669.2,57278.99,57304.975,6.3808e-05,1.0,57358.69,57544.55368499475,57324.78825000012,57105.02281500549,145.1467866908788,166.8916466607081,53.37530495113846,59.05943635988061,6.3808e-05
2024-08-08 11:45:00+00:00,57362.965,57571.785,57362.965,57369.9935,0.0,0.0,0.0,57548.70208503976,57330.55932500013,57112.416564960506,134.8982857771407,160.4929744839946,55.35281999133974,58.56522084407516,0.0
2024-08-08 12:00:00+00:00,57385.395,57448.2505,57237.1605,57287.47,0.0,0.0,0.0,57548.53235137576,57330.01947500013,57111.5065986245,118.74845986720902,152.14407156063749,52.319668174704915,57.732480488159126,0.0
2024-08-08 12:15:00+00:00,57239.3,57330.82,57137.65,57163.173,2.3531e-05,1.0,57239.3,57544.95675461331,57317.87255000013,57090.78834538695,94.82677335808694,140.68061192012738,48.04890415348883,56.441336976869756,2.3531e-05
2024-08-08 12:30:00+00:00,57459.029,58487.75,57436.92,58040.37,0.003144292,5.0,58127.772757,57740.33896532147,57351.78295000014,56963.22693467881,144.97989334828162,141.54046820575823,67.93905531329352,57.97436608839293,0.003144292
2024-08-08 12:45:00+00:00,58072.0,58144.25,57827.83,57930.65,0.002517232,1.0,57982.667,57844.86924733549,57387.571800000136,56930.27435266478,173.8688632169724,148.00614720800107,64.60711609066382,58.85873275536238,0.002517232
2024-08-08 13:00:00+00:00,57981.4,58011.235,57813.1165,57988.3075,1.7246e-05,1.0,57981.4,57945.1359013724,57426.39567500014,56907.65544862788,199.12071866148472,158.2290614986978,65.5628981073183,59.752621468956505,1.7246e-05
2024-08-08 13:15:00+00:00,58008.4,58237.55,57782.442,57853.817,4.2921e-05,1.0,58008.4,58000.433842410595,57456.56927500015,56912.7047075897,205.9071670164485,167.76468260224794,61.39788117623374,59.9719894299268,4.2921e-05
2024-08-08 13:30:00+00:00,57820.987,57853.075,57433.596,57488.8,0.00093655,5.0,57552.504166,58005.15858211443,57462.86420000015,56920.569817885866,179.75949929437775,170.16364594067392,51.78284911067792,58.88010405402695,0.00093655
2024-08-08 13:45:00+00:00,57420.74,57501.349,56756.977,57185.855,0.210141679,5.0,56774.977282,58006.99496873733,57460.76220000015,56914.52943126297,133.05834083070658,162.74258491868045,45.42477586173459,57.08606029505464,0.210141679
2024-08-08 14:00:00+00:00,57269.1005,57547.4845,57245.461,57528.4145,0.003,1.0,57468.29,58006.15581537549,57480.50805000014,56954.860284624796,122.27946350639832,154.64996063622402,52.52342735448252,56.47770923631169,0.003
2024-08-08 14:15:00+00:00,57548.244,58244.895,57485.2,58215.55,0.00217783,3.0,57867.227963,58128.60592552672,57532.273400000144,56935.94087447357,167.25520391035388,157.17100929104998,62.93722835852991,57.33897845260745,0.00217783
2024-08-08 14:30:00+00:00,58210.7025,58528.045,58136.85,58348.65,0.031905216,6.0,58353.500292,58266.600947976374,57586.682900000145,56906.764852023916,211.2042289686069,167.97765322656136,64.55888049757571,58.30163205860322,0.031905216
2024-08-08 14:45:00+00:00,58319.8705,59032.454,58279.7055,58975.0165,0.016497288,5.0,58809.713192,58568.640670947054,57666.038725000144,56763.436779053234,293.19689841346553,193.02150226394218,70.99140743939421,59.99360210937535,0.016497288
2024-08-08 15:00:00+00:00,58942.4555,59228.0,58802.14,58839.5325,0.126439213,3.0,58856.852241,58762.084407407885,57743.72257500014,56725.36074259239,343.28705369461386,223.07461255007652,68.11175277068877,61.07602219755047,0.126439213
2024-08-08 15:15:00+00:00,58792.24,59031.6,58716.7695,58907.03,0.048155445,3.0,59007.797018,58943.77696983597,57812.61747500014,56681.457980164305,384.0037901263422,255.26044806532965,68.79095555242333,62.10467997820019,0.048155445
2024-08-08 15:30:00+00:00,58940.27,59418.196,58940.27,59170.42,0.121120945,6.0,59293.264875,59159.92534674934,57899.91972500014,56639.914103250936,432.5394236255379,290.7162431773713,71.35493694006213,63.33804757311511,0.121120945
2024-08-08 15:45:00+00:00,59226.8175,59519.155,59179.656,59452.335,0.007190076,3.0,59354.598964,59409.09713789766,58002.07672500013,56595.0563121026,488.1256387759058,330.1981222970782,73.8328934746667,64.73736035998866,0.007190076
2024-08-08 16:00:00+00:00,59472.55,59850.1125,59416.9425,59770.5915,0.128597514,11.0,59670.461868,59696.69629322709,58117.39155000014,56538.086806773186,551.5013898051038,374.45877579868335,76.3229814831561,66.28210984307765,0.128597514
2024-08-08 16:15:00+00:00,59838.5295,59878.2485,59580.795,59654.858,0.088178904,4.0,59788.94469,59912.559352819386,58223.790450000146,56535.021547180906,585.6375378786324,416.69452821467314,73.58083777638376,67.25527356751846,0.088178904
2024-08-08 16:30:00+00:00,59610.53,59664.69,59422.435,59425.313,0.004552669,4.0,59578.206908,60040.61680642284,58329.80735000015,56618.997893577456,587.3971691285042,450.83505639743936,68.33660774046548,67.39945145724472,0.004552669
2024-08-08 16:45:00+00:00,59440.1,59702.2,59409.71,59667.5925,0.07264361,4.0,59577.723103,60190.47213230946,58444.68730000014,56698.90246769082,601.408952368387,480.94983559162887,70.70949638980127,67.8407907815856,0.07264361
2024-08-08 17:00:00+00:00,59677.5715,59677.5715,59350.2,59600.7695,0.038552427,2.0,59404.505261,60290.59097809916,58560.35227500014,56830.11357190113,600.2025722586914,504.8003829250414,69.1698161954669,68.01799417010311,0.038552427
2024-08-08 17:15:00+00:00,59529.91,59854.927,59486.122,59810.3105,0.014749866,3.0,59719.706613,60379.632304093306,58692.70915000014,57005.785995906976,609.1330086712187,525.6669080742769,71.2815605518769,68.45313635433962,0.014749866
2024-08-08 17:30:00+00:00,59645.105,59662.6595,59539.4035,59555.684,0.960322294,3.0,59586.27554,60467.46979044499,58768.47485000013,57069.479909555266,588.8760171577233,538.3087298909661,65.41774786836385,68.04841788954285,0.960322294
2024-08-08 17:45:00+00:00,59578.9325,59655.9245,59485.168,59485.168,0.0272567,2.0,59621.983162,60526.90246771433,58846.200750000135,57165.49903228594,560.6691090812456,542.780805729022,63.851210438171,67.48879022935994,0.0272567
2024-08-08 18:00:00+00:00,59487.3,59551.919,59418.3,59500.7,1.007394754,5.0,59511.135056,60577.224446869855,58921.82037500013,57266.4163031304,533.4193080631376,540.9085061958451,64.05538583573161,67.03100297687615,1.007394754
2024-08-08 18:15:00+00:00,59462.075,59644.41,59409.0,59583.3345,0.044032454,4.0,59484.817144,60611.36963542171,59008.29625000013,57405.22286457855,512.5828222733035,535.2433694113367,65.18214316233362,66.78448833493715,0.044032454
2024-08-08 18:30:00+00:00,59620.505,59711.8495,59544.925,59547.5705,0.005,1.0,59703.061,60568.577731178375,59111.23477500012,57653.89181882187,487.5635718992271,525.7074099089148,64.24351149649425,66.44569142314477,0.005
2024-08-08 18:45:00+00:00,59524.0245,59524.0245,59367.42,59380.25,0.0002,2.0,59416.2,60382.31199814172,59220.954525000125,58059.59705185853,449.05781081527675,510.37749009018717,59.89775991046442,65.57263388812072,0.0002
2024-08-08 19:00:00+00:00,59381.3615,59701.165,59346.39,59679.735,0.024539502,2.0,59621.793459,60206.943534150196,59328.52055000013,58450.09756585007,437.66255286271917,495.83450264469354,64.52355438003109,65.43275662037543,0.024539502
2024-08-08 19:15:00+00:00,59705.1,59868.98,59686.835,59686.835,0.012981389,3.0,59749.59523,60128.66397913654,59402.08480000013,58675.50562086372,424.3134185367817,481.53028582311117,64.62772581327864,65.32541917942919,0.012981389
2024-08-08 19:30:00+00:00,59711.798,59807.1575,59592.26,59807.1575,0.000187749,1.0,59704.0,60038.496346224536,59475.010175000134,58911.52400377573,418.61759057729796,468.94774677394855,66.42689981161357,65.47228326372044,0.000187749
2024-08-08 19:45:00+00:00,59747.805,59787.998,59332.2485,59434.649,0.033206583,3.0,59763.704932,60013.482939294285,59497.991800000134,58982.500660705984,379.66869869362563,451.091937157884,56.79533460304758,64.31535677563073,0.033206583
2024-08-08 20:00:00+00:00,59399.9225,59477.0725,59347.4215,59477.0725,0.01,1.0,59448.433,59948.24702080719,59529.868800000135,59111.49057919308,348.2106871187425,430.51568715005567,57.55022392245714,63.413339061874254,0.01
2024-08-08 20:15:00+00:00,59445.6,59648.01,59445.6,59643.155,8.3938e-05,1.0,59445.6,59874.250494331216,59566.675050000136,59259.09960566906,332.8446303336532,410.98147578677515,60.46269586051059,63.0199199683591,8.3938e-05
2024-08-08 20:30:00+00:00,59710.185,59710.185,59609.3,59629.663,0.0,0.0,0.0,59838.40113642025,59589.637200000136,59340.87326358002,315.9363108543548,391.9724428002911,60.101941169320014,62.63085612848722,0.0
2024-08-08 20:45:00+00:00,59639.49,59671.96,59546.259,59553.665,0.0001,1.0,59671.96,59836.093922208864,59594.703700000144,59353.313477791424,293.0261196856154,372.18317817735596,58.00260264457796,62.01375566396598,0.0001
2024-08-08 21:00:00+00:00,59541.6215,59723.745,59541.6215,59723.745,0.0,0.0,0.0,59827.7128594197,59592.36137500014,59357.00989058058,285.3048460384816,354.80751174958107,61.26358998437068,61.91373357335328,0.0
2024-08-08 21:15:00+00:00,59725.374,59741.695,59632.872,59722.6,8.8011e-05,1.0,59709.54,59836.48834641725,59595.748475000146,59355.00860358304,275.91273881023517,339.0285571617119,61.22912153971254,61.822451968867846,8.8011e-05
2024-08-08 21:30:00+00:00,59654.35,60658.6,59654.35,60567.08,0.03520394,6.0,60446.696265,60130.127829451776,59652.836825000144,59175.54582054851,332.77587145123107,337.7780200196157,73.20374587090309,63.33995782247254,0.03520394
2024-08-08 21:45:00+00:00,60766.059,61326.7355,60404.5005,61294.585,0.036798261,5.0,60594.868606,60594.62792100022,59734.18645000014,58873.74497900006,431.56902811923646,356.53622163953986,79.1718698507917,65.45087942624843,0.036798261
2024-08-08 22:00:00+00:00,61110.335,61110.335,60732.17,60794.014,0.043973946,5.0,60967.531618,60767.0948264353,59793.84867500015,58820.602523564994,464.1213186355453,378.05324103874096,67.95659889958043,65.78497535602604,0.043973946
2024-08-08 22:15:00+00:00,60708.9,61068.6635,60668.225,60975.15,0.000201523,2.0,60764.375298,60953.30812463068,59852.090650000144,58750.873175369605,498.7857135570375,402.1997355424003,69.63295094959489,66.29803876850188,0.000201523
2024-08-08 22:30:00+00:00,61021.32,61338.4555,61021.32,61183.841,0.0,0.0,0.0,61167.7235170747,59933.49850000015,58699.27348292559,536.9079749507146,429.1413834240631,71.48392368840153,66.98949009115518,0.0
2024-08-08 22:45:00+00:00,61203.6,62483.0,61203.6,62301.187,0.014643083,9.0,62306.029398,61663.32477448417,60074.299450000144,58485.274125516116,649.7902484078659,473.2711564208237,78.8996757679571,68.5775148480621,0.014643083
2024-08-08 23:00:00+00:00,62346.995,62758.5,62300.645,62489.05,0.013176112,1.0,62423.21,62104.16899739808,60223.71695000015,58343.26490260221,745.8119811915822,527.7793213749753,79.84855279700376,70.08031990792098,0.013176112
2024-08-08 23:15:00+00:00,62420.5,62420.5,61972.795,61972.795,0.024632867,2.0,62248.094072,62345.39914396807,60343.18997500015,58340.980806032225,771.3606666353298,576.4955904270462,70.4700581457478,70.13228500629789,0.024632867
2024-08-08 23:30:00+00:00,61929.2705,62038.8385,61779.965,62038.8385,0.15329448,2.0,61925.994509,62564.23139970729,60467.75337500016,58371.27535029303,787.8554353831641,618.7675594182698,70.94028553499587,70.24001841012429,0.15329448
2024-08-08 23:45:00+00:00,61843.3405,61913.477,61707.528,61707.528,0.015647578,2.0,61836.320618,62684.57755437263,60584.11727500016,58483.65699562769,765.370950095763,648.0882375537684,65.32091831069037,69.58413839686644,0.015647578
2024-08-09 00:00:00+00:00,61700.39,61720.315,61409.885,61504.735,0.013,1.0,61700.39,62769.2997176717,60675.36727500016,58581.43483232861,722.855504926476,663.04169102831,62.0794286793562,68.58351043453173,0.013
2024-08-09 00:15:00+00:00,61480.4,61614.75,61479.412,61498.7,0.003371155,2.0,61600.454397,62837.641164036584,60765.960525000155,58694.279885963726,680.8265891394112,666.5986706505303,61.98085546489224,67.7031564385798,0.003371155
2024-08-09 00:30:00+00:00,61597.275,61675.9065,61310.0955,61383.61,0.005016352,2.0,61486.048242,62884.25518264672,60844.78315000016,58805.31111735361,630.9582751849957,659.4705915574234,60.023465869531925,66.67919769604008,0.005016352
2024-08-09 00:45:00+00:00,61353.39,61456.772,61114.795,61244.55,0.001328816,1.0,61250.0,62874.59658498048,60935.27820000016,58995.95981501984,573.6041457314204,642.2973023922228,57.65427241821494,65.4758743256634,0.001328816
2024-08-09 01:00:00+00:00,61237.28,61237.28,60885.7645,61060.82,0.000143278,1.0,61000.0,62834.83713402001,61014.46557500017,59194.09401598033,507.4752506241275,615.3328920386037,54.58847836979373,64.02422153154744,0.000143278
2024-08-09 01:15:00+00:00,61217.35,61306.5015,61098.795,61268.377,0.000113611,1.0,61164.288,62805.73685366022,61095.72667500017,59385.71649634012,466.4389225414998,585.554098139183,57.347755755706444,63.13402609476864,0.000113611
2024-08-09 01:30:00+00:00,61257.861,61517.409,61226.5935,61413.75,0.0,0.0,0.0,62760.578312340695,61184.93102500017,59609.28373765965,440.5691165218741,556.5571018157212,59.2168908445465,62.61174139473902,0.0
2024-08-09 01:45:00+00:00,61453.8665,61453.8665,61422.86,61422.86,0.0,0.0,0.0,62666.4980277684,61278.390775000174,59890.28352223195,416.0067429563933,528.4470300438556,59.337149385781544,62.175129126878026,0.0
2024-08-09 02:00:00+00:00,61377.2,61480.8,61190.87,61319.4,0.007798661,3.0,61452.202811,62549.11107607607,61358.173525000166,60167.23597392426,383.76868112639204,499.51136026036295,57.2717004695537,61.521338639234784,0.007798661
2024-08-09 02:15:00+00:00,61289.6,61337.265,61239.125,61337.265,0.000116542,1.0,61289.6,62364.82691307614,61438.906775000156,60512.98663692417,355.56263631796173,470.7216154718827,57.54650032935509,60.991360197917494,0.000116542
2024-08-09 02:30:00+00:00,61311.8285,61346.6835,61187.7745,61346.6835,0.0,0.0,0.0,62315.10551602326,61477.88695000015,60640.66838397705,330.163220740782,442.6099365256626,57.70095280973126,60.552639212825994,0.0
2024-08-09 02:45:00+00:00,61340.5965,61457.9825,61260.36,61265.7795,0.0006433,5.0,61307.121456,62315.0196430953,61476.44667500015,60637.873706905004,300.0469695536449,414.09734313125904,55.82223502672943,59.921918654679786,0.0006433
2024-08-09 03:00:00+00:00,61292.86,61409.6765,61265.115,61313.5655,0.0017,1.0,61313.92,62285.15566591345,61502.42425000016,60719.69283408686,276.84426597905986,386.6467277008192,56.71862093304576,59.49481229179525,0.0017
2024-08-09 03:15:00+00:00,61326.45,61504.421,61326.45,61414.9255,0.000116306,1.0,61326.45,62270.51088980009,61524.413025000154,60778.31516020022,263.59628721288755,362.03663960323286,58.63581618624545,59.38027947772194,0.000116306
2024-08-09 03:30:00+00:00,61397.131,61468.7975,61225.235,61227.3815,0.0154658,1.0,61436.557,62268.94491840135,61526.59005000015,60784.23518159895,235.252095447795,336.67973077214526,53.88011031069586,58.64692358878513,0.0154658
2024-08-09 03:45:00+00:00,61254.58,61362.395,61254.58,61362.395,0.0,0.0,0.0,62133.614793329856,61479.650450000154,60825.68610667045,221.13447972929134,313.57068056357446,56.60855308354359,58.37514085475292,0.0
2024-08-09 04:00:00+00:00,61259.08,61394.43,61239.6,61257.27,0.0,0.0,0.0,61885.61857513679,61418.061450000154,60950.50432486352,199.16757875634357,290.6900602021283,53.93311097703967,57.78287020439115,0.0
2024-08-09 04:15:00+00:00,61198.085,61294.45,61055.212,61055.212,0.000117319,1.0,61144.6,61790.4838204563,61372.18230000016,60953.88077954402,163.56874091421923,265.26579634454646,49.127053654380944,56.62876133105646,0.000117319
2024-08-09 04:30:00+00:00,60987.45,61158.06,60905.1715,60947.723,0.006641932,2.0,61065.176909,61649.61729798388,61317.62652500016,60985.63575201644,125.23926122692501,237.26048932102216,46.740874936541495,55.310376478454465,0.006641932
2024-08-09 04:45:00+00:00,61000.307,61000.307,60754.4,60766.334,0.0,0.0,0.0,61633.52614706116,61270.56682500016,60907.607502939165,79.31203627275681,205.6707987113691,42.94969866155237,53.66228610286752,0.0
2024-08-09 05:00:00+00:00,60782.1,60953.47,60647.028,60940.859,0.002944511,2.0,60860.311009,61615.64827354818,61242.37302500015,60869.09777645213,56.347549071935646,175.8061487834824,47.372723885863344,52.82367780726696,0.002944511
2024-08-09 05:15:00+00:00,60954.135,61013.67,60853.696,60868.9245,0.000114038,1.0,60935.38,61598.3378548533,61210.884250000156,60823.43064514701,31.97492748642253,147.03990452407044,45.79671007183051,51.88674877587543,0.000114038
2024-08-09 05:30:00+00:00,60887.44,60960.34,60887.44,60951.337,0.0,0.0,0.0,61583.932245601085,61189.27060000015,60794.60895439921,19.08939858055237,121.44980333536682,47.933825007199005,51.35969227338524,0.0
2024-08-09 05:45:00+00:00,60929.25,60959.65,60887.924,60931.8315,0.033829244,1.0,60887.924,61582.80908956241,61173.634675000154,60764.460260437896,7.220361419764231,98.6039149522463,47.45689979904321,50.83931994347297,0.033829244
2024-08-09 06:00:00+00:00,61002.0675,61034.2755,60872.602,60909.245,0.0,0.0,0.0,61588.7010498957,61166.05592500015,60743.410800104604,-3.9627971696754685,78.09057252786195,46.87529399698477,50.31078315060788,0.0
2024-08-09 06:15:00+00:00,60902.615,60916.78,60820.3595,60826.15,0.000113701,1.0,60846.5,61588.5641219122,61143.94457500015,60699.3250280881,-19.308031994230987,58.61085162344336,44.70463044851467,49.56329612366212,0.000113701
2024-08-09 06:30:00+00:00,60840.3355,61084.3,60773.3285,61047.221,0.001680636,1.0,60954.037,61554.168242192645,61125.61812500014,60697.06800780763,-13.475323871083674,44.19361652453795,51.18162319675993,49.77907306674183,0.001680636
2024-08-09 06:45:00+00:00,61073.965,61098.8,60895.34,60900.155,0.046101477,11.0,60956.52476,61515.91915519981,61099.48287500014,60683.04659480047,-20.4837340438753,31.2581464108553,47.21913601556761,49.43774812658527,0.046101477
2024-08-09 07:00:00+00:00,60872.418,61142.4125,60872.418,61071.727,0.016470352,4.0,60919.692389,61491.18724222145,61087.09922500014,60683.011207778836,-12.054565557671594,22.59560401714992,51.89795430104015,49.765775616512585,0.016470352
2024-08-09 07:15:00+00:00,61096.25,61177.52,61080.755,61110.6045,0.005610992,3.0,61167.562971,61463.53841720335,61075.766200000144,60687.993982796936,-2.2118031760910526,17.634122578501724,52.916464425190924,50.185867457669694,0.005610992
2024-08-09 07:30:00+00:00,61065.918,61065.918,60856.315,60902.198,0.036027509,5.0,60929.683305,61427.35680720817,61053.54192500014,60679.72704279212,-11.100051416433416,11.887287779514695,47.152702828767076,49.78144550714934,0.036027509
2024-08-09 07:45:00+00:00,60872.397,60937.183,60824.97,60891.4145,0.030118366,7.0,60886.648226,61401.68083707587,61034.823675000145,60667.96651292442,-18.797504580041277,5.750329307603501,46.86823903887396,49.39301797804596,0.030118366
2024-08-09 08:00:00+00:00,60923.86,60923.86,60662.51,60662.51,0.040293795,3.0,60722.44357,61379.80174409921,61002.27090000014,60624.74005590107,-42.8742441859431,-3.9745853911058195,41.18795674880419,48.299009814147055,0.040293795
2024-08-09 08:15:00+00:00,60730.4,60950.1,60680.6305,60950.1,0.033585609,2.0,60846.923842,61305.9187615074,60979.029625000156,60652.140488492914,-38.3075388152356,-10.841176075931777,49.473395812128054,48.45559461387786,0.033585609
2024-08-09 08:30:00+00:00,61008.265,61083.9905,61008.265,61012.4845,0.0,0.0,0.0,61275.33984388618,60968.28477500016,60661.22970611414,-29.316541287582368,-14.536249118261896,51.083278402045494,48.80595245230021,0.0
2024-08-09 08:45:00+00:00,61049.194,61126.5505,61009.6585,61103.3415,0.0,0.0,0.0,61212.61641369026,60955.33210000016,60698.04778631006,-14.690368964918889,-14.567073087593295,53.41147388079468,49.42002197609948,0.0
2024-08-09 09:00:00+00:00,61135.205,61186.395,61035.8495,61035.8495,0.0,0.0,0.0,61165.09644114368,60944.26107500016,60723.425708856645,-8.447682741010794,-13.343195018276795,51.45241951172669,49.69100831418311,0.0
2024-08-09 09:15:00+00:00,61037.889,61106.245,60910.8,60967.488,0.024056402,2.0,60915.126643,61155.13560156412,60939.874875000154,60724.61414843619,-8.913758403294196,-12.457307695280274,49.47306005991701,49.66194854694763,0.024056402
2024-08-09 09:30:00+00:00,60938.59,60961.0,60827.09,60827.09,0.0,0.0,0.0,61154.57705607934,60933.84322500016,60713.109393920975,-20.37717656145105,-14.04128146851443,45.59371946471514,49.11951800264996,0.0
2024-08-09 09:45:00+00:00,60868.777,60932.83,60772.175,60772.175,0.0,0.0,0.0,61153.99554405863,60934.13527500016,60714.275005941694,-33.50695230859856,-17.934415636531256,44.1359255730233,48.455039012033076,0.0
2024-08-09 10:00:00+00:00,60688.7815,60775.665,60660.974,60710.3905,0.0,0.0,0.0,61163.05037392738,60922.61185000016,60682.173326072945,-48.34064610127825,-24.015661729480655,42.489850864807565,47.65968059240301,0.0
2024-08-09 10:15:00+00:00,60802.79,60834.6575,60227.322,60583.15,0.001390322,3.0,60270.784941,61190.217460440275,60908.323125000155,60626.428789560036,-69.56183472971315,-33.124896329527154,39.24377549081691,46.537559912191526,0.001390322
2024-08-09 10:30:00+00:00,60692.473,60741.475,60375.6775,60375.6775,0.0,0.0,0.0,61243.57697702715,60879.54015000015,60515.503322973156,-101.94590747587063,-46.88909855879585,34.60190274093489,44.94613895602397,0.0
2024-08-09 10:45:00+00:00,60496.439,60621.6105,60402.8765,60614.442,0.0,0.0,0.0,61244.490815294455,60863.670675000154,60482.85053470585,-107.109526778695,-58.93318420277568,42.96316364887524,44.68174224840414,0.0
2024-08-09 11:00:00+00:00,60674.775,60768.965,60674.775,60686.7235,0.0,0.0,0.0,61240.32737140751,60852.544600000154,60464.7618285928,-104.16843048570445,-67.98023345936143,45.24544408846873,44.75690249374609,0.0
2024-08-09 11:15:00+00:00,60580.0495,60790.7175,60571.395,60600.99,5.0782e-05,1.0,60619.799,61244.25696605591,60841.28660000015,60438.316233944395,-107.51618774350209,-75.88742431618957,43.04531795229031,44.52869122155199,5.0782e-05
2024-08-09 11:30:00+00:00,60435.4345,60608.7185,60435.4345,60599.155,0.0,0.0,0.0,61223.3845131428,60818.88330000016,60414.38208685752,-109.06020054953842,-82.52197956285934,42.99712513204486,44.3244824096177,0.0
2024-08-09 11:45:00+00:00,60634.45,60749.14,60634.45,60705.5255,0.840160173,4.0,60699.550097,61214.72722530281,60809.15182500016,60403.57642469751,-100.54164989273704,-86.12591362883488,46.72089760286631,44.64400443538418,0.840160173
2024-08-09 12:00:00+00:00,60673.0075,60711.645,60599.425,60668.835,0.110111655,1.0,60648.715,61180.180848173804,60789.00722500016,60397.83360182652,-95.64867544774461,-88.03046599261683,45.61401442786599,44.77333910104842,0.110111655
2024-08-09 12:15:00+00:00,60748.992,60762.0915,60429.05,60447.475,4.7446e-05,1.0,60748.992,61144.776561444996,60755.85075000017,60366.92493855535,-108.3834826438615,-92.10106932286575,39.52930326729414,44.074134323214516,4.7446e-05
2024-08-09 12:30:00+00:00,60347.08,60528.7565,60324.55,60528.7565,0.0,0.0,0.0,61132.01985501319,60737.17867500016,60342.337494987136,-110.64176198391215,-95.80920785507503,42.55927668620693,43.872153304946835,0.0
2024-08-09 12:45:00+00:00,60552.05,60581.1525,60351.8555,60581.1525,0.0,0.0,0.0,61115.42695942053,60721.66557500017,60327.9041905798,-106.97045648698258,-98.04145758145654,44.49015527079122,43.95455356705942,0.0
2024-08-09 13:00:00+00:00,60565.5,60715.4,60412.9,60412.9,0.044133352,2.0,60685.871384,61124.86805034424,60709.18507500016,60293.502099656085,-116.29689284708729,-101.69254463458269,39.85689588880838,43.408199209959285,0.044133352
2024-08-09 13:15:00+00:00,60359.2,60359.2,60252.5535,60319.327,4.7753e-05,1.0,60359.2,61110.77856849418,60677.64642500016,60244.51428150614,-129.74312198566622,-107.3026601047994,37.516858135218044,42.622687066660454,4.7753e-05
2024-08-09 13:30:00+00:00,60450.9915,60450.9915,59868.7265,59960.53,0.16342751,3.0,59889.329688,61131.96610662119,60625.04870000016,60118.13129337913,-167.42134570408962,-119.32639722465744,30.196139056137312,40.965813998590704,0.16342751
2024-08-09 13:45:00+00:00,59994.045,60544.845,59966.06,60494.0365,0.0006,1.0,60423.64,61053.85762749644,60594.58345000015,60135.30927250386,-152.47446291134838,-125.95601036199562,46.814731349321,41.745669645354745,0.0006
2024-08-09 14:00:00+00:00,60479.14,61121.775,60479.14,60844.07,0.021033586,4.0,60931.214907,61014.02890100604,60584.99447500015,60155.96004899427,-111.10344120294758,-122.98549653018601,54.47311779522403,43.44266273200398,0.021033586
2024-08-09 14:15:00+00:00,60805.668,60805.668,60431.4655,60431.4655,4.5145e-05,1.0,60805.668,60953.98535016442,60558.193350000154,60162.40134983589,-110.33843056300248,-120.4560833367493,46.054725643714974,43.79093778689878,4.5145e-05
2024-08-09 14:30:00+00:00,60356.565,60378.115,59580.759,59845.0455,0.002325031,2.0,59850.339869,60993.09740895588,60509.09112500015,60025.08484104442,-155.2615882603277,-127.41718432146499,37.24480295675103,42.91811980954575,0.002325031
2024-08-09 14:45:00+00:00,59951.7845,60563.261,59951.7845,60380.8995,0.011014034,3.0,60056.24574,60960.88189938834,60489.52735000015,60018.17280061196,-145.94224357008352,-131.1221961711887,47.18659072703094,43.487249265210444,0.011014034
2024-08-09 15:00:00+00:00,60349.35,60545.978,60186.3,60186.3,0.008237967,2.0,60485.89626,60940.88084415315,60463.322825000156,59985.76480584716,-152.5012100541353,-135.39799894777804,44.433591228810464,43.613428193690446,0.008237967
2024-08-09 15:15:00+00:00,60243.45,60405.57,60210.28,60239.259,0.008108559,2.0,60387.649522,60929.91362059912,60446.12827500016,59962.3429294012,-151.6774463586844,-138.6538884299593,45.367747171017534,43.84733739066739,0.008108559
2024-08-09 15:30:00+00:00,60312.5,60391.775,59941.595,59941.595,0.125791795,1.0,60316.026,60955.53815586422,60424.424150000166,59893.310144136114,-173.04880589805543,-145.5328719235785,41.17751220315631,43.491360698999245,0.125791795
2024-08-09 15:45:00+00:00,59995.165,60064.625,59839.2,59839.2,0.0,0.0,0.0,60966.47888010095,60385.66205000016,59804.84521989937,-195.98894450128137,-155.62408643911908,39.815198369224504,43.001205721695946,0.0
2024-08-09 16:00:00+00:00,59812.7,60002.318,59791.7,59922.2225,0.032413399,6.0,59837.554674,60944.371850976786,60347.43700000015,59750.502149023516,-205.10561782857985,-165.52039271701125,41.50500689216556,42.80171254442523,0.032413399
2024-08-09 16:15:00+00:00,59941.3195,60270.323,59816.6715,60094.639,6.2526e-05,1.0,59896.1,60916.838580311174,60322.11945000015,59727.40031968913,-196.15690185620042,-171.6476945448491,44.96112003551795,43.08963354323759,6.2526e-05
2024-08-09 16:30:00+00:00,60098.3575,60242.3485,60014.3,60180.3565,0.0101,2.0,60215.675743,60884.79457769314,60301.179525000145,59717.56447230715,-180.07253006181418,-173.3326616482421,46.6487951397295,43.564188422769845,0.0101
2024-08-09 16:45:00+00:00,60151.133,60410.3,60088.05,60381.5,0.000808852,1.0,60149.38,60840.088821619145,60284.978250000146,59729.867678381146,-149.37307033615798,-168.54074338582527,50.48561849537686,44.48704576578412,0.000808852
2024-08-09 17:00:00+00:00,60370.0,60485.82,60370.0,60485.82,0.0,0.0,0.0,60811.00138073662,60275.82750000015,59740.653619263685,-115.29670650168555,-157.89193600899733,52.39768039693756,45.54179704993791,0.0
2024-08-09 17:15:00+00:00,60668.57,60726.467,60377.315,60442.197,0.003616538,2.0,60409.413922,60810.40375678085,60275.56360000015,59740.723443219445,-90.76467550315283,-144.46648390782843,51.50205219905821,46.33649773648729,0.003616538
2024-08-09 17:30:00+00:00,60536.3875,60684.8445,60476.4325,60476.4325,0.005918501,1.0,60544.88,60803.30100785771,60272.94740000016,59742.5937921426,-67.77903098289244,-129.12899332284124,52.19269860418541,47.117324518847035,0.005918501
2024-08-09 17:45:00+00:00,60427.15,60450.135,60179.505,60179.505,0.0,0.0,0.0,60765.1246875949,60252.865025000145,59740.60536240539,-72.68444874072156,-117.8400844064173,46.06544202521262,46.97707351969578,0.0
2024-08-09 18:00:00+00:00,60251.58,60318.775,60021.055,60021.055,0.0,0.0,0.0,60749.508647224226,60233.27277500015,59717.036902776075,-88.3392979955388,-111.9399271242416,43.154026814880694,46.46733395905377,0.0
2024-08-09 18:15:00+00:00,60123.75,60154.26,59895.6675,60001.735,4.9871e-05,1.0,60154.26,60741.541733433274,60217.39317500015,59693.244616567026,-101.13897421517322,-109.77973654242793,42.79883705704595,45.97820103878606,4.9871e-05
2024-08-09 18:30:00+00:00,60086.102,60244.43,60065.8,60231.68,0.0,0.0,0.0,60741.67718951267,60230.950675000146,59720.22416048762,-91.67143878366187,-106.15807699067472,48.25752010725121,46.282110247914744,0.0
2024-08-09 18:45:00+00:00,60304.985,60348.7,60233.692,60327.329,0.006450442,2.0,60329.017635,60721.19185857914,60222.61530000014,59724.038741421144,-75.5790456246832,-100.04227071747641,50.37876933757573,46.828331459869545,0.006450442
2024-08-09 19:00:00+00:00,60302.775,60467.55,60163.703,60467.55,0.000396939,1.0,60327.8,60630.308143996044,60203.78930000014,59777.27045600424,-50.9240248234928,-90.21862153867968,53.39519392964576,47.70391312250637,0.000396939
2024-08-09 19:15:00+00:00,60505.1,60594.15,60437.1185,60594.15,5.4119e-05,1.0,60505.1,60661.10351857497,60211.923525000144,59762.743531425316,-20.927937018299417,-76.36048463460364,55.99608174471095,48.809535605466984,5.4119e-05
2024-08-09 19:30:00+00:00,60601.775,60733.48,60525.4145,60541.9545,0.0,0.0,0.0,60684.68453413454,60246.768975000145,59808.85341586575,-1.3519772049112362,-61.358783148665154,54.642131859525314,49.587215106008095,0.0
2024-08-09 19:45:00+00:00,60541.7,60743.1315,60541.7,60692.577,0.012250356,3.0,60693.831245,60738.74488160528,60262.35285000014,59785.960818395004,26.016190480273508,-43.88378842287742,57.81223194155506,50.68388401741436,0.012250356
2024-08-09 20:00:00+00:00,60662.3085,60821.6,60662.096,60821.6,0.0,0.0,0.0,60827.32322753516,60294.11785000014,59760.91247246512,57.45443934496143,-23.616142869309652,60.3674851248748,51.975030831742416,0.0
2024-08-09 20:15:00+00:00,60823.9,60952.69,60663.3325,60792.749,4.5712e-05,1.0,60909.103,60896.569845121194,60321.79235000014,59747.01485487909,79.12929028629878,-3.067056238187963,59.49964410331555,52.9783126012855,4.5712e-05
2024-08-09 20:30:00+00:00,60847.452,60919.7,60658.2105,60658.2105,0.0,0.0,0.0,60922.38787291692,60357.623125000144,59792.858377083365,84.47683686100936,14.441722381651502,55.49330181908072,53.31364449699153,0.0
2024-08-09 20:45:00+00:00,60555.725,60824.1155,60555.725,60707.15,0.0,0.0,0.0,60932.15822339255,60401.02062500014,59869.883026607735,91.60781680574291,29.874941266469786,56.63710059085698,53.75677197617359,0.0
2024-08-09 21:00:00+00:00,60745.8845,60745.8845,60181.225,60206.945,0.00436097,1.0,60243.6,60908.18678575302,60415.25675000015,59922.32671424728,56.24841001821915,35.14963501681966,44.14850875166318,52.475670212905534,0.00436097
2024-08-09 21:15:00+00:00,60282.4295,60308.41,59988.057,60250.89,5.7872e-05,1.0,60308.41,60900.12277056575,60423.06930000015,59946.015829434546,31.40974760613608,34.40165753468294,45.28987825476604,51.51756461848694,5.7872e-05
2024-08-09 21:30:00+00:00,60254.975,60254.975,60140.838,60250.597,0.003230979,1.0,60231.833,60897.42961765555,60426.58132500015,59955.73303234475,11.567938051295641,29.83491363800548,45.2832336101592,50.686320484043236,0.003230979
2024-08-09 21:45:00+00:00,60218.8,60887.846,60179.55,60789.15,0.002,1.0,60887.846,60942.86812334824,60446.963825000144,59951.05952665205,38.852025288375444,31.638335968079474,57.59747879919795,51.607808259397196,0.002
2024-08-09 22:00:00+00:00,60823.589,60861.4455,60335.095,60396.809,0.005913175,1.0,60826.94,60938.540476241345,60442.513275000136,59946.486073758926,28.487831240061496,31.00823502247588,48.95388304907055,51.25395156468698,0.005913175
2024-08-09 22:15:00+00:00,60464.351,60886.5745,60442.437,60886.5745,0.004748152,5.0,60676.393805,60997.1852700424,60464.73215000015,59932.2790299579,59.11270107411838,36.629128232804376,57.52329419930776,52.08986391596975,0.004748152
2024-08-09 22:30:00+00:00,60915.067,61016.9275,60648.4435,60648.4435,0.001404211,2.0,60953.238075,61011.78700594172,60473.332700000145,59934.87839405857,63.43669081790722,41.99064074982495,52.87541838507646,52.19460451185064,0.001404211
2024-08-09 22:45:00+00:00,60633.551,60799.76,60633.551,60799.76,0.0,0.0,0.0,61042.98251696793,60504.34545000015,59965.708383032375,78.17233872750512,49.226980345360985,55.34452862095801,52.614594393064955,0.0
2024-08-09 23:00:00+00:00,60830.145,60830.145,60545.83,60545.83,0.0,0.0,0.0,61021.508087858514,60530.58420000016,60039.6603121418,68.56998493898573,53.095581264085936,50.55724879340359,52.34028164644344,0.0
2024-08-09 23:15:00+00:00,60572.83,60656.83,60389.5155,60656.83,0.00404725,2.0,60487.75866,60992.25161501837,60563.33895000016,60134.42628498194,69.12004980622442,56.30047497251363,52.49178337894955,52.36048187744425,0.00404725
2024-08-09 23:30:00+00:00,60617.265,60869.555,60617.265,60719.006,0.0,0.0,0.0,60993.21495663753,60587.70525000016,60182.19554336279,73.72322826567688,59.78502563114628,53.587241389002884,52.52404981231874,0.0
2024-08-09 23:45:00+00:00,60701.3,60931.6355,60700.4,60874.653,0.007968977,2.0,60759.109026,61020.47388030724,60615.07145000016,60209.66901969309,88.90584126649628,65.60918875821628,56.30353063270954,53.027980588370845,0.007968977
2024-08-10 00:00:00+00:00,60784.9165,60960.0,60762.90825,60949.92,0.007911075,2.0,60862.346357,61063.56774981242,60639.18995000016,60214.8121501879,105.7920840304796,73.64576781266894,57.59592414643882,53.63703972944658,0.007911075
2024-08-10 00:15:00+00:00,60966.565,61443.27,60966.565,61100.56,0.000178893,2.0,61227.39885,61133.23078375989,60664.51045000016,60195.79011624043,129.83330461160222,84.8832751724556,60.13711637113829,54.50371661500547,0.000178893
2024-08-10 00:30:00+00:00,60954.2025,60954.2025,60533.9565,60666.8665,0.0,0.0,0.0,61136.09446365204,60670.756050000164,60205.417636348284,112.59280444453907,90.4251810268723,50.714173524438955,53.99844420292994,0.0
2024-08-10 00:45:00+00:00,60689.2,60747.3,60540.405,60540.405,0.007885122,2.0,60708.264253,61131.77451336527,60663.147450000164,60194.52038663506,87.71408431998134,89.88296168549411,48.335837028854414,53.243429913053205,0.007885122
2024-08-10 01:00:00+00:00,60618.4,60945.95,60547.342,60945.95,0.01383414,2.0,60659.067503,61149.39693813718,60669.364950000156,60189.33296186313,99.57378696518572,91.82112674143244,55.53707814492302,53.54924967730251,0.01383414
2024-08-10 01:15:00+00:00,60932.494,60932.494,60659.1,60659.1,4.5695e-05,1.0,60932.494,61139.36734154837,60662.682500000155,60185.99765845194,84.84821169330098,90.42654373180615,50.20645479932404,53.10354369357205,4.5695e-05
2024-08-10 01:30:00+00:00,60591.3415,60622.221,60580.661,60622.221,0.024267809,1.0,60598.31,61137.893415414575,60660.88302500015,60183.87263458572,69.4022343527322,86.22168185599136,49.54799387052422,52.62947038383234,0.024267809
2024-08-10 01:45:00+00:00,60589.1145,60628.4265,60487.133,60501.545,0.0,0.0,0.0,61132.02335313158,60650.60277500015,60169.18219686872,46.88320100211422,78.35398568521593,47.35921733463066,51.926769977272116,0.0
2024-08-10 02:00:00+00:00,60418.195,60591.34,60412.885,60583.27,0.0,0.0,0.0,61107.47137831693,60669.41902500015,60231.36667168337,35.225175431092794,69.7282236343913,49.00224587031291,51.53683342967756,0.0
2024-08-10 02:15:00+00:00,60720.144,60720.144,60677.5,60677.5,4.9406e-05,1.0,60720.144,61084.51297531063,60690.74952500015,60296.986074689674,33.206891289337364,62.423957165380514,50.90498441472589,51.45258689435067,4.9406e-05
2024-08-10 02:30:00+00:00,60609.18,60695.635,60571.221,60627.21,6.255e-05,1.0,60594.235,61049.71527533017,60709.58017500015,60369.445074670126,27.23545053680573,55.38625583966556,49.836296365579294,51.237081490514484,6.255e-05
2024-08-10 02:45:00+00:00,60661.5045,60692.375,60568.0915,60592.9,0.0,0.0,0.0,61041.474167606466,60699.76767500015,60358.06118239383,19.509615753057005,48.21092782234385,49.07926742681258,50.94937294868756,0.0
2024-08-10 03:00:00+00:00,60451.645,60464.954,60429.02,60464.954,0.0,0.0,0.0,61033.912873113906,60703.17492500015,60372.4369768864,3.0277609708864475,39.174294452052365,46.25738767745573,50.32377491252332,0.0
2024-08-10 03:15:00+00:00,60502.1,60502.1,60376.3295,60376.3295,5.0233e-05,1.0,60502.1,61026.12012759602,60677.662675000145,60329.20522240427,-16.98963819999335,27.941507921643222,44.355017813131354,49.52794063260439,5.0233e-05
2024-08-10 03:30:00+00:00,60320.5915,60484.3615,60320.5915,60484.3615,0.0,0.0,0.0,61027.865723443545,60669.45857500015,60311.051426556754,-23.861234266070824,17.58095948410041,47.205297659059354,49.218254902798385,0.0
2024-08-10 03:45:00+00:00,60491.269,60531.607,60463.4265,60463.4265,0.0,0.0,0.0,61016.535610767736,60652.64190000015,60288.74818923256,-30.643068970079185,7.936153793264491,46.70602289575685,48.88329063519285,0.0
2024-08-10 04:00:00+00:00,60441.0175,60441.0175,60285.8675,60285.8675,0.0,0.0,0.0,61035.074885849725,60639.64377500014,60244.21266415056,-49.77151417726418,-3.605379800841244,42.59144181593382,48.044377459291645,0.0
2024-08-10 04:15:00+00:00,60350.848,60398.46,60327.056,60358.467,5.3932e-05,1.0,60350.848,61038.52335472652,60624.72562500014,60210.92789527375,-58.399577924457844,-14.564219425564565,44.735205544310844,47.6031545372942,5.3932e-05
2024-08-10 04:30:00+00:00,60402.75,60404.07,60325.8015,60404.07,0.0,0.0,0.0,61031.1123790236,60608.97882500014,60186.84527097667,-60.85608851927827,-23.822593244307306,46.096835228229146,47.402311962752194,0.0
2024-08-10 04:45:00+00:00,60392.627,60444.095,60277.7235,60444.095,3.3957e-05,2.0,60398.24284,60996.918527150505,60587.45092500014,60177.98332284978,-58.89431091101142,-30.83693677764813,47.323566467751505,47.39181256341877,3.3957e-05
2024-08-10 05:00:00+00:00,60432.2805,60490.2,60372.0615,60454.1755,0.000101871,5.0,60427.855371,60940.131305019495,60562.663700000136,60185.196094980776,-55.88200297392905,-35.84595001690431,47.64672411625306,47.42580077046334,0.000101871
2024-08-10 05:15:00+00:00,60469.2,60493.4,60379.998,60436.205,8.7769e-05,3.0,60466.634869,60818.236517413636,60529.44595000014,60240.65538258664,-54.318644869672426,-39.540488987457934,47.09208718336205,47.381305625516504,8.7769e-05
2024-08-10 05:30:00+00:00,60453.44,60456.698,60372.56,60422.3195,0.0,0.0,0.0,60802.38573208996,60517.21860000014,60232.051467910314,-53.5824509718077,-42.34888138432789,46.64031111360286,47.282506357261354,0.0
2024-08-10 05:45:00+00:00,60430.47,60479.6355,60421.85,60433.5535,0.0,0.0,0.0,60799.101665840404,60511.876025000136,60224.65038415987,-51.49887511482666,-44.17888013042764,47.08262558791122,47.25585558801467,0.0
2024-08-10 06:00:00+00:00,60418.46,60461.63,60353.872,60425.45,0.0,0.0,0.0,60694.65527463232,60485.851025000135,60277.04677536795,-49.92599516859627,-45.32830313806137,46.78138475756094,47.19259281062084,0.0
2024-08-10 06:15:00+00:00,60443.279,60461.98,60402.25,60427.33,5.8374e-05,1.0,60461.98,60668.54052669413,60474.26252500013,60279.98452330613,-47.97475310054142,-45.85759313055738,46.86632098094528,47.14908989999743,5.8374e-05
2024-08-10 06:30:00+00:00,60391.35,60519.06,60391.35,60519.06,0.0,0.0,0.0,60652.57256679442,60469.10447500014,60285.636383205856,-38.58178848196985,-44.402432200839876,50.97747092592684,47.65954070345468,0.0
2024-08-10 06:45:00+00:00,60495.0745,60511.678,60438.2835,60505.645,0.0,0.0,0.0,60652.93119774345,60469.30947500015,60285.68775225685,-31.853092117198685,-41.892564184111635,50.3637436840248,48.02010110086403,0.0
2024-08-10 07:00:00+00:00,60494.9,60605.41,60494.9,60597.45,3.2962e-05,2.0,60558.165276,60655.49495577713,60470.01847500014,60284.54199422315,-18.894847476796713,-37.29302084264865,54.408918982984375,48.871943485146744,3.2962e-05
2024-08-10 07:15:00+00:00,60634.25,60681.575,60533.79,60637.43,0.001621793,2.0,60633.195407,60645.162021183816,60468.01497500014,60290.86792881646,-5.337762958231906,-30.901969265765302,56.08729645719453,49.83399054808645,0.001621793
2024-08-10 07:30:00+00:00,60677.85,60751.3445,60677.85,60750.8615,0.0,0.0,0.0,60679.52655229561,60474.197550000135,60268.86854770466,14.393380330766377,-21.842899346458967,60.527289323279,51.25976371811212,0.0
2024-08-10 07:45:00+00:00,60770.671,60851.66,60704.6205,60851.66,0.0,0.0,0.0,60746.30336766308,60487.13555000014,60227.967732337194,37.72913213462016,-9.928493050243143,64.00971941217848,52.9597578106543,0.0
2024-08-10 08:00:00+00:00,60865.1,60871.465,60722.289,60778.265,0.0,0.0,0.0,60790.96630779109,60502.801100000135,60214.63589220918,49.727295147502446,2.0026645893059754,59.86803014380627,53.8808607884079,0.0
2024-08-10 08:15:00+00:00,60750.6955,60796.95,60693.54,60743.692,0.000217872,2.0,60714.805355,60821.329693646774,60521.169225000136,60221.0087563535,55.80291237813799,12.76271414707238,57.96539436695949,54.42546526554811,0.000217872
2024-08-10 08:30:00+00:00,60732.23,60762.7,60630.865,60762.7,0.000753772,4.0,60678.547303,60852.44721418289,60535.08615000014,60217.725085817394,61.44338841492572,22.498849000643048,58.741740920556516,55.0009686862159,0.000753772
2024-08-10 08:45:00+00:00,60754.93,60793.736,60722.7685,60759.886,0.0,0.0,0.0,60879.93811787061,60549.90912500014,60219.88013212966,64.93787660996168,30.986654522506775,58.56927992452769,55.476743517990805,0.0
2024-08-10 09:00:00+00:00,60795.243,60899.274,60795.243,60880.31,0.0,0.0,0.0,60916.194570896485,60579.63125000014,60243.06792910379,76.54216363900196,40.09775634580581,63.50700818002243,56.54744547292835,0.0
2024-08-10 09:15:00+00:00,60877.4005,60905.784,60819.1595,60894.5185,3.2837e-05,1.0,60905.784,60953.492073440764,60606.433825000146,60259.37557655953,85.89500773709733,49.25720662406412,64.05139377759122,57.547971913550064,3.2837e-05
2024-08-10 09:30:00+00:00,60959.2,61097.57,60959.2,61010.464,0.0,0.0,0.0,61012.559517383655,60636.75352500014,60260.94753261662,101.49308778275736,59.70438285580276,68.21788355923866,58.97062679964188,0.0
2024-08-10 09:45:00+00:00,61055.468,61065.2,60918.3915,60918.3915,0.009,1.0,61055.468,61044.42290532592,60660.468350000134,60276.51379467435,105.21237456744711,68.80598119813163,62.06606913350752,59.383352444157296,0.009
2024-08-10 10:00:00+00:00,60916.0195,60997.449,60913.403,60955.802,0.0097,1.0,60968.508,61077.7713649618,60685.54967500013,60293.327985038464,109.91165766579797,77.0271164916649,63.50610549255498,59.93305285061032,0.0097
2024-08-10 10:15:00+00:00,60986.7,61028.583,60663.81,60769.8,2.3603e-05,1.0,60956.4,61078.673402104025,60702.22942500013,60325.78544789623,97.50311128796602,81.12231545092513,52.77832256784192,58.97908881290787,2.3603e-05
2024-08-10 10:30:00+00:00,60798.411,60860.588,60782.6735,60831.038,0.0,0.0,0.0,61079.99989401858,60722.66535000013,60365.33080598167,91.55525174650393,83.20890271004089,55.44678801418013,58.5081153730775,0.0
2024-08-10 10:45:00+00:00,60856.18,60865.0505,60798.765,60802.964,0.0,0.0,0.0,61074.14605119684,60741.13587500013,60408.12569880342,83.61236177245883,83.28959452252448,53.9418655802963,57.89928206737334,0.0
2024-08-10 11:00:00+00:00,60822.67,60901.653,60792.3555,60866.164,0.00154083,1.0,60869.1,61066.73109341748,60763.17157500014,60459.612056582795,81.47804784097389,82.92728518621436,56.785444215516065,57.75077035379237,0.00154083
2024-08-10 11:15:00+00:00,60911.915,60954.785,60887.3,60911.571,2.1283e-05,1.0,60887.3,61055.05890015799,60787.38362500013,60519.70834984228,82.49955062580557,82.84173827413261,58.755659473222686,57.88475556971641,2.1283e-05
2024-08-10 11:30:00+00:00,60938.245,61023.65,60925.9,60925.9,0.0,0.0,0.0,61051.51387074059,60807.72562500012,60563.93737925965,83.50276163243689,82.97394294579347,59.384945975830114,58.08478095719824,0.0
2024-08-10 11:45:00+00:00,60899.295,60940.3,60864.6415,60940.3,0.0,0.0,0.0,61036.35958633037,60829.458375000126,60622.55716366988,84.48587268740084,83.27632889411494,60.04471149802528,58.34610502930851,0.0
2024-08-10 12:00:00+00:00,60953.025,60953.025,60852.668,60852.668,0.0,0.0,0.0,61019.698595181246,60842.219275000134,60664.73995481902,77.30272752890596,82.08160862107314,54.26739126416119,57.80227652728887,0.0
2024-08-10 12:15:00+00:00,60844.3,60902.8,60844.3,60874.35,2.1634e-05,1.0,60844.718,61004.917339935375,60854.06527500014,60703.2132100649,72.52358271778212,80.17000344041494,55.410546289689734,57.48337916227565,2.1634e-05
2024-08-10 12:30:00+00:00,60893.535,60893.535,60786.8,60802.9855,0.0,0.0,0.0,61002.00144860356,60856.67147500014,60711.341501396724,62.2598643305173,76.58797561843542,50.90061662852722,56.60567749110919,0.0
2024-08-10 12:45:00+00:00,60788.868,60791.093,60735.505,60735.505,4.9826e-05,1.0,60788.868,61005.515337806515,60850.86372500014,60696.21211219377,48.125915573196835,70.89556360938771,47.00478519931981,55.32555851887061,4.9826e-05
2024-08-10 13:00:00+00:00,60754.85,60754.85,60577.75,60577.75,0.0,0.0,0.0,61034.174896118886,60840.83797500015,60647.50105388141,23.919421070189856,61.50033510154814,39.41062198424712,53.20356698092081,0.0
2024-08-10 13:15:00+00:00,60552.0185,60703.695,60512.001,60671.638,1.9556e-05,1.0,60524.643,61040.12811739502,60837.235275000145,60634.34243260527,12.171273854779429,51.634522852194394,45.09593039855147,52.122548769938234,1.9556e-05
2024-08-10 13:30:00+00:00,60666.43,60725.204,60569.912,60615.65,0.005908418,1.0,60709.32,61052.72391538743,60829.882775000144,60607.041634612855,-1.6380981670299661,40.97999864834952,42.53290933879773,50.8439301791195,0.005908418
2024-08-10 13:45:00+00:00,60649.13,60649.13,60546.494,60566.07,0.0,0.0,0.0,61069.635463137005,60820.191975000154,60570.748486863304,-16.393838660842448,29.50523118651113,40.34609180469865,49.44421839586339,0.0
2024-08-10 14:00:00+00:00,60492.815,60573.301,60441.7945,60553.14,0.0,0.0,0.0,61077.13215369106,60803.833475000145,60530.53479630923,-28.79923262425291,17.84433842435832,39.77179117385525,48.15456143292897,0.0
2024-08-10 14:15:00+00:00,60515.515,60617.587,60461.4,60577.6295,0.002393261,2.0,60616.441536,61074.82848235598,60787.98902500015,60501.149567644316,-36.23678364830266,7.0281140098261226,41.47110740166044,47.263434228759834,0.002393261
2024-08-10 14:30:00+00:00,60615.3,60692.1,60590.7215,60692.1,0.0,0.0,0.0,61042.631790495274,60772.070825000155,60501.50985950504,-32.51942010704806,-0.8813928135487157,48.75001703211013,47.46164526920654,0.0
2024-08-10 14:45:00+00:00,60653.02,60663.6035,60566.683,60577.11,0.0,0.0,0.0,61029.52178073269,60755.00675000016,60480.49171926763,-38.4093555649597,-8.386985363830913,42.96902116884197,46.862628722491266,0.0
2024-08-10 15:00:00+00:00,60604.795,60750.901,60543.2105,60712.105,0.606189614,4.0,60567.205378,61001.79870467424,60742.82190000017,60483.8450953261,-31.817431999908877,-13.073074691046505,50.40455227300961,47.33488519589371,0.606189614
2024-08-10 15:15:00+00:00,60755.715,60786.73,60594.92,60697.5935,0.000518232,2.0,60679.469627,60998.59624230709,60739.21157500016,60479.826907693234,-27.447840238113713,-15.948027800459947,49.65509939606321,47.644247089249646,0.000518232
2024-08-10 15:30:00+00:00,60722.3,60751.384,60670.9,60706.9535,8.7887e-05,4.0,60706.505071,60989.22626853724,60733.00735000017,60476.788431463094,-22.964908342255512,-17.35140390881906,50.16975395849305,47.9809813384821,8.7887e-05
2024-08-10 15:45:00+00:00,60664.761,60701.15,60569.45,60569.45,0.001507806,2.0,60674.299657,60984.911355411234,60721.33165000017,60457.7519445891,-30.15987157663767,-19.91309744238278,43.185488144578756,47.34158224596165,0.001507806
2024-08-10 16:00:00+00:00,60555.19,60610.4715,60445.8465,60610.4715,0.001606254,3.0,60578.08,60967.55124737904,60708.54702500017,60449.5428026213,-32.18087842321984,-22.366653638550194,45.61779341766666,47.111743735522325,0.001606254
2024-08-10 16:15:00+00:00,60632.353,60687.25,60583.58,60670.41,3.6866e-05,1.0,60632.353,60938.45744523386,60696.48897500016,60454.520504766464,-28.61613588509499,-23.616550087859153,49.05006358004796,47.37018638145908,3.6866e-05
2024-08-10 16:30:00+00:00,60702.2135,60709.39,60677.905,60709.033,0.0,0.0,0.0,60903.78322942321,60685.645625000165,60467.50802057712,-22.41609958445042,-23.376459987177405,51.18791168522656,47.87921642196141,0.0
2024-08-10 16:45:00+00:00,60685.85,60713.525,60623.85,60654.639,0.0,0.0,0.0,60855.727713819026,60671.36257500017,60486.99743618131,-21.642189667029015,-23.029605923147727,48.12527089691378,47.91202368528839,0.0
2024-08-10 17:00:00+00:00,60654.6415,60704.145,60606.43,60697.0745,0.000801771,1.0,60680.615,60828.829080670745,60663.58290000017,60498.33671932959,-17.404047256895865,-21.904494189897356,50.608103079286884,48.27150093782152,0.000801771
2024-08-10 17:15:00+00:00,60671.6125,60715.525,60647.93,60674.42,0.000832949,2.0,60658.197986,60787.91999461003,60653.58640000016,60519.25280539029,-15.6924251719538,-20.662080386308645,49.252812557337734,48.40234248709035,0.000832949
2024-08-10 17:30:00+00:00,60650.665,60696.265,60614.7145,60666.0365,0.0,0.0,0.0,60762.60502414541,60646.73895000016,60530.87287585491,-14.841348892608949,-19.497934087568705,48.73271060865961,48.44639156996625,0.0
2024-08-10 17:45:00+00:00,60726.7675,60842.9775,60726.7675,60753.44,0.0,0.0,0.0,60766.47538606136,60647.63570000016,60528.79601393896,-7.033060082387237,-17.00495928653241,54.16678865274957,49.209111181004026,0.0
2024-08-10 18:00:00+00:00,60884.305,61191.1895,60795.245,61141.7,0.0,0.0,0.0,60918.29057616359,60675.833200000154,60433.375823836715,30.13700163595786,-7.576567102034357,69.58777658598562,51.9262665683349,0.0
2024-08-10 18:15:00+00:00,61069.1005,61069.1005,60994.45,61053.45,3.4035e-05,1.0,61066.78,60987.91380803749,60694.92380000015,60401.93379196281,51.87551720861666,4.313849760095847,64.29272167797811,53.575127249620664,3.4035e-05
2024-08-10 18:30:00+00:00,60979.412,61159.295,60944.0485,61140.72,0.005893646,1.0,61046.6,61069.85500658637,60721.177300000156,60372.499593413944,75.27765314492717,18.50661043706211,66.9693585737855,55.361024759509306,0.005893646
2024-08-10 18:45:00+00:00,61165.525,61165.525,60928.925,60928.925,0.004912617,1.0,61005.37,61091.56949574776,60739.320050000155,60387.07060425255,75.85946730420983,29.977181810491658,55.99841763156418,55.44601047578329,0.004912617
2024-08-10 19:00:00+00:00,60927.55,60971.7905,60864.136,60901.331,0.000774272,1.0,60864.136,61104.84482472103,60756.72960000016,60408.614375279285,73.24957848536724,38.63166114546677,54.74019436096663,55.351901660474404,0.000774272
2024-08-10 19:15:00+00:00,60871.578,61113.646,60871.578,61071.36,2.0115e-05,1.0,60871.578,61144.912480101615,60781.41612500016,60417.91976989871,83.93360771863081,47.69205046009958,60.61279120335461,56.053353599525096,2.0115e-05
2024-08-10 19:30:00+00:00,61094.29,61153.576,61069.25,61116.105,0.0,0.0,0.0,61191.38321045242,60802.61637500016,60413.8495395479,94.91717925216653,57.13707621851297,62.00978801451351,56.847544854856885,0.0
2024-08-10 19:45:00+00:00,61095.35,61104.678,61020.215,61033.405,0.016736098,5.0,61060.242941,61212.1346987263,60825.431125000156,60438.72755127401,95.84371331118018,64.87840363704642,57.920759509539565,56.99064014214791,0.016736098
2024-08-10 20:00:00+00:00,61056.348,61056.348,61046.03,61046.03,0.0,0.0,0.0,61236.574843599934,60842.12737500016,60447.67990640038,96.48451676697732,71.1996262630326,58.37204927427803,57.174828026431925,0.0
2024-08-10 20:15:00+00:00,61053.46,61053.46,60940.445,60952.0795,0.019713767,2.0,60940.494228,61246.235195340174,60854.85167500016,60463.46815466014,88.3924053233277,74.63818207509162,53.75211750899024,56.71846662410637,0.019713767
2024-08-10 20:30:00+00:00,60947.6715,61058.92,60947.6715,61009.5,0.003897,1.0,61058.92,61260.7144130382,60869.97900000015,60479.243586962104,85.62566381820216,76.83567842371373,56.042039625052595,56.628276357565866,0.003897
2024-08-10 20:45:00+00:00,60961.52,61047.915,60959.65,61007.602,0.000797197,1.0,61028.773,61261.317071543,60891.88660000016,60522.456128457314,82.33079040172743,77.93470081931648,55.94343621859609,56.536964339036565,0.000797197
2024-08-10 21:00:00+00:00,61037.557,61144.05,61013.08,61118.94,0.0,0.0,0.0,61275.59096049727,60917.31002500015,60559.029089503034,87.69275806230871,79.88631226791492,60.35048407290993,57.045433636886344,0.0
2024-08-10 21:15:00+00:00,61111.077,61175.54,61106.829,61160.0115,0.004213474,3.0,61114.541013,61296.13034492634,60941.79010000016,60587.44985507397,94.1707411802854,82.74319805038901,61.86590211763108,57.68816276765231,0.004213474
2024-08-10 21:30:00+00:00,61140.513,61140.513,60997.81,61010.5,0.0,0.0,0.0,61295.62180370692,60956.86345000016,60618.105096293395,86.24606993448106,83.44377242720742,53.8041561841416,57.17029522318421,0.0
2024-08-10 21:45:00+00:00,61027.3,61141.3845,61010.5,61084.35,0.0,0.0,0.0,61291.22812557034,60978.34900000016,60665.46987442998,84.94558881671401,83.74413570510873,56.798728921192584,57.120753049585325,0.0
2024-08-10 22:00:00+00:00,61011.776,61051.75,60967.58,60967.58,0.0,0.0,0.0,61277.114069496085,60991.87427500016,60706.63448050424,73.64366670089657,81.7240419042663,51.152431999198676,56.324976909533774,0.0
2024-08-10 22:15:00+00:00,60963.35,61038.415,60943.1,61004.779,2.4947e-05,1.0,60943.1,61253.64359138515,61008.39222500017,60763.14085861519,66.9170819469,78.76264991279304,52.76340531061784,55.85010069634498,2.4947e-05
2024-08-10 22:30:00+00:00,60956.8915,60981.0,60953.9,60955.895,0.0,0.0,0.0,61213.71951914483,61022.88515000018,60832.05078085552,56.98479951061745,74.40707983235792,50.41059260907834,55.1248329513761,0.0
2024-08-10 22:45:00+00:00,60952.855,61001.24,60948.502,60959.215,0.0098,1.0,61001.24,61182.45538835908,61033.17390000018,60883.89241164129,48.81854062736238,69.28937199135882,50.571800154278456,54.51776191176308,0.0098
2024-08-10 23:00:00+00:00,60921.728,60921.728,60853.4435,60876.438,0.0,0.0,0.0,61175.27800719152,61019.91080000019,60864.543592808855,35.260844458127394,62.483666484712536,46.51188747809129,53.45031198727351,0.0
2024-08-10 23:15:00+00:00,60867.05,60873.907,60777.3375,60830.63,2.2474e-05,1.0,60839.2,61183.64961647587,61008.769800000184,60833.889983524496,20.582685414330626,54.10347027063615,44.38819281936423,52.24202943155227,2.2474e-05
2024-08-10 23:30:00+00:00,60833.188,60878.6,60829.67,60866.533,0.0,0.0,0.0,61169.40280142632,60995.06045000019,60820.718098574056,11.712199720022909,45.6252161605135,46.45189173304069,51.470011071750726,0.0
2024-08-10 23:45:00+00:00,60894.455,60945.3555,60873.8825,60938.479,0.0,0.0,0.0,61169.20408004127,60995.53815000019,60821.87221995911,10.368198680662317,38.57381266454327,50.42222495288568,51.33030625590205,0.0
2024-08-11 00:00:00+00:00,60945.73,61166.28,60911.069,61166.28,0.0,0.0,0.0,61191.85234732785,61008.78560000019,60825.71885267254,27.369209847202,36.33289210107502,60.42714945539851,52.54321868250158,0.0
2024-08-11 00:15:00+00:00,61202.422,61202.422,61028.717,61064.0505,1.8859e-05,1.0,61139.827,61191.014293643624,61008.42012500018,60825.82595635673,32.22213073440071,35.51073982774015,55.05747037483585,52.878452241479486,1.8859e-05
2024-08-11 00:30:00+00:00,61036.3,61162.447,61036.3,61137.4845,0.0,0.0,0.0,61194.82224789751,61009.48910000018,60824.155952102854,41.51505586557323,36.711603035306766,57.94819359744561,53.554417755608306,0.0
2024-08-11 00:45:00+00:00,61091.234,61144.0915,61091.234,61099.1,0.0,0.0,0.0,61201.9743943936,61012.77385000019,60823.57330560678,45.26072021773871,38.421426471793154,55.923376636178325,53.87027893968431,0.0
2024-08-11 01:00:00+00:00,61135.0585,61142.435,61038.4,61142.435,0.02443875,1.0,61038.4,61214.685741687324,61017.594100000184,60820.50245831304,51.1364889242177,40.96443896227807,57.7195690961978,54.38351762721944,0.02443875
2024-08-11 01:15:00+00:00,61101.2275,61101.2275,60980.51,61051.445,2.29e-05,1.0,61044.25,61217.79844829908,61022.56237500019,60827.3263017013,47.898797866058885,42.35131074303423,52.849604114127125,54.1789958254738,2.29e-05
2024-08-11 01:30:00+00:00,61047.8525,61152.558,61047.8525,61152.558,0.0,0.0,0.0,61232.83621381175,61029.715275000184,60826.59433618862,52.882284383274964,44.45750547108238,57.17384480355183,54.57830902255087,0.0
2024-08-11 01:45:00+00:00,61117.5465,61194.3565,61117.5465,61153.75,0.0,0.0,0.0,61246.84080247249,61037.02267500019,60827.20454752789,56.279166590400564,46.82183769494601,57.22365086201723,54.93102126781305,0.0
2024-08-11 02:00:00+00:00,61124.369,61132.995,61095.26,61095.26,0.0,0.0,0.0,61244.0555493584,61035.838675000196,60827.62180064199,53.63331456931337,48.18413306981948,53.910533886933884,54.79495628369583,0.0
2024-08-11 02:15:00+00:00,61077.586,61088.7205,61030.816,61030.816,2.2898e-05,1.0,61049.371,61229.65026428462,61029.3789000002,60829.10753571578,45.80831581125676,47.708969618106934,50.44503931320621,54.214967354297215,2.2898e-05
2024-08-11 02:30:00+00:00,61079.7575,61079.7575,61004.8945,61043.42,0.0,0.0,0.0,61231.18965717679,61031.02490000019,60830.8601428236,40.16103398302221,46.19938249108999,51.10702506554083,53.8005750491297,0.0
2024-08-11 02:45:00+00:00,61011.947,61065.908,60996.2,61063.49,0.001791414,1.0,60996.2,61229.23967753749,61029.98190000019,60830.72412246289,36.87987546821387,44.33548108651477,52.201977114620604,53.58742865786182,0.001791414
2024-08-11 03:00:00+00:00,61057.185,61193.2695,61057.185,61168.713,0.0,0.0,0.0,61245.87727636655,61040.03855000019,60834.199823633826,42.282741298862675,43.92493312898435,57.56731570684399,54.11808026439278,0.0
2024-08-11 03:15:00+00:00,61173.085,61376.7605,61136.2,61365.95,2.1697e-05,1.0,61136.2,61307.21583441989,61058.097100000174,60808.97836558046,61.76790693485236,47.49352789015795,65.4061059635528,55.623150357614115,2.1697e-05
2024-08-11 03:30:00+00:00,61385.2605,61385.2605,61228.305,61246.45,0.003879,1.0,61279.355,61329.96165439472,61072.624850000175,60815.28804560563,66.79739104356122,51.354300520838606,58.37043286542861,55.98945469198938,0.003879
2024-08-11 03:45:00+00:00,61152.45,61167.37,61081.58,61108.18,0.007729302,2.0,61103.948048,61332.42365004883,61080.07310000017,60827.722549951504,58.94656074647355,52.8727525659656,51.47126178255813,55.38702897073188,0.007729302
2024-08-11 04:00:00+00:00,61140.3,61174.1465,60969.735,60969.735,0.022945212,6.0,61100.140581,61325.01946256471,61084.73795000017,60844.45643743563,41.07982406645897,50.51416686606427,45.65283291955382,54.089136163908144,0.022945212
2024-08-11 04:15:00+00:00,60964.3,61062.5,60893.803,61059.87,0.015848144,6.0,60978.836021,61306.958599736965,61096.19995000018,60885.44130026339,33.803778814974066,47.17208925584623,49.64394125439613,53.496443509306545,0.015848144
2024-08-11 04:30:00+00:00,61093.186,61111.57,60936.3,60936.3,0.01194545,3.0,61015.985493,61297.007207645045,61099.688300000176,60902.36939235531,17.86050941492431,41.30977328766185,44.78790802119433,52.335305444224915,0.01194545
2024-08-11 04:45:00+00:00,60894.915,60982.742,60894.915,60915.33,0.007466655,2.0,60940.620284,61299.8497547904,61098.53085000018,60897.21194520996,3.492984848904598,33.7464155999104,44.00131316505855,51.2241064736694,0.007466655
2024-08-11 05:00:00+00:00,60943.626,61032.9095,60931.4,60976.255,0.00155005,1.0,60931.4,61294.55452222191,61089.02960000017,60883.50467777843,-2.9433148520984105,26.408469509508638,46.91818838856123,50.64998406232164,0.00155005
2024-08-11 05:15:00+00:00,60953.96,61047.613,60947.795,61031.95,2.0423e-05,1.0,60953.96,61294.2022679307,61087.42457500017,60880.64688206965,-3.509551770519465,20.424865253503018,49.50743147832933,50.49764371778934,2.0423e-05
2024-08-11 05:30:00+00:00,61059.725,61067.5,60956.6,61059.665,0.00739075,2.0,61012.119399,61289.32323804785,61083.53360000018,60877.7439619525,-1.7023066009642207,15.99943088260957,50.79369860354702,50.537117702557026,0.00739075
2024-08-11 05:45:00+00:00,61080.89,61138.39,61080.89,61138.39,0.0,0.0,0.0,61292.59064080149,61085.498100000164,60878.405559198836,6.013082709672744,14.002161248022205,54.35097554358615,51.04563208136091,0.0
2024-08-11 06:00:00+00:00,61136.0005,61136.0005,61075.431,61130.183,0.0,0.0,0.0,61291.3723162488,61084.885500000164,60878.398683751526,11.334688776863914,13.468666753790547,53.91340291611532,51.42800152599483,0.0
2024-08-11 06:15:00+00:00,61109.903,61110.186,61048.127,61082.285,0.022821748,2.0,61056.001899,61292.35222738171,61086.42750000015,60880.502772618594,11.553944940314977,13.085722391095434,51.31671771279572,51.41316368423495,0.022821748
2024-08-11 06:30:00+00:00,61086.16,61187.45,61044.555,61187.45,0.0,0.0,0.0,61296.880699064925,61088.172100000156,60879.46350093539,19.98328871578269,14.465235656032885,56.29410162878855,52.06395541017543,0.0
2024-08-11 06:45:00+00:00,61182.0,61182.0,61128.24,61147.05,0.000825,2.0,61176.954061,61296.14470824414,61087.83710000016,60879.52949175618,23.136953625726164,16.199579249971542,54.00962220573137,52.32337764958289,0.000825
2024-08-11 07:00:00+00:00,61169.23,61205.421,61138.574,61205.421,0.0,0.0,0.0,61307.879249874044,61093.34515000016,60878.81105012628,30.000480793052702,18.959759558587773,56.74111542455591,52.912409352912626,0.0
2024-08-11 07:15:00+00:00,61182.4875,61183.349,61105.05,61105.05,0.002835929,3.0,61164.024951,61309.695498719346,61097.056850000154,60884.41820128096,27.029198878073657,20.57364742248495,51.118865385225796,52.67327015722105,0.002835929
2024-08-11 07:30:00+00:00,61137.993,61239.651,61137.993,61239.651,0.0,0.0,0.0,61326.68961111666,61106.86840000017,60887.04718888368,35.1306481027641,23.485047558540778,57.23806172611401,53.28190903307344,0.0
2024-08-11 07:45:00+00:00,61202.5625,61278.755,61202.5625,61253.73,0.0,0.0,0.0,61344.189050135385,61116.38040000016,60888.57174986494,42.20069922635594,27.22817789210381,57.832678736128116,53.888678326814066,0.0
2024-08-11 08:00:00+00:00,61340.816,61340.816,61209.82,61209.82,0.0,0.0,0.0,61348.82310813287,61118.435750000164,60888.04839186746,43.756201397533005,30.53378259318965,55.25216850291177,54.070477016960425,0.0
2024-08-11 08:15:00+00:00,61268.182,61307.6035,61232.276,61232.276,2.3325e-05,1.0,61244.734,61319.69172182314,61111.75205000017,60903.8123781772,46.2676153333814,33.680549141228,56.32545173511075,54.3711403127138,2.3325e-05
2024-08-11 08:30:00+00:00,61192.145,61289.71,61192.145,61276.6955,0.0,0.0,0.0,61325.49608512886,61113.26432500017,60901.03256487148,51.25141696022911,37.19472270502822,58.4484773912414,54.914785256517476,0.0
2024-08-11 08:45:00+00:00,61284.0595,61436.076,61264.6595,61307.487,0.5,2.0,61385.920592,61351.66874046724,61123.22967500017,60894.7906095331,57.0283451070718,41.161447185436934,59.903517483573474,55.57994955345828,0.5
2024-08-11 09:00:00+00:00,61274.5535,61360.3575,61248.5,61360.3575,0.0,0.0,0.0,61381.910011341985,61142.760800000164,60903.61158865834,65.12212248586002,45.95358224552155,62.34196244043627,56.48155127172201,0.0
2024-08-11 09:15:00+00:00,61286.774,61813.85,61286.774,61429.463,0.0362036,5.0,61628.524403,61427.49560729197,61161.24045000016,60894.98529270835,76.23395806769258,52.00965740995576,65.31141974778497,57.658867068530405,0.0362036
2024-08-11 09:30:00+00:00,61465.09,61493.565,61078.4,61151.1,0.0,0.0,0.0,61417.60484398088,61171.98045000016,60926.356056019446,61.8654536595277,53.98081665987014,48.66503238974925,56.45968911135959,0.0
2024-08-11 09:45:00+00:00,61114.5,61146.1185,61057.4485,61095.655,0.00716494,1.0,61112.53,61400.07978020566,61180.996700000156,60961.91361979465,45.4800960330831,52.28067253451273,46.14233034808413,55.084041276256194,0.00716494
2024-08-11 10:00:00+00:00,61114.267,61261.2785,61020.23,61242.514,0.0,0.0,0.0,61393.461602975374,61194.30965000016,60995.15769702495,43.839521299727494,50.592442287555684,53.08022533303984,54.81686581716068,0.0
2024-08-11 10:15:00+00:00,61170.694,61189.895,61089.8,61143.505,0.001874279,2.0,61090.793545,61386.384441520444,61199.88740000016,61013.390358479875,34.15642119468248,47.30523806898104,48.540369778864786,53.97999967872123,0.001874279
2024-08-11 10:30:00+00:00,61116.144,61150.85,61068.2185,61091.967,0.0,0.0,0.0,61383.62226982063,61201.502500000155,61019.38273017968,22.06940634093189,42.25807172337121,46.31956043052251,52.9586077789614,0.0
2024-08-11 10:45:00+00:00,61157.17,61157.17,61074.274,61077.685,0.004336398,1.0,61157.17,61386.61686259115,61198.46725000016,61010.31763740917,11.208714859036263,36.04820035050422,45.695640135066306,51.990212093108724,0.004336398
2024-08-11 11:00:00+00:00,61043.3465,61043.3465,60651.0975,60776.685,0.0,0.0,0.0,61443.08640993617,61180.79235000016,60918.498290064155,-21.439504562491493,24.550659367905073,34.996451495680475,49.724377346784955,0.0
2024-08-11 11:15:00+00:00,60727.403,60779.26,60566.8,60703.5075,2.3729e-05,1.0,60632.5,61494.994400040174,61161.85347500017,60828.71254996017,-52.61179038206319,9.118169417911421,32.9750293204055,47.49113094326769,2.3729e-05
2024-08-11 11:30:00+00:00,60710.65,60776.5665,60492.4815,60540.7,0.005905986,1.0,60764.2,61558.27617813296,61129.51597500018,60700.75577186739,-89.4224497520263,-10.589954416076123,28.966293277553568,45.02115258783914,0.005905986
2024-08-11 11:45:00+00:00,60471.3025,60709.5175,60471.3025,60709.5175,0.0,0.0,0.0,61573.62134568518,61107.63935000017,60641.65735431517,-103.77672760880523,-29.227309054621944,37.45673973151451,44.012564206995854,0.0
2024-08-11 12:00:00+00:00,60721.447,60721.447,60346.7105,60346.7105,0.0,0.0,0.0,61633.61126545939,61064.70382500017,60495.796384540954,-142.78218487427512,-51.93828421855258,29.34018423229801,42.056246877036145,0.0
2024-08-11 12:15:00+00:00,60386.865,60570.83,60386.865,60570.83,1.7061e-05,1.0,60405.866,61645.65924167874,61037.992825000176,60430.32640832161,-153.83639002671407,-72.31790538018488,38.2428076564771,41.54778831429494,1.7061e-05
2024-08-11 12:30:00+00:00,60529.35,60554.122,60437.7,60467.2,0.0,0.0,0.0,61647.69068528586,60999.37027500017,60351.04986471448,-169.01075144213974,-91.65647459257585,35.98514379304048,40.806102378127676,0.0
2024-08-11 12:45:00+00:00,60489.3955,60541.489,60349.64,60541.489,0.0,0.0,0.0,61630.269860629574,60963.75822500017,60297.24658937077,-173.04725965716352,-107.93463160549338,38.775492686346475,40.535354419223516,0.0
2024-08-11 13:00:00+00:00,60470.35,60470.35,60203.822,60300.825,0.001348049,1.0,60250.0,61633.68379891675,60918.308475000165,60202.933151083584,-193.43598535660567,-125.03490235571584,33.657180535813055,39.61826456810212,0.001348049
2024-08-11 13:15:00+00:00,60316.9395,60409.9045,60257.56,60328.0815,4.9084e-05,1.0,60320.3,61617.10455117457,60873.098750000165,60129.09294882576,-205.03135181221296,-141.03419224701526,34.70834521577148,38.963608654458035,4.9084e-05
2024-08-11 13:30:00+00:00,60347.65,60451.156,60331.594,60451.156,0.0,0.0,0.0,61573.27881829687,60831.82177500017,60090.36473170347,-201.96159217701643,-153.2196722330155,39.37904831430548,39.01900060910436,0.0
2024-08-11 13:45:00+00:00,60480.58,60633.695,60467.2645,60479.85,0.001929803,2.0,60505.983552,61513.2359279222,60790.43992500017,60067.64392207815,-194.9659731787542,-161.56893242216324,40.448654392351926,39.20962111353737,0.001929803
2024-08-11 14:00:00+00:00,60471.4465,60477.9,60317.12,60349.383,0.0,0.0,0.0,61437.14180143638,60739.89120000017,60042.640598563965,-197.67086458263657,-168.7893188542579,37.23194994332076,38.94593162417515,0.0
2024-08-11 14:15:00+00:00,60552.63,60628.465,60520.269,60558.455,4.08e-05,1.0,60552.63,61320.883686680274,60696.34080000018,60071.797913320086,-180.85931380696275,-171.20331784479887,44.806776935238574,39.72737766565027,4.08e-05
2024-08-11 14:30:00+00:00,60576.958,60764.45,60450.8475,60518.05,0.000803413,1.0,60556.57,61257.17680634909,60664.688300000176,60072.19979365126,-168.84998697351693,-170.73265167054248,43.708963578692725,40.25825578738927,0.000803413
2024-08-11 14:45:00+00:00,60460.58,60468.8925,60242.5855,60363.0995,0.000322398,1.0,60362.6,61199.655623040984,60628.060525000175,60056.46542695937,-169.87747749462142,-170.56161683535828,39.69256735688754,40.18283066332237,0.000322398
2024-08-11 15:00:00+00:00,60400.8865,60400.8865,60000.0,60239.5,0.021638706,4.0,60087.846836,61098.81848013459,60577.90982500018,60057.00116986576,-178.6063549399987,-172.17056445628637,36.788624868779046,39.73026989071659,0.021638706
2024-08-11 15:15:00+00:00,60200.3765,60439.1,60200.3765,60378.5045,0.016349372,2.0,60265.145484,60997.33488744978,60539.65980000018,60081.984712550584,-172.32114091640688,-172.20067974831048,41.9337879608703,40.02407230007042,0.016349372
2024-08-11 15:30:00+00:00,60392.6275,60392.6275,60243.7245,60290.4475,0.004837004,1.0,60349.7,60892.59127536093,60499.58382500019,60106.57637463945,-172.45754427778593,-172.25205265420556,39.72772784295552,39.984559705788435,0.004837004
2024-08-11 15:45:00+00:00,60261.71,60290.4475,60103.36,60163.55,0.00170609,1.0,60261.71,60773.00397869131,60453.877075000186,60134.75017130906,-180.72196236117452,-173.94603459559934,36.72900533215059,39.55048578930339,0.00170609
2024-08-11 16:00:00+00:00,60126.165,60295.989,60033.385,60044.15,0.006899121,5.0,60107.412279,60747.71994434456,60417.25032500018,60086.78070565581,-194.66221057623625,-178.08926979172674,34.11937180539024,38.82633725811497,0.006899121
2024-08-11 16:15:00+00:00,60094.125,60226.83,60050.0,60226.83,0.000219484,2.0,60145.16577,60706.148445339706,60393.41645000018,60080.68445466065,-188.79292116552097,-180.2300000664856,41.023668846664414,39.119314803254895,0.000219484
2024-08-11 16:30:00+00:00,60264.6435,60264.6435,60200.175,60200.175,0.0,0.0,0.0,60692.25677140243,60376.39020000018,60060.52362859793,-184.1693135512469,-181.01786276343785,40.359046408127114,39.28461235057119,0.0
2024-08-11 16:45:00+00:00,60172.7785,60242.8425,60172.7785,60218.6935,0.0,0.0,0.0,60634.941739532704,60351.849000000184,60068.756260467664,-176.9707740978847,-180.20844503032723,41.073319485835654,39.523106635273116,0.0
2024-08-11 17:00:00+00:00,60237.428,60295.33,60168.93,60168.93,0.0,0.0,0.0,60637.08925166461,60342.95997500018,60048.83069833575,-173.28386969314306,-178.8235299628904,39.697465710319676,39.54635451194599,0.0
2024-08-11 17:15:00+00:00,60204.59,60204.59,60065.1,60065.1,0.000296289,2.0,60114.313589,60616.02006295842,60317.67347500018,60019.326887041934,-176.70325946500088,-178.3994758633125,36.91867878598657,39.195997748484736,0.000296289
2024-08-11 17:30:00+00:00,60096.826,60178.02,60055.7175,60178.02,0.0,0.0,0.0,60599.19322103149,60303.21447500018,60007.23572896887,-168.3606929390735,-176.39171927846468,41.698431231153506,39.529655546173906,0.0
2024-08-11 17:45:00+00:00,60155.8025,60363.5505,60155.8025,60307.035,0.0,0.0,0.0,60566.63119556791,60291.49177500018,60016.35235443244,-149.61405884681153,-171.03618719213404,46.670385109331974,40.48175282126165,0.0
2024-08-11 18:00:00+00:00,60282.0805,60305.777,60211.895,60292.2255,0.0,0.0,0.0,60566.16841040604,60291.06180000018,60015.955189594315,-134.40290610960074,-163.7095309756274,46.183508793712306,41.241986950921735,0.0
2024-08-11 18:15:00+00:00,60342.3435,60342.606,60281.035,60281.035,5.6541e-05,1.0,60340.516,60563.3137886336,60288.70947500017,60014.105161366744,-121.84636871025577,-155.33689852255307,45.79474422205118,41.849021253739,5.6541e-05
2024-08-11 18:30:00+00:00,60174.355,60258.625,60174.355,60200.872,0.001615466,1.0,60232.7,60542.740614417184,60276.195275000166,60009.64993558315,-117.01483235794876,-147.67248528963222,43.00220287260787,42.00277880292151,0.001615466
2024-08-11 18:45:00+00:00,60228.223,60251.595,60175.93,60231.3845,0.0,0.0,0.0,60513.84322710865,60263.77200000016,60013.700772891665,-109.46189268182934,-140.03036676807164,44.3921822004536,42.321365922592456,0.0
2024-08-11 19:00:00+00:00,60292.9545,60302.009,60090.15,60099.7765,0.614435206,4.0,60265.644198,60507.85675586359,60251.29167500016,59994.72659413673,-112.79556224974658,-134.58340586440664,39.87525656268687,41.99521800793838,0.614435206
2024-08-11 19:15:00+00:00,60075.195,60075.195,59681.24,59681.24,0.003352728,4.0,59833.998524,60530.31248215154,60207.43092500015,59884.54936784877,-147.50951917903149,-137.1686285273316,29.570621231779626,40.338605104450544,0.003352728
2024-08-11 19:30:00+00:00,59727.6,59791.7765,59569.074937965,59791.7765,0.01,1.0,59727.6,60509.103412788536,60171.11725000015,59833.13108721176,-164.2083171244376,-142.5765662467528,34.392741951394896,39.54582335070979,0.01
2024-08-11 19:45:00+00:00,59766.978,59813.25,59642.225,59642.225,0.535338338,8.0,59726.131386,60532.077317607866,60135.07352500015,59738.06973239244,-187.35013526258263,-151.53128004991876,31.272968382765804,38.44277602165059,0.535338338
2024-08-11 20:00:00+00:00,59670.6225,59670.6225,58804.1785,59045.235,0.016386529,10.0,59110.864728,60690.76091427453,60075.36027500016,59459.95963572579,-250.96927898605645,-171.4188798371463,22.499226881756332,36.316969469664684,0.016386529
2024-08-11 20:15:00+00:00,59086.85,59115.745,58627.5755,58658.4175,0.001933071,3.0,58752.941945,60845.09948193773,59989.355925000156,59133.61236806258,-328.8105251627203,-202.8972089022611,18.81572832934659,33.9834706509556,0.001933071
2024-08-11 20:30:00+00:00,58633.245,58858.2525,58398.0265,58754.6825,0.053561658,5.0,58622.822654,60910.29697689571,59912.56767500016,58914.838373104605,-378.3708687465769,-237.99194087112426,22.228147227971938,32.41609419455778,0.053561658
2024-08-11 20:45:00+00:00,58706.0,58777.4455,58516.3675,58535.2,0.0,0.0,0.0,60986.90899048519,59831.150175000155,58675.39135951512,-430.3968545316893,-276.4729236032373,20.148675115754482,30.780438317384007,0.0
2024-08-11 21:00:00+00:00,58517.6695,58644.045,58396.77,58644.045,0.01635915,2.0,58397.037411,61021.678722114935,59761.14492500016,58500.611127885386,-457.5703550239341,-312.69240988737664,23.948394223252606,29.869499104833153,0.01635915
2024-08-11 21:15:00+00:00,58582.9095,58806.55,58561.8595,58718.3,0.000136993,1.0,58683.202,61004.93084753402,59685.71842500016,58366.506002466296,-467.72218184806843,-343.698364279515,26.51734685795926,29.422545471916635,0.000136993
2024-08-11 21:30:00+00:00,58607.175,58949.95,58543.8465,58949.95,0.0,0.0,0.0,60957.384341571225,59623.20717500015,58289.03000842907,-451.86652272911306,-365.3319959694346,34.00661529814853,30.033754782080887,0.0
2024-08-11 21:45:00+00:00,58955.6,59036.47,58793.4175,59036.47,0.0,0.0,0.0,60892.246404740516,59564.09600000015,58235.945595259785,-427.3926413939844,-377.7441250543446,36.605431172887215,30.909978300855066,0.0
2024-08-11 22:00:00+00:00,58958.735,59341.35,58656.745,58700.8055,0.0,0.0,0.0,60839.140317697325,59490.68977500015,58142.23923230298,-430.1240318990094,-388.22010642327757,31.433615587418885,30.979796605730243,0.0
2024-08-11 22:15:00+00:00,58540.81,58804.397,58540.81,58737.1745,0.007219099,2.0,58774.479664,60783.7980558522,59424.293500000145,58064.78894414809,-424.4610810764643,-395.4683013539149,32.54564967080865,31.188577014407365,0.007219099
2024-08-11 22:30:00+00:00,58700.4575,58971.3,58613.8245,58868.9655,0.0,0.0,0.0,60692.69740548871,59358.84077500014,58024.984144511574,-404.6738907616309,-397.3094192354581,36.56081576883988,31.904875514998366,0.0
2024-08-11 22:45:00+00:00,58913.869,59170.4285,58913.869,58993.147,0.001102135,1.0,59152.08,60561.54789805164,59293.14637500015,58024.74485194866,-374.6532215319239,-392.77817969475126,40.17438637734611,33.0074769633114,0.001102135
2024-08-11 23:00:00+00:00,58883.8205,58898.7525,58799.8,58799.8,0.0,0.0,0.0,60416.696788235735,59218.52510000016,58020.35341176458,-362.2868941122797,-386.67992257825694,36.67189166542916,33.49606559026043,0.0
2024-08-11 23:15:00+00:00,58783.8715,58991.38,58783.8715,58991.38,9.8316e-05,1.0,58833.53,60251.091490227,59154.042350000156,58056.99320977331,-333.18681543178536,-375.98130114896264,42.06190525562582,34.63817754564248,9.8316e-05
2024-08-11 23:30:00+00:00,58948.915,59012.434,58832.654,58832.654,0.0,0.0,0.0,60078.74989318563,59085.63145000016,58092.51300681469,-319.25251087662764,-364.63554309449563,39.0931360153275,35.23217200826715,0.0
2024-08-11 23:45:00+00:00,58859.65,58885.05,58746.6905,58776.26,0.0,0.0,0.0,59862.40597640554,59012.87522500016,58163.344473594785,-309.19578211259795,-353.5475908981161,38.06515610486238,35.60990322114651,0.0
2024-08-12 00:00:00+00:00,58699.4695,58872.561,58663.0155,58872.561,0.0,0.0,0.0,59640.215153336045,58951.51445000017,58262.813746664295,-290.11084895430395,-340.86024250935367,40.922037469939326,36.31818778765222,0.0
2024-08-12 00:15:00+00:00,58948.355,59099.45,58651.2915,58651.2915,0.0,0.0,0.0,59512.575273599694,58900.01702500017,58287.45877640064,-289.5032876598634,-330.5888515394556,36.729754183472465,36.37306330709492,0.0
2024-08-12 00:30:00+00:00,58549.205,58549.205,58164.3555,58333.4425,0.014532637,3.0,58442.949646,59336.1333038895,58827.10032500017,58318.06734611083,-311.08357111681835,-326.68779545492816,31.705096990453818,35.750667798209435,0.014532637
2024-08-12 00:45:00+00:00,58399.126,58684.77,58399.126,58447.4225,0.0,0.0,0.0,59142.572735047856,58767.36020000017,58392.147664952485,-315.3536670319081,-324.4209697703242,35.132071930445264,35.66818834917421,0.0
2024-08-12 01:00:00+00:00,58489.887,58642.075,58306.995,58642.075,0.0,0.0,0.0,59103.3699441586,58747.20220000016,58391.03445584172,-299.57757503339235,-319.4522908229378,40.61272198462903,36.32745950056818,0.0
2024-08-12 01:15:00+00:00,58651.2265,58770.865,58515.4,58515.4,0.0,0.0,0.0,59108.59010087172,58740.05132500016,58371.5125491286,-293.90852774072846,-314.34353820649596,38.34235313496001,36.59611198515376,0.0
2024-08-12 01:30:00+00:00,58491.9345,58667.201,58348.618,58629.67,0.0,0.0,0.0,59105.36299787055,58733.80070000015,58362.238402129755,-277.00202598447504,-306.8752357620918,41.518349107417144,37.25241026812221,0.0
2024-08-12 01:45:00+00:00,58590.7405,58685.412,58509.7465,58616.41,0.0,0.0,0.0,59102.361211305564,58737.861200000145,58373.361188694726,-261.6572508081008,-297.83163877129357,41.252801480988374,37.78579576317103,0.0
2024-08-12 02:00:00+00:00,58641.6,58641.6,58399.5635,58612.123,0.009676401,1.0,58579.037,59102.66896352818,58736.26510000015,58369.86123647212,-246.99512494845112,-287.6643360067251,41.16114052333402,38.235841731192764,0.009676401
2024-08-12 02:15:00+00:00,58599.2945,58599.2945,58448.55,58538.707,0.172864282,1.0,58524.92,59103.67693019827,58727.28545000014,58350.89396980201,-238.54949215301895,-277.84136723598385,39.540828599423854,38.40983998029024,0.172864282
2024-08-12 02:30:00+00:00,58456.571,58480.9,58349.55,58399.035,0.000879682,1.0,58436.942,59087.38547157119,58699.73970000014,58312.09392842908,-240.35595657650993,-270.34428510408907,36.58979269443818,38.1671670088433,0.000879682
2024-08-12 02:45:00+00:00,58428.21,58750.505,58394.974,58729.3665,0.0,0.0,0.0,59040.5083926157,58684.38452500014,58328.26065738458,-212.68094771654432,-258.81161762658013,46.71803889229611,39.30728325997034,0.0
2024-08-12 03:00:00+00:00,58829.4895,58829.4895,58515.6115,58515.6115,0.008661753,1.0,58591.09,59038.61372169504,58675.12482500014,58311.63592830524,-205.62621487507568,-248.17453707627925,42.03878889644075,39.67148401149973,0.008661753
2024-08-12 03:15:00+00:00,58476.1285,58648.89,58476.1285,58648.89,0.026748049,2.0,58594.793735,59033.221092633496,58670.71060000013,58308.20010736676,-187.12378071295097,-235.9643858036136,45.6912842745062,40.47412404656726,0.026748049
2024-08-12 03:30:00+00:00,58635.9225,58692.327,58493.7865,58533.045,0.0,0.0,0.0,59009.1817897212,58653.91457500013,58298.647360279065,-179.73630345529818,-224.71876933395052,43.146230495474356,40.83040490642154,0.0
2024-08-12 03:45:00+00:00,58560.862,58604.014,58511.633,58527.33,0.001524441,1.0,58550.21,58953.47654342619,58630.62372500014,58307.77090657409,-172.3560143963914,-214.2462183464387,43.018925109648784,41.12220760018518,0.001524441
2024-08-12 04:00:00+00:00,58601.3925,58601.3925,58452.939,58452.939,0.0,0.0,0.0,58935.18293769877,58613.28067500014,58291.37841230151,-170.54389032578183,-205.50575274230732,41.31028364836135,41.14728440660867,0.0
2024-08-12 04:15:00+00:00,58454.3,58531.01,58383.682,58531.01,0.0,0.0,0.0,58862.775540251685,58590.26217500014,58317.7488097486,-160.95272884224687,-196.59514796229524,43.831656268627604,41.50520065487786,0.0
2024-08-12 04:30:00+00:00,58472.81,58640.1,58472.81,58640.1,0.0,0.0,0.0,58830.91185353211,58580.634475000144,58330.35709646818,-142.90173077004874,-185.85646452384594,47.2423324751186,42.27015156424329,0.0
2024-08-12 04:45:00+00:00,58665.664,58665.664,58532.8555,58532.8555,0.0,0.0,0.0,58802.66289555751,58568.46425000015,58334.26560444279,-135.68581796966464,-175.8223352130097,44.38871215308828,42.55262630942262,0.0
2024-08-12 05:00:00+00:00,58562.355,58632.985,58540.9,58609.093,0.001624085,1.0,58541.33,58745.001218987345,58555.29085000015,58365.580481012956,-122.40442397541483,-165.1387529654907,46.84666570272896,43.1251648951968,0.001624085
2024-08-12 05:15:00+00:00,58600.5105,58631.6,58530.6825,58627.945,0.000165958,1.0,58631.6,58741.732356488086,58554.123525000155,58366.514693512225,-109.09998795170395,-153.93099996273335,47.46501349125568,43.70381137467132,0.000165958
2024-08-12 05:30:00+00:00,58639.765,58676.715,58529.152,58529.152,0.0,0.0,0.0,58722.65012265104,58563.90900000016,58405.16787734928,-105.31390288524562,-144.2075805472358,44.54077054571936,43.81540593081106,0.0
2024-08-12 05:45:00+00:00,58467.628,58626.28,58436.95,58586.29,0.0,0.0,0.0,58720.49282104347,58570.852375000155,58421.21192895684,-96.5894213900392,-134.68394871579648,46.590251649124774,44.18538535991956,0.0
2024-08-12 06:00:00+00:00,58630.1705,58648.8,58470.127,58470.127,0.0,0.0,0.0,58714.27862353066,58562.25497500016,58410.231326469664,-97.91983137083298,-127.33112524680378,43.10283830834973,44.04104575304358,0.0
2024-08-12 06:15:00+00:00,58462.979,58517.9245,58378.605,58517.9245,0.0,0.0,0.0,58714.25314094007,58562.38120000016,58410.50925906026,-94.0333738757763,-120.67157497259828,44.929464634383535,44.15950160388891,0.0
2024-08-12 06:30:00+00:00,58529.2,58529.2,58296.798,58366.7855,0.025985843,3.0,58414.154639,58719.882756931875,58549.23697500017,58378.59119306846,-101.97349550927174,-116.93195907993297,40.50166432552872,43.67178996677422,0.025985843
2024-08-12 06:45:00+00:00,58309.655,58497.2285,58216.7985,58430.502,0.0,0.0,0.0,58715.131531452025,58539.94157500018,58364.75161854833,-101.94949968925357,-113.93546720179708,43.04974124911894,43.58885013775352,0.0
2024-08-12 07:00:00+00:00,58472.005,58472.005,58084.158064516,58120.1275,0.0,0.0,0.0,58765.29712602956,58515.341800000184,58265.38647397081,-125.52810125830729,-116.25399401309912,35.15239110935227,42.46398893396668,0.0
2024-08-12 07:15:00+00:00,58142.1435,58389.975,57693.6135,58348.728,0.014928816,5.0,58010.224088,58765.76512677887,58505.842850000176,58245.92057322148,-124.33490760148561,-117.87017673077642,43.38964666592744,42.58740996489478,0.014928816
2024-08-12 07:30:00+00:00,58321.21,58953.6805,58319.06,58681.015,0.001383371,1.0,58912.0,58785.685967191006,58519.94185000018,58254.19773280935,-95.47592217119382,-113.3913258188599,52.77916101750401,43.94631010524268,0.001383371
2024-08-12 07:45:00+00:00,58654.7,58820.884,58615.33,58704.731,0.0,0.0,0.0,58780.76261922087,58518.71007500017,58256.65753077947,-69.88568660990131,-104.69019797706818,53.37357924345809,45.2032793236714,0.0
2024-08-12 08:00:00+00:00,58729.362,59007.5405,58704.731,58785.6275,0.008284094,1.0,58729.362,58818.898006986026,58532.21087500018,58245.52374301433,-42.58665662187559,-92.26948970602966,55.434358864177,46.567423262405484,0.008284094
2024-08-12 08:15:00+00:00,58812.973,58891.895,58739.84,58770.47,0.00219905,1.0,58850.03,58839.40841174418,58538.28987500018,58237.17133825617,-21.922354988848383,-78.2000627625934,54.944348765235105,47.684346662782765,0.00219905
2024-08-12 08:30:00+00:00,58798.925,58873.71,58625.6265,58625.6265,0.0,0.0,0.0,58846.40979878683,58542.91895000018,58239.42810121353,-17.03701490612002,-65.96745319129873,50.36299655542982,48.041499981802374,0.0
2024-08-12 08:45:00+00:00,58659.775,58659.775,58258.352,58258.352,0.01496857,1.0,58504.94,58857.38813487451,58529.47005000018,58201.551965125844,-42.313565953481884,-61.23667574373536,41.02251298106611,47.10563504837087,0.01496857
2024-08-12 09:00:00+00:00,58321.61,58534.467,58321.61,58446.33,0.04,1.0,58534.467,58857.37866966752,58529.139600000184,58200.900530332845,-46.639529697669786,-58.31724653452225,46.492352536502835,47.02386404678847,0.04
2024-08-12 09:15:00+00:00,58519.535,58609.864,58202.605,58325.87,0.0002,1.0,58538.91,58858.857700612694,58518.882600000186,58178.90749938768,-59.1066576488447,-58.47512875738674,43.695645344031526,46.580101553087545,0.0002
2024-08-12 09:30:00+00:00,58301.1375,58377.1,58212.735,58377.1,0.0,0.0,0.0,58846.280847032445,58505.732600000185,58165.184352967924,-64.11404669721378,-59.60291234535215,45.20527496747231,46.39679134167218,0.0
2024-08-12 09:45:00+00:00,58309.045,58311.92,58234.785,58311.92,0.0,0.0,0.0,58845.18620738392,58494.68582500018,58144.18544261644,-72.50611450779252,-62.18355277784023,43.60341832879916,46.02434160662244,0.0
2024-08-12 10:00:00+00:00,58322.9445,58372.765,58223.521,58253.275,0.0,0.0,0.0,58838.3122606564,58476.89492500017,58115.47758934394,-82.93304952168546,-66.33345212660927,42.15599621051678,45.50856222047502,0.0
2024-08-12 10:15:00+00:00,58286.1895,58655.3,58286.1895,58655.3,0.0,0.0,0.0,58842.15476983089,58478.262675000165,58114.37058016944,-58.08682425312145,-64.6841265519117,53.541381080941065,46.57960473520383,0.0
2024-08-12 10:30:00+00:00,58674.533,58843.118,58583.1685,58774.1855,0.00151569,1.0,58839.2,58876.27743987589,58490.514350000165,58104.75126012444,-28.47470674352371,-57.4422425902341,56.281771480646135,47.87322696792947,0.00151569
2024-08-12 10:45:00+00:00,58741.96,59046.25,58741.08,58997.5265,0.003383218,62.0,58835.373488,58954.584546904334,58511.076175000155,58067.567803095975,12.866544373602665,-43.38048519746675,60.94270161187093,49.61582358712166,0.003383218
2024-08-12 11:00:00+00:00,59021.795,59420.9355,58923.88,59360.8685,0.004510193,54.0,59303.240708,59132.553024925575,58555.613250000155,57978.673475074735,74.09433320469543,-19.88552151703431,67.08982652010332,51.94569064485255,0.004510193
2024-08-12 11:15:00+00:00,59389.995,59563.95,59353.762,59563.95,0.001369614,1.0,59422.0,59332.47116345472,58607.91452500016,57883.3578865456,137.4206767822834,11.575718142829235,69.93776466238928,54.34463384719078,0.001369614
2024-08-12 11:30:00+00:00,59502.124,59862.172,59487.575,59771.9775,0.00019302,1.0,59722.0,59552.59768219367,58678.17412500016,57803.750567806645,202.06407215751824,49.67338894576704,72.55750939303724,56.77301725330364,0.00019302
2024-08-12 11:45:00+00:00,59683.3275,60002.9,59683.3275,59901.326,0.001322811,1.0,59933.0,59766.57252212125,58751.71532500016,57736.858127879066,260.7262813870402,91.88396743402167,74.07056894954508,59.07935747946917,0.001322811
2024-08-12 12:00:00+00:00,59880.1925,59880.1925,59671.1,59680.84,0.003051899,95.0,59750.940144,59877.82098185297,58829.75095000017,57781.680918147365,286.1268352689949,130.73254100101633,67.26270123399594,60.17046998007274,0.003051899
2024-08-12 12:15:00+00:00,59714.93,59796.095,59552.31,59780.605,0.003755097,131.0,59660.397662,60002.47882609814,58901.34480000017,57800.21077390221,310.72531098541367,166.7310949978958,68.66604019070667,61.30321267482393,0.003755097
2024-08-12 12:30:00+00:00,59812.495,59876.251,59603.825,59603.825,5.1501e-05,3.0,59676.666667,60084.57236904806,58947.485300000175,57810.39823095229,312.3544835725188,195.8557727128204,63.47381027624927,61.59262568834731,5.1501e-05
2024-08-12 12:45:00+00:00,59596.45,59737.689,59563.485,59737.689,0.0,0.0,0.0,60180.401767159725,58999.13320000018,57817.86463284063,320.74991527383827,220.83460122502396,65.59531889393246,62.126318115758664,0.0
2024-08-12 13:00:00+00:00,59764.8,59869.46,59638.3135,59757.071,0.010429997,1.0,59867.58,60269.07158051289,59047.70537500018,57826.339169487466,325.2184054640602,241.7113620728312,65.90410799344703,62.63002343278378,0.010429997
2024-08-12 13:15:00+00:00,59624.88,59626.1,59515.67,59515.67,0.97357252,4.0,59564.278387,60315.65967700564,59084.96537500018,57854.27107299472,305.7561068328796,254.52031102484088,58.82277391157478,62.122390163289246,0.97357252
2024-08-12 13:30:00+00:00,59479.365,59692.35,58794.6055,58794.6055,0.0071,1.0,59343.85,60313.65457058724,59093.41432500018,57873.17407941312,229.50265227189084,249.51677927425087,43.713646934359225,59.667891066098576,0.0071
2024-08-12 13:45:00+00:00,58800.65,58800.65,58036.2,58207.24,0.016885801,6.0,58368.272093,60318.27686977098,59090.85872500019,57863.44058022939,120.28913485491648,223.671250390384,35.6750921405493,56.468851209358675,0.016885801
2024-08-12 14:00:00+00:00,58204.01,59446.675,57865.1525,59349.625,0.009168267,7.0,58461.920383,60331.30771947384,59136.023475000184,57940.739230526524,124.48259972930828,203.83352025816885,53.56164067588415,56.08122313822874,0.009168267
2024-08-12 14:15:00+00:00,59323.9,59773.1965,59140.9785,59558.5115,0.207524357,3.0,59224.208542,60345.671172741466,59197.65555000018,58049.63992725889,143.01278332343645,191.66937287122238,55.97240575780775,56.06671415417261,0.207524357
2024-08-12 14:30:00+00:00,59579.9,60546.845,59447.955,60262.64,0.047324526,7.0,60314.877553,60464.35028816606,59291.932550000165,58119.51481183427,212.07075299606367,195.74964889619065,62.95387793221584,56.98500265791171,0.047324526
2024-08-12 14:45:00+00:00,60235.033,60381.5905,60110.1675,60263.023,0.027473719,2.0,60248.277581,60544.0498405459,59389.48770000017,58234.925559454445,263.7897918792223,209.357677492797,62.95731870508809,57.78131146420189,0.027473719
2024-08-12 15:00:00+00:00,60288.94,60465.778,60118.9,60157.042,0.0071,1.0,60149.217,60560.037621399766,59484.67605000017,58409.31447860057,292.8499301280899,226.05612801985558,61.261745513416535,58.24536933743051,0.0071
2024-08-12 15:15:00+00:00,60129.415,60380.903,59351.6,59616.976,0.0001,1.0,59527.1,60539.27961177618,59532.75985000017,58526.240088224156,269.1983355352859,234.68456952294164,53.373197919896775,57.59574648175935,0.0001
2024-08-12 15:30:00+00:00,59616.2815,59997.09,59406.29,59882.005,0.005331053,2.0,59686.195349,60542.15125291694,59588.15082500017,58634.1503970834,268.7420111616011,241.49605785067354,56.34405859641286,57.42885476371315,0.005331053
2024-08-12 15:45:00+00:00,59986.442,60221.335,59785.4695,60173.215,0.025359166,5.0,59948.017942,60592.97276568792,59646.93525000018,58700.897734312435,288.5523323940506,250.90731275934894,59.40474935429094,57.692307375790186,0.025359166
2024-08-12 16:00:00+00:00,60228.8,60378.9,59973.4645,59973.4645,0.017705798,3.0,60096.004299,60624.239057053586,59677.56505000017,58730.89104294676,284.85038085373526,257.6959263782262,56.47969006619638,57.53062506784435,0.017705798
2024-08-12 16:15:00+00:00,59941.7195,59979.1995,59701.685,59793.6355,0.0,0.0,0.0,60635.50424484097,59689.04932500018,58742.59440515939,264.35849995059834,259.02844109270063,53.90627767939843,57.04737874938489,0.0
2024-08-12 16:30:00+00:00,59827.9025,59969.2645,59694.62,59888.766,0.0,0.0,0.0,60644.753189469906,59694.88875000018,58745.024310530454,252.87973286180932,257.7986994465224,55.07248094385623,56.78405904198107,0.0
2024-08-12 16:45:00+00:00,59879.86,59905.413,59600.0095,59634.645,0.0,0.0,0.0,60626.92968383047,59681.55470000019,58736.17971616991,220.73281582230993,250.3855227216799,51.336022569078956,56.05765417892745,0.0
2024-08-12 17:00:00+00:00,59643.0385,59770.3275,59544.521,59640.15,0.0,0.0,0.0,60625.06769800033,59679.52020000018,58733.97270200003,193.47015642301267,239.00244946194647,51.41292635154826,55.43835713527689,0.0
2024-08-12 17:15:00+00:00,59759.35,59908.51,59578.38,59631.4295,0.0024,3.0,59839.62775,60616.654699060324,59672.06142500018,58727.46815094004,169.2100824614754,225.04397606185225,51.27469329324761,54.883201956339654,0.0024
2024-08-12 17:30:00+00:00,59669.224,59772.231,59669.224,59688.77,0.000162917,1.0,59725.9,60620.40024376915,59676.30867500019,58732.217106231226,152.8487529194026,210.6049314333623,52.18504274907077,54.52344739537047,0.000162917
2024-08-12 17:45:00+00:00,59693.17,59693.17,59293.13,59338.819,0.001415081,42.0,59485.97717,60611.2181818791,59656.36517500018,58701.51216812126,110.37186221926822,190.55831759054348,46.47776231428829,53.45068938455951,0.001415081
2024-08-12 18:00:00+00:00,59265.707,59474.25,59198.7125,59474.25,0.001514997,7.0,59251.920921,60599.06749897578,59642.22412500018,58685.38075102458,86.638060534322,169.7742661792992,48.8109813069045,52.832061640872176,0.001514997
2024-08-12 18:15:00+00:00,59490.647,59490.647,59215.3225,59239.605,0.006001207,1.0,59244.61,60600.01974600041,59628.420875000185,58656.82200399996,48.33775368105853,145.48696367965107,45.13938612177429,51.80637157165913,0.006001207
2024-08-12 18:30:00+00:00,59183.708,59188.7,58976.3405,59094.522,0.000144067,1.0,59000.0,60571.35250213948,59643.416700000176,58715.48089786087,6.205960520455847,117.63076304781202,42.98631972167336,50.63036465832769,0.000144067
2024-08-12 18:45:00+00:00,58994.89,58994.89,58503.895,58537.6465,0.025081121,3.0,58556.172341,60491.801204210555,59659.93702500018,58828.07284578981,-71.29711914122163,79.84518661000529,35.90678707475698,48.667220980518266,0.025081121
2024-08-12 19:00:00+00:00,58569.15,59055.5,58569.15,59055.5,0.0,0.0,0.0,60508.331597827375,59645.23077500018,58782.12995217298,-89.89615170645266,45.8969189467137,44.98120696634064,48.175752445294584,0.0
2024-08-12 19:15:00+00:00,59160.33,59284.845,59160.33,59198.2455,0.0,0.0,0.0,60511.581786322065,59627.21747500017,58742.85316367828,-92.05648033498437,18.30623909037408,47.2003145478838,48.04569405897315,0.0
2024-08-12 19:30:00+00:00,59194.75,59239.4745,59007.9045,59007.9045,0.0,0.0,0.0,60437.5866377504,59564.480700000175,58691.37476224995,-107.88386623670522,-6.931781975041779,44.61618470492282,47.588426145099774,0.0
2024-08-12 19:45:00+00:00,58926.55,59166.245,58882.102,59067.4815,0.006040406,3.0,58883.394956,60341.262144013104,59504.70362500018,58668.14510598725,-114.30221284077561,-28.405868148188546,45.61974085972304,47.325934773716206,0.006040406
2024-08-12 20:00:00+00:00,59059.7185,59253.8,59059.7185,59234.645,0.001,2.0,59242.332,60246.491926095456,59458.58377500018,58670.67562390491,-104.69326259790978,-43.66334703813279,48.442650024949934,47.47483014054737,0.001
2024-08-12 20:15:00+00:00,59234.9755,59253.849,59162.777,59162.777,0.0,0.0,0.0,60230.36674346208,59435.87382500018,58641.380906538274,-101.70485699341225,-55.27164902918868,47.305683342981325,47.452277234205226,0.0
2024-08-12 20:30:00+00:00,59123.0,59363.325,59098.071,59363.325,0.0,0.0,0.0,60177.90777315925,59409.93982500018,58641.97187684112,-82.20635280762508,-60.65858978487596,50.77745661373434,47.89563448480911,0.0
2024-08-12 20:45:00+00:00,59270.67,59317.336,58747.538,58879.0525,0.0072,2.0,59282.722222,60061.38578638891,59345.23170000018,58629.077613611444,-104.6243469320616,-69.45174121431309,43.350106403911376,47.28956407402274,0.0072
2024-08-12 21:00:00+00:00,58821.6155,58821.6155,58607.27,58780.2,0.0,0.0,0.0,59980.94948422162,59285.568475000175,58590.18746577873,-128.88167170839733,-81.33772731312993,41.99961808462144,46.58423794210257,0.0
2024-08-12 21:15:00+00:00,58781.3775,58788.2255,58683.835,58788.2255,0.0071,1.0,58708.1,59921.8035043927,59235.29797500017,58548.792445607636,-145.77775041682617,-94.22573193386918,42.15716842090875,45.993962005943395,0.0071
2024-08-12 21:30:00+00:00,58804.45,59202.74,58804.45,59049.5145,0.0,0.0,0.0,59814.41946762689,59193.33540000017,58572.25133237345,-136.51056706397503,-102.68269895989036,47.18710137887643,46.1530472556678,0.0
2024-08-12 21:45:00+00:00,59008.989,59232.87,58972.3885,58992.885,0.0,0.0,0.0,59753.45690688617,59161.24740000017,58569.03789311417,-132.21173033950618,-108.58850523581353,46.24842501374852,46.16576429007856,0.0
2024-08-12 22:00:00+00:00,59033.3,59241.4365,59033.3,59149.53,0.0,0.0,0.0,59686.68270772494,59136.71640000017,58586.750092275404,-114.84111204723013,-109.83902659809685,49.25547251728324,46.57772538703919,0.0
2024-08-12 22:15:00+00:00,59197.96,59284.45,59072.945,59171.3975,0.0,0.0,0.0,59615.35111318292,59113.71480000017,58612.078486817416,-98.17850669519248,-107.50692261751598,49.67869455645423,46.99118794296119,0.0
2024-08-12 22:30:00+00:00,59075.615,59075.615,58952.47,58952.47,5.6251e-05,1.0,59020.77,59507.341310896096,59076.89980000017,58646.45828910424,-101.46921752541675,-106.29938159909614,45.58005460008557,46.803036830577774,5.6251e-05
2024-08-12 22:45:00+00:00,58914.6035,59135.3,58878.6815,59070.79,0.0,0.0,0.0,59476.836748070134,59063.49835000017,58650.1599519302,-93.45243293343083,-103.72999186596307,48.07350717241069,46.972432876155494,0.0
2024-08-12 23:00:00+00:00,59102.88,59324.976,58998.98,59318.313,0.026390646,7.0,59161.748907,59442.803793214065,59055.70150000018,58668.59920678629,-66.36106685214327,-96.25620686319911,52.93209401790718,47.76705436172239,0.026390646
2024-08-12 23:15:00+00:00,59407.15,59721.1445,59298.38,59302.5765,0.003796325,5.0,59303.871884,59452.84739095213,59058.85007500018,58664.852759048226,-45.63471944541379,-86.13190937964205,52.595160641205084,48.41080186565341,0.003796325
2024-08-12 23:30:00+00:00,59345.4895,59533.865,59345.4895,59416.7,0.0,0.0,0.0,59498.69558524174,59074.958975000176,58651.222364758614,-19.772205443608982,-72.85996859243544,54.840222798589835,49.26805799004494,0.0
2024-08-12 23:45:00+00:00,59391.489,59391.489,59321.29,59354.834,0.0071,1.0,59321.29,59477.480937946966,59115.818350000176,58754.155762053386,-4.2194072320126,-59.13185632035087,53.36478107483062,49.81428773468303,0.0071
2024-08-13 00:00:00+00:00,59324.546,59657.1,59324.546,59392.592,0.004399,2.0,59618.141519,59512.48420227763,59132.672950000175,58752.86169772272,11.025952132993552,-45.10029462968198,54.175118375020524,50.39573182006136,0.004399
2024-08-13 00:15:00+00:00,59463.815,59632.8955,59337.34,59632.8955,0.0001,1.0,59453.934,59592.07193166295,59154.40545000018,58716.73896833741,42.01418010121415,-27.677399683502756,59.05178013385416,51.54987159523373,0.0001
2024-08-13 00:30:00+00:00,59702.4725,59702.4725,59474.705,59546.61,0.0,0.0,0.0,59645.153498811174,59181.34072500019,58717.52795118921,58.930738422735885,-10.355772062255026,56.71776948643799,52.2389246473943,0.0
2024-08-13 00:45:00+00:00,59576.3455,59903.24,59520.715,59825.145,0.0,0.0,0.0,59757.44853120132,59219.223900000194,58680.99926879907,93.73219308008265,10.46182096621251,61.94644523118892,53.53326072523358,0.0
2024-08-13 01:00:00+00:00,59853.437,59920.5,59542.2795,59581.23,0.033319723,7.0,59770.891811,59797.48689228595,59236.55315000019,58675.619407714425,100.47251005571889,28.463958784113785,55.61088138830215,53.81027681364272,0.033319723
2024-08-13 01:15:00+00:00,59563.31,59698.4215,59536.665,59565.5805,0.003862072,2.0,59564.699439,59834.2635562174,59256.69332500019,58679.12309378298,103.36000614710792,43.44316825671262,55.22065460539447,53.99832718587629,0.003862072
2024-08-13 01:30:00+00:00,59611.6,59677.788,59611.6,59677.6565,0.0,0.0,0.0,59877.19685851386,59272.40990000019,58667.622941486516,113.38493321418355,57.431521248206806,57.51967068851215,54.467839652894405,0.0
2024-08-13 01:45:00+00:00,59758.626,59820.625,59704.515,59739.67,0.0,0.0,0.0,59924.604982548,59315.440775000185,58706.27656745237,124.89403068024694,70.92402313461483,58.780694375635036,55.042886949259824,0.0
2024-08-13 02:00:00+00:00,59803.533,59803.533,59463.5975,59480.571,0.00364686,1.0,59480.2,59911.11331559942,59350.45932500019,58789.80533440097,111.81896994078124,79.1030124958481,51.85462208704957,54.61778496763179,0.00364686
2024-08-13 02:15:00+00:00,59451.602,59577.1415,59362.133,59577.1415,0.0,0.0,0.0,59895.043323442405,59389.90512500019,58884.76692655797,108.00431585783372,84.88327316824522,54.02883104929713,54.5392577785205,0.0
2024-08-13 02:30:00+00:00,59555.965,59616.682,59427.21,59478.8,0.001726768,1.0,59540.05,59892.75182942981,59411.369400000185,58929.98697057056,95.9399023642618,87.09459900744854,51.47932214591749,54.1312663608401,0.001726768
2024-08-13 02:45:00+00:00,59450.636,59521.421,59412.444,59479.985,0.0,0.0,0.0,59877.62049724794,59435.724400000196,58993.82830275245,85.4889242440695,86.77346405477273,51.50901542561988,53.781632902810735,0.0
2024-08-13 03:00:00+00:00,59513.93,59515.58,59022.31,59198.874,0.003763953,2.0,59165.961481,59874.18011812645,59438.191600000195,59002.20308187394,53.901794101533596,80.1991300641249,44.5447958480174,52.55005462883829,0.003763953
2024-08-13 03:15:00+00:00,59131.054,59417.1815,59131.054,59295.542,0.0001,1.0,59373.58,59868.386835077465,59444.39882500019,59020.41081492292,36.25118451291928,71.40954095388378,47.18904749981073,51.83525367830128,0.0001
2024-08-13 03:30:00+00:00,59264.9175,59322.09,59048.1515,59048.1515,0.0,0.0,0.0,59852.51635749586,59449.18290000019,59045.84944250452,2.274385723969317,57.582509907900885,41.70798613145369,50.4849513387216,0.0
2024-08-13 03:45:00+00:00,58905.1,59015.24,58905.1,58985.3625,5.1179e-05,1.0,59008.28,59865.61870902819,59444.91152500019,59024.204340972195,-29.38034136963688,40.18993965239333,40.42460838016446,49.143572277580645,5.1179e-05
2024-08-13 04:00:00+00:00,59048.862,59048.862,58864.0,58962.1815,0.0,0.0,0.0,59895.21439910862,59427.10495000018,58958.995500891746,-55.69543135614367,21.01286545068593,39.936030873389,47.915900090355095,0.0
2024-08-13 04:15:00+00:00,58957.516,59174.518,58957.516,59121.5325,0.0,0.0,0.0,59902.17269847548,59418.052750000184,58933.93280152489,-62.96620064635499,4.217052231277745,44.86881682254032,47.509622321313124,0.0
2024-08-13 04:30:00+00:00,59168.375,59254.1195,59151.3235,59245.9,0.0,0.0,0.0,59899.418195970255,59409.51275000018,58919.60730403011,-58.02405464129697,-8.2311691432372,48.42860315919106,47.63215309969685,0.0
2024-08-13 04:45:00+00:00,59176.805,59254.038,59176.805,59228.225,0.0,0.0,0.0,59898.98684225567,59403.18230000018,58907.377757744696,-54.900731649962836,-17.565081644582328,47.95469417072211,47.67515857583355,0.0
2024-08-13 05:00:00+00:00,59195.65,59248.985,59119.031,59235.0925,0.0072,1.0,59178.8,59896.508370964584,59395.30732500019,58894.1062790358,-51.280199600914784,-24.30810523584882,48.16693251226257,47.740728434024085,0.0072
2024-08-13 05:15:00+00:00,59182.277,59302.19,59125.6835,59302.19,0.003665812,1.0,59270.0,59869.234450461474,59378.77205000018,58888.30964953889,-42.50670355564216,-27.94782489980749,50.29946519007553,48.081893334830944,0.003665812
2024-08-13 05:30:00+00:00,59289.493,59291.12,59236.5725,59291.12,0.003642,1.0,59289.493,59851.59334461273,59365.99755000018,58880.40175538763,-36.03155191269616,-29.564570302385224,49.9344465943771,48.328900436103766,0.003642
2024-08-13 05:45:00+00:00,59318.46,59383.1,59184.79,59224.725,0.028821836,8.0,59261.388035,59776.46099295919,59335.97655000018,58895.49210704117,-35.844278666365426,-30.820511975181265,47.69866053612444,48.244868449439856,0.028821836
2024-08-13 06:00:00+00:00,59185.204,59342.9645,59138.08,59219.5465,0.024782514,7.0,59221.784351,59746.14432806951,59317.892375000185,58889.64042193086,-35.70217251991562,-31.796844084128136,47.519946265842506,48.148212158293546,0.024782514
2024-08-13 06:15:00+00:00,59195.3265,59213.675,59027.458,59075.0055,0.0,0.0,0.0,59718.24245756065,59293.36362500019,58868.484792439725,-46.71430961292208,-34.78033718988692,42.70985911243761,47.42309841884609,0.0
2024-08-13 06:30:00+00:00,59165.145,59273.41,59056.4815,59270.328,0.0,0.0,0.0,59659.562566451146,59272.99720000018,58886.43183354921,-39.22841349361988,-35.66995245063352,50.065545682590106,47.77542472067862,0.0
2024-08-13 06:45:00+00:00,59287.6185,59474.35,59287.6185,59412.09,0.0,0.0,0.0,59586.27310580647,59256.618200000186,58926.963294193905,-21.607698146661278,-32.85750158983907,54.61965412201039,48.68798864085619,0.0
2024-08-13 07:00:00+00:00,59369.3355,59419.0735,59288.545,59411.955,0.039972414,2.0,59366.88205,59574.777524734054,59253.18740000019,58931.59727526633,-7.566822041248088,-27.79936568012087,54.61454589714921,49.478196275028594,0.039972414
2024-08-13 07:15:00+00:00,59433.4705,59433.4705,59139.1295,59139.1295,0.0,0.0,0.0,59519.58222544881,59231.2868000002,58942.99137455159,-18.243761593519594,-25.888244862800615,45.37812911088787,48.93152065314317,0.0
2024-08-13 07:30:00+00:00,59108.434,59298.83,59108.434,59283.41,0.0,0.0,0.0,59488.01924854115,59221.517300000196,58955.01535145924,-14.891423503773694,-23.688880590995232,50.176933133791636,49.097575650562966,0.0
2024-08-13 07:45:00+00:00,59287.297,59331.493,59224.5255,59251.045,0.0,0.0,0.0,59449.470425249856,59210.07030000018,58970.67017475051,-14.677068322307605,-21.886518137257706,49.13412990153657,49.10244955069278,0.0
2024-08-13 08:00:00+00:00,59245.7455,59284.2265,59134.935,59284.2265,0.0,0.0,0.0,59455.82151957037,59214.33792500019,58972.85433043001,-11.694908925754135,-19.848196294956992,50.27510769871461,49.25880397042903,0.0
2024-08-13 08:15:00+00:00,59315.26,59315.26,59033.883,59046.287,0.0074,1.0,59084.8,59450.91823998573,59201.87517500019,58952.83211001465,-28.206112715619383,-21.51977957908947,42.85212727995787,48.40458041169954,0.0074
2024-08-13 08:30:00+00:00,59059.151,59076.783,58956.9,59076.783,0.0,0.0,0.0,59449.10680570238,59203.3067500002,58957.50669429802,-38.38807451433968,-24.893438566139512,43.99349296344222,47.816435418598566,0.0
2024-08-13 08:45:00+00:00,59057.3495,59109.46,58981.4095,59109.46,0.0,0.0,0.0,59438.695325917215,59209.511625000196,58980.327924083176,-43.32121182655828,-28.578993218223268,45.25518032904708,47.4749347399917,0.0
2024-08-13 09:00:00+00:00,59074.835,59087.6,58896.775,59004.8,0.0,0.0,0.0,59432.218924831664,59211.6425500002,58991.06617516874,-55.04146229253092,-33.8714870330848,41.9922650126533,46.74391210967992,0.0
2024-08-13 09:15:00+00:00,59026.7,59026.7,58753.456,59003.929,0.000248597,2.0,58969.397074,59441.390579696475,59205.7623750002,58970.13417030393,-63.666223058833566,-39.83043423823455,41.9651475927773,46.10674350742624,0.000248597
2024-08-13 09:30:00+00:00,58966.274,59096.633,58831.87,58831.87,0.005304452,2.0,58907.890682,59470.44366751328,59185.060875000214,58899.678082487146,-83.42347752748901,-48.549042896085446,36.89633518328802,44.87868906420781,0.005304452
2024-08-13 09:45:00+00:00,58849.7105,58995.5025,58849.7105,58995.5025,0.0,0.0,0.0,59469.59292488778,59173.4247500002,58877.256575112624,-84.89880820774852,-55.81899595841806,43.843311360213654,44.74063870367526,0.0
2024-08-13 10:00:00+00:00,58889.192,58938.3865,58838.85,58842.25,0.0,0.0,0.0,59481.42129220345,59153.7826250002,58826.14395779696,-97.31245693776873,-64.11768815428819,39.46164687971376,44.03677312714706,0.0
2024-08-13 10:15:00+00:00,58810.0705,58810.0705,58465.3,58731.5525,0.011811141,2.0,58655.415309,59493.138682102144,59125.2507500002,58757.36281789826,-114.75984603465622,-74.2461197303618,36.61514510311329,43.047222723942554,0.011811141
2024-08-13 10:30:00+00:00,58720.09,58764.0915,58603.25,58721.345,0.000381101,1.0,58724.303,59495.786491027146,59096.7620000002,58697.73750897325,-127.93592186800379,-84.98408015789019,36.35473162665676,42.15489057763778,0.000381101
2024-08-13 10:45:00+00:00,58691.71,58774.5645,58683.525,58686.85,0.0,0.0,0.0,59501.907730789644,59069.868250000196,58637.82876921075,-139.552836872841,-95.89783150088036,35.4374831285994,41.25923625109933,0.0
2024-08-13 11:00:00+00:00,58754.739,58809.762,58633.52,58731.9625,0.0,0.0,0.0,59495.64021889963,59045.48905000019,58595.33788110076,-143.46534478976537,-105.41133415865735,37.65296056436361,40.778399492867905,0.0
2024-08-13 11:15:00+00:00,58761.5965,58792.245,58704.19,58733.3,0.0,0.0,0.0,59498.28312631866,59028.4037750002,58558.524423681745,-144.78907213447383,-113.28688175382065,37.721195804297736,40.37077233439188,0.0
2024-08-13 11:30:00+00:00,58760.983,58850.8,58726.518,58848.014,0.0,0.0,0.0,59469.67940462129,59007.2880750002,58544.89674537911,-135.0251881779477,-117.63454303864606,43.43885656215779,40.77985023142733,0.0
2024-08-13 11:45:00+00:00,58865.0535,58865.0535,58776.05,58857.47,0.0,0.0,0.0,59406.693914535565,58979.55707500019,58552.42023546482,-125.08234817578341,-119.12410406607353,43.89609938661921,41.19535011878625,0.0
2024-08-13 12:00:00+00:00,58829.352,59034.24,58829.352,58992.939,0.0,0.0,0.0,59337.19887620244,58958.60627500019,58580.013673797934,-105.06029007522739,-116.3113412679043,50.117575231023515,42.38498013375122,0.0
2024-08-13 12:15:00+00:00,58947.775,58947.775,58821.7,58884.7225,0.0,0.0,0.0,59316.37096377718,58945.885925000184,58575.400886223186,-96.80887942577829,-112.41084889947909,45.75285139820559,42.83402963567847,0.0
2024-08-13 12:30:00+00:00,59150.445,59167.515,58813.65,58904.566,0.0,0.0,0.0,59263.66453396604,58926.943725000194,58590.22291603435,-87.65790664430097,-107.46026044844346,46.670016753645776,43.34549458474078,0.0
2024-08-13 12:45:00+00:00,58911.755,59193.29,58911.755,59168.774,0.0001,1.0,59128.54,59245.322449483305,58922.8301750002,58600.337900517094,-58.41296891927777,-97.65080214261033,57.07600311551592,45.176229055510795,0.0001
2024-08-13 13:00:00+00:00,59161.35,59216.618,59029.7,59029.7,0.00221907,1.0,59196.1,59192.09002141736,58910.10385000019,58628.11767858302,-45.9288157852061,-87.30640487112949,51.39155591119341,46.00493930293514,0.00221907
2024-08-13 13:15:00+00:00,58935.8005,59087.2,58907.03,58907.03,0.0,0.0,0.0,59178.1228092019,58903.14100000019,58628.159190798484,-45.41001984500326,-78.92712786590424,46.94988554333606,46.1309321349886,0.0
2024-08-13 13:30:00+00:00,58875.0735,59288.785,58875.0735,59221.0,0.055135781,3.0,59096.056354,59209.656995135265,58910.35185000019,58611.04670486511,-19.440022799601138,-67.02970685264361,57.15635312843792,47.60098826744851,0.055135781
2024-08-13 13:45:00+00:00,59236.02,59416.7695,59236.02,59406.05,0.0,0.0,0.0,59285.62334772973,58925.18135000019,58564.73935227065,15.890203065595415,-50.4457248689958,61.81889981616617,49.496709807277526,0.0
2024-08-13 14:00:00+00:00,59370.108,59574.24,59291.238,59574.24,0.044,3.0,59448.738909,59411.54352780941,58953.65335000019,58495.76317219097,56.806360617352766,-28.99530777172609,65.49444330367079,51.62974094012996,0.044
2024-08-13 14:15:00+00:00,59633.475,59666.525,59453.0605,59459.685,0.034323298,3.0,59533.389575,59484.66782932949,58976.44115000019,58468.214470670886,79.07752268078184,-7.380741681224502,61.174833802646745,52.90241998846553,0.034323298
2024-08-13 14:30:00+00:00,59309.61,59544.0,59135.754,59508.807,0.026283878,1.0,59232.61,59563.65445789904,59010.28800000019,58456.921542101336,99.5438345802686,14.00417357107412,62.322379976202015,54.15841465349706,0.026283878
2024-08-13 14:45:00+00:00,59538.98,59781.771,59512.1,59656.982,0.002808881,3.0,59653.476684,59664.19833762707,59043.361975000196,58422.52561237332,126.26451957753306,36.45624277236591,65.62308923223428,55.68703793066202,0.002808881
2024-08-13 15:00:00+00:00,59687.63,59747.33,59493.459,59549.557,0.052961072,2.0,59575.189791,59729.567115278536,59078.727325000196,58427.887534721856,137.19110161723802,56.603214541340336,61.42199125011552,56.45169837325582,0.052961072
2024-08-13 15:15:00+00:00,59607.22,59607.22,59420.65,59534.004,0.000326541,1.0,59596.7,59778.0178959237,59118.84990000019,58459.68190407668,142.94768752734672,73.87210913854162,60.81496137175798,57.03346677305611,0.000326541
2024-08-13 15:30:00+00:00,59540.7,59540.7,59401.78,59496.8205,0.0,0.0,0.0,59809.89597253199,59157.62367500019,58505.351377468396,142.86259457911365,87.67020622665602,59.30590693799312,57.33645879504771,0.0
2024-08-13 15:45:00+00:00,59468.996,59545.455,59412.884,59545.455,0.0,0.0,0.0,59836.041282376435,59200.55392500019,58565.066567623944,145.04753777261794,99.1456725358484,60.680216170844716,57.78229311182064,0.0
2024-08-13 16:00:00+00:00,59522.3,59799.9075,59522.3,59799.9075,0.001144322,2.0,59522.3,59902.309465615115,59253.95117500019,58605.59288438527,165.40462958778517,112.39746394623576,66.96602144419361,59.00679022280371,0.001144322
2024-08-13 16:15:00+00:00,59828.315,60080.004,59764.25,59925.517,0.0015245,2.0,59920.938589,59978.4975568487,59313.56202500019,58648.62649315168,189.48909605736117,127.81579036846084,69.55355966558754,60.41302614850822,0.0015245
2024-08-13 16:30:00+00:00,59951.076,60656.45,59921.71,60601.0025,0.001486668,2.0,60423.440677,60237.61038431353,59401.21145000019,58564.812515686855,260.08415558699926,154.26946341216853,79.05492531521926,62.8986127040697,0.001486668
2024-08-13 16:45:00+00:00,60690.53,61186.3445,60659.2415,61186.3445,0.10702905,5.0,60923.911362,60623.79063745869,59517.65517500018,58411.519712541674,359.12370187845227,195.2403111054253,83.7789049475137,65.68265166986222,0.10702905
2024-08-13 17:00:00+00:00,61220.934,61385.225,61000.42,61385.225,0.000934189,6.0,61140.604174,60982.18706936582,59637.26947500019,58292.35188063456,448.4913213161635,245.89051314757293,85.01552118470795,68.26036760517499,0.000934189
2024-08-13 17:15:00+00:00,61415.85,61437.9085894205,61182.73,61339.448,0.088779821,3.0,61388.924165,61248.21390718188,59760.0057500002,58271.79759281852,509.74594826803514,298.6616001716654,83.43877245573452,70.28415491858293,0.088779821
2024-08-13 17:30:00+00:00,61358.565,61576.33,61321.8785,61576.33,0.001524678,2.0,61461.876887,61523.572972392096,59893.5939500002,58263.6149276083,570.8249642757073,353.09427299247375,84.99012583530413,72.24495104081242,0.001524678
2024-08-13 17:45:00+00:00,61481.6025,61592.28,60954.382,61195.314,0.179086389,3.0,61214.123494,61682.992392639295,59994.920950000196,58306.8495073611,581.7793276517914,398.8312839243373,73.12482186531008,72.36226715074544,0.179086389
2024-08-13 18:00:00+00:00,61223.6405,61223.6405,61022.4095,61149.088,0.0,0.0,0.0,61799.347638220395,60100.8903500002,58402.43306178,580.0442980729276,435.07388675405537,71.81487822808411,72.28928196105726,0.0
2024-08-13 18:15:00+00:00,61123.946,61149.088,60902.055,61000.829,0.003364046,1.0,61123.946,61854.16594384163,60205.58030000019,58556.99465615875,560.2478242083089,460.10867424490607,67.63032861649901,71.66808818178282,0.003364046
2024-08-13 18:30:00+00:00,60955.2575,61093.7485,60914.41,60999.57,0.000398259,1.0,61080.78,61912.657670759196,60294.5088000002,58676.359929241204,538.2527426994711,475.7374879358191,67.5943094403395,71.12491768292371,0.000398259
2024-08-13 18:45:00+00:00,60976.45,60976.45,60779.6,60843.7365,0.041474747,4.0,60899.911696,61947.59353881427,60366.3931250002,58785.19271118613,502.45503219882085,481.08099678841944,63.113713414620335,70.05675711381659,0.041474747
2024-08-13 19:00:00+00:00,60812.75,60825.055,60622.315,60622.315,0.026283878,1.0,60726.32,61960.48686430504,60418.7968750002,58877.10688569535,451.0191560835083,475.0686286474372,57.3015760746098,68.35606630858902,0.026283878
2024-08-13 19:15:00+00:00,60531.296,60788.939,60268.922,60788.939,0.000951113,2.0,60360.404505,61969.36226078247,60485.25957500019,59001.15688921791,418.8725163226918,463.8294061824881,60.266867558520296,67.27750647524653,0.000951113
2024-08-13 19:30:00+00:00,60920.635,60920.635,60697.255,60704.397,0.0,0.0,0.0,61961.788433012814,60545.03907500019,59128.289716987565,382.16883541239804,447.4972920284701,58.06354178720484,66.0489778501743,0.0
2024-08-13 19:45:00+00:00,60746.89,60958.61,60746.89,60856.0495,0.0171242,7.0,60915.579795,61966.762451849674,60604.99245000018,59243.222448150686,361.15482517883356,430.2287986585428,60.829948188877424,65.35310722866805,0.0171242
2024-08-13 20:00:00+00:00,60861.115,60974.263,60825.8335,60882.595,0.0,0.0,0.0,61948.07353807595,60671.64435000018,59395.2151619244,342.6927222872546,412.72158338428517,61.311050221885,64.81416629443031,0.0
2024-08-13 20:15:00+00:00,60833.5,60833.5,60672.32,60677.7,0.000431868,1.0,60833.5,61893.88420782108,60728.82915000018,59563.77409217928,307.9778813062512,391.7728429686784,55.631321933777535,63.58978704634327,0.000431868
2024-08-13 20:30:00+00:00,60662.36,60796.8205,60662.36,60696.167,0.0,0.0,0.0,61808.410749103765,60788.79647500018,59769.18220089659,278.7430756224785,369.1668894994384,56.02671350048225,62.58137724022846,0.0
2024-08-13 20:45:00+00:00,60749.827,60749.827,60606.77,60606.77,0.0,0.0,0.0,61693.799133164706,60841.86222500018,59989.92531683565,245.53036945289205,344.43958549012916,53.53937173475779,61.37577650616571,0.0
2024-08-13 21:00:00+00:00,60637.73,60665.22,60537.6,60640.865,0.0,0.0,0.0,61597.82217261679,60883.910100000176,60169.99802738356,219.4307806368015,319.4378245194636,54.37138459320388,60.441857584437464,0.0
2024-08-13 21:15:00+00:00,60716.295,60912.708,60666.9915,60859.155,0.0,0.0,0.0,61493.95045111794,60930.59200000018,60367.23354888242,213.8951964573862,298.32929890704816,59.38611226560504,60.301091541926475,0.0
2024-08-13 21:30:00+00:00,60877.515,61132.82,60801.35,60985.89,0.012755336,1.0,61027.9,61492.77015239091,60949.83637500017,60406.902597609434,217.23056273895781,282.1095516734301,61.99749033657051,60.527278047879015,0.012755336
2024-08-13 21:45:00+00:00,61011.491,61085.052,60921.04,61029.205,0.0,0.0,0.0,61475.46118552873,60941.979400000186,60408.49761447164,220.8235071163872,269.8523427620215,62.876058973595796,60.840448837974584,0.0
2024-08-13 22:00:00+00:00,61049.5875,61080.854,60618.636,60655.3055,0.01995,1.0,60618.636,61411.860797450056,60905.48342500018,60399.106052550305,191.29524408312864,254.14092302624294,51.75350684390384,59.628856572098485,0.01995
2024-08-13 22:15:00+00:00,60631.582,60700.0,60495.555,60634.34,0.003102878,47.0,60646.4044,61348.22904103134,60870.22802500018,60392.227008969014,164.30810074842884,236.1743585706801,51.20651683247907,58.505877940149226,0.003102878
2024-08-13 22:30:00+00:00,60648.745,60736.763,60582.574,60675.185,0.007017512,22.0,60656.447568,61183.300227452535,60825.17077500018,60467.041322547826,144.55016109020653,217.8495190745854,52.26502609254805,57.67376436046907,0.007017512
2024-08-13 22:45:00+00:00,60721.7,60721.7,60589.15,60589.15,0.000450958,1.0,60617.621,61123.98613327905,60794.862575000174,60465.739016721294,120.55980767034634,198.39157679373758,49.813691936461474,56.625754703934724,0.000450958
2024-08-13 23:00:00+00:00,60607.111,60632.098,60564.8855,60564.8855,0.0,0.0,0.0,61066.305325690606,60765.65245000018,60464.99957430976,98.45441615711752,178.40414466641357,49.114046621870486,55.62419362632616,0.0
2024-08-13 23:15:00+00:00,60577.301,60583.949,60550.615,60550.615,0.0,0.0,0.0,61037.338698060186,60743.141750000184,60448.94480194018,78.87500210935104,158.49831615500108,48.680993514541164,54.69843361142149,0.0
2024-08-13 23:30:00+00:00,60452.855,60452.855,60452.855,60452.855,0.0,0.0,0.0,61011.2126033524,60715.80600000018,60420.39939664796,54.83762640686473,137.76617820537382,45.70774041905638,53.499674519106144,0.0
2024-08-13 23:45:00+00:00,60434.0765,60645.545,60433.24,60599.315,0.0,0.0,0.0,60997.027305464595,60703.584925000185,60410.142544535775,47.063413233612664,119.62562521102159,50.57782823855608,53.110095015032805,0.0
2024-08-14 00:00:00+00:00,60627.53,60663.1285,60476.7275,60655.7495,0.01313593,2.0,60642.899296,60997.20516845751,60705.256650000185,60413.30813154286,44.93806771914387,104.68811371264604,52.351441697634584,53.00894123937971,0.01313593
2024-08-14 00:15:00+00:00,60560.665,60631.15,60530.453,60606.684,0.0,0.0,0.0,60988.452871652255,60696.14390000018,60403.8349283481,38.84673926513642,91.51983882314411,50.64956117616373,52.694357230950914,0.0
2024-08-14 00:30:00+00:00,60609.675,60819.826,60609.675,60737.14,0.0,0.0,0.0,60990.622862562304,60697.781050000165,60404.939237438026,44.03837948760338,82.02354695603597,54.85208897361079,52.9820547966389,0.0
2024-08-14 00:45:00+00:00,60732.032,60851.9,60716.1785,60812.7635,0.0229675,2.0,60778.343392,60984.35885416575,60695.61675000016,60406.87464583457,53.63668587856955,76.3461747405427,57.13106456333298,53.53525609886478,0.0229675
2024-08-14 01:00:00+00:00,60777.137,60777.137,60656.95,60705.26,0.0,0.0,0.0,60962.58319408011,60686.75000000016,60410.91680592021,51.96970443698228,71.47088067983061,53.03282546218099,53.46826534730694,0.0
2024-08-14 01:15:00+00:00,60656.6235,60677.145,60590.3795,60599.215,0.0,0.0,0.0,60961.28301197555,60682.82575000017,60404.36848802479,41.611987302552734,65.49910200437503,49.27767405401288,52.9095198415344,0.0
2024-08-14 01:30:00+00:00,60607.055,60776.135,60601.735,60744.515,4.899e-05,1.0,60626.63,60964.95833796482,60685.24315000017,60405.52796203552,44.61363926500053,61.32200945650013,54.07592747837816,53.06504085978023,4.899e-05
2024-08-14 01:45:00+00:00,60690.7705,60690.7705,60560.3895,60560.3895,0.0,0.0,0.0,60965.952665254044,60682.92412500017,60399.8955847463,31.768869272447773,55.41138141968966,47.89306406499734,52.37544395380918,0.0
2024-08-14 02:00:00+00:00,60542.606,60703.05,60534.469,60703.05,0.0,0.0,0.0,60968.51116355178,60686.033375000174,60403.555586448565,32.723589429027925,50.873823021557314,52.431246330987356,52.38288427076627,0.0
2024-08-14 02:15:00+00:00,60728.4075,60781.868,60670.027,60680.931,0.0,0.0,0.0,60948.2071257443,60677.12217500018,60406.037224256055,31.334192521171644,46.96589692148018,51.6797050256264,52.289127038080956,0.0
2024-08-14 02:30:00+00:00,60670.12,60810.73,60643.24,60804.23,0.0,0.0,0.0,60907.45682858307,60668.03917500018,60428.62152141729,39.724366538997856,45.517590844983715,55.50814575845887,52.71832953413134,0.0
2024-08-14 02:45:00+00:00,60789.301,60870.6255,60789.301,60838.35,0.0003,1.0,60859.195,60849.989404847474,60658.49642500018,60467.003445152885,48.56698872915149,46.12747042181727,56.53443974661568,53.22714422912925,0.0003
2024-08-14 03:00:00+00:00,60849.73,60970.4,60849.73,60949.7,0.0,0.0,0.0,60902.91322906476,60673.21615000018,60443.5190709356,63.82412020315678,49.66680037808517,59.79392374535137,54.102714831292204,0.0
2024-08-14 03:15:00+00:00,60966.42,61099.37,60929.8975,61099.37,0.0,0.0,0.0,60990.775938855346,60696.46765000018,60402.159361145015,86.98986001665617,57.13141230579937,63.73095540863483,55.38648024160455,0.0
2024-08-14 03:30:00+00:00,61112.835,61196.882,61080.15,61144.15,0.0,0.0,0.0,61072.63589410774,60719.915900000175,60367.19590589261,107.72051246293995,67.24923233722748,64.84027503996403,56.64698621471915,0.0
2024-08-14 03:45:00+00:00,61319.835,61319.835,60995.385,60995.385,0.0,0.0,0.0,61106.994369294174,60740.227650000175,60373.46093070618,110.86759899535537,75.97290566885306,58.44486620302194,56.88670354649285,0.0
2024-08-14 04:00:00+00:00,60969.601,61073.741,60936.6195,61062.8,0.0,0.0,0.0,61148.13805901235,60765.12337500018,60382.108690988,117.4476514182461,84.26785481873166,60.353274281279134,57.34891297779769,0.0
2024-08-14 04:15:00+00:00,61029.105,61160.529,60975.695,61157.29,0.0001547,1.0,61126.498,61201.13663690667,60795.457125000175,60389.77761309368,128.80219218924321,93.17472229283398,62.923433697768246,58.0921824071271,0.0001547
2024-08-14 04:30:00+00:00,61141.241,61141.241,61039.025,61039.025,0.0,0.0,0.0,61211.45637020076,60824.765625000175,60438.07487979959,126.79612365154026,99.89900256457523,57.8670593528346,58.0621659998881,0.0
2024-08-14 04:45:00+00:00,61098.1985,61098.1985,60954.22,60954.22,0.0,0.0,0.0,61218.61757131532,60842.510875000175,60466.40417868503,117.01437623708625,103.32207729907743,54.485935181515664,57.58533522410511,0.0
2024-08-14 05:00:00+00:00,60917.595,61084.026,60902.295,61084.026,0.0,0.0,0.0,61243.80887746349,60863.924700000185,60484.04052253688,118.37201143958373,106.3320641271787,58.484448197262125,57.70521695385938,0.0
2024-08-14 05:15:00+00:00,61092.325,61105.3,60930.7145,60945.4275,0.007534345,2.0,61012.576899,61243.15802793307,60880.86187500019,60518.56572206732,107.03042635390739,106.47173657252443,53.11849255415729,57.09365370056577,0.007534345
2024-08-14 05:30:00+00:00,60976.065,60976.065,60912.84,60928.27,0.000798332,1.0,60942.0,61247.085595602664,60890.4183750002,60533.75115439773,95.55615967591439,104.28862119320243,52.476614318811066,56.47804844966514,0.000798332
2024-08-14 05:45:00+00:00,60885.1055,60916.65,60846.5975,60883.3,0.0,0.0,0.0,61248.86185303404,60893.945200000206,60539.02854696637,81.89004008859047,99.80890497228003,50.74576109170449,55.71374346860372,0.0
2024-08-14 06:00:00+00:00,60811.148,60838.478,60718.233,60752.24,0.0,0.0,0.0,61246.77873774697,60896.2942000002,60545.80966225343,59.794817732836236,91.80608752439127,45.98533577662417,54.416622443006446,0.0
2024-08-14 06:15:00+00:00,60757.8,60897.2555,60747.05,60815.39,0.0,0.0,0.0,61232.72540407446,60907.10295000019,60581.48049592592,46.839930499889306,82.81285611949087,48.49261863256413,53.6267552682808,0.0
2024-08-14 06:30:00+00:00,60844.65,60844.65,60790.859,60807.3825,0.0,0.0,0.0,61230.70275682738,60910.246325000204,60589.78989317303,35.517526764677314,73.35379024852816,48.18717477881285,52.901477869685074,0.0
2024-08-14 06:45:00+00:00,60797.0985,60901.89,60780.6435,60901.89,0.0,0.0,0.0,61204.91836875952,60927.321350000195,60649.72433124087,33.78099931669567,65.43923206216166,52.027779289994335,52.78498472572631,0.0
2024-08-14 07:00:00+00:00,60858.0575,60858.0575,60757.475,60795.35,0.005300339,1.0,60814.5,61197.26383007408,60931.93635000019,60666.608869926305,23.536586081761925,57.05870286608172,47.7323531132747,52.11130051073276,0.005300339
2024-08-14 07:15:00+00:00,60796.3195,60865.6475,60787.03,60787.03,0.0,0.0,0.0,61186.00812779737,60937.24130000019,60688.47447220301,14.578409489360638,48.5626441907375,47.403218078522904,51.483556186438115,0.0
2024-08-14 07:30:00+00:00,60808.4335,60886.705,60796.54,60886.705,0.0,0.0,0.0,61183.83009014111,60941.3650500002,60698.90000985928,15.345041395717999,41.9191236317336,51.70011528217498,51.512430732536366,0.0
2024-08-14 07:45:00+00:00,60878.5455,60968.85,60878.5455,60944.8435,0.016880911,1.0,60904.24,61184.50454130116,60946.68972500019,60708.874908699225,20.408635722400504,37.61702604986698,54.05771796005649,51.851802362872384,0.016880911
2024-08-14 08:00:00+00:00,60945.892,60945.892,60751.95,60770.76,0.0,0.0,0.0,61187.5909447109,60937.74272500019,60687.894505289485,10.256259360430704,32.14487271197972,46.70619262027306,51.16572106385914,0.0
2024-08-14 08:15:00+00:00,60726.156,60920.681,60691.1745,60846.722,0.0,0.0,0.0,61166.39460141904,60925.11032500019,60683.826048581344,8.244884611187445,27.36487509182127,49.90742064146588,50.997947674206706,0.0
2024-08-14 08:30:00+00:00,60894.3955,60937.768,60863.5145,60863.5145,0.0,0.0,0.0,61131.51827530186,60911.078550000195,60690.63882469853,7.914635054243263,23.474827084305666,50.61365749313611,50.94670898339729,0.0
2024-08-14 08:45:00+00:00,60908.25,60939.6,60874.73,60933.52,0.01367517,1.0,60939.6,61125.3205432091,60907.9853000002,60690.650056791295,13.150181583085214,21.409897984061576,53.553547090641516,51.29428739769652,0.01367517
2024-08-14 09:00:00+00:00,60966.14,61004.9,60857.745,60896.0555,0.0002,2.0,60952.0315,61105.05381108502,60899.648075000194,60694.24233891537,14.113624799894751,19.950643347228212,51.777170926293834,51.35867186817617,0.0002
2024-08-14 09:15:00+00:00,60870.05,60935.545,60870.05,60935.545,0.0,0.0,0.0,61057.91741184918,60888.56082500019,60719.2042381512,17.857779744124855,19.532070626607542,53.52699283079075,51.64778132985811,0.0
2024-08-14 09:30:00+00:00,60946.8225,60946.8225,60862.7,60882.587,0.0,0.0,0.0,61035.38745797957,60880.7389250002,60726.09039202084,16.363157210464124,18.898287943378858,50.86157329124477,51.54295359137633,0.0
2024-08-14 09:45:00+00:00,60869.54,60923.35,60869.54,60896.2495,0.0,0.0,0.0,61029.00516069485,60877.8404000002,60726.67563930555,16.09556796374818,18.337743947452722,51.53212152855542,51.541509316333546,0.0
2024-08-14 10:00:00+00:00,60861.9295,61105.25,60861.9295,61105.25,0.0,0.0,0.0,61036.0219525923,60878.901600000194,60721.781247408086,32.374897551489994,21.145174668260175,60.42816340244469,52.726396527815034,0.0
2024-08-14 10:15:00+00:00,61042.6115,61241.95,61042.6115,61238.805,0.0,0.0,0.0,61114.5841714448,60893.57047500019,60672.556778555576,55.41437346722523,27.999014428053187,64.86596922412005,54.345006220655705,0.0
2024-08-14 10:30:00+00:00,61199.435,61331.8345,61169.715,61331.8345,0.0,0.0,0.0,61205.968943441985,60913.748700000186,60621.528456558386,80.25489877479413,38.450191297401375,67.59228245932833,56.11130971914539,0.0
2024-08-14 10:45:00+00:00,61269.9185,61278.735,61137.165,61137.165,0.0007,2.0,61179.185714,61233.924860503415,60926.44195000018,60618.95903949695,83.27307217787893,47.41476747349689,57.531822904412856,56.30071147718105,0.0007
2024-08-14 11:00:00+00:00,61115.2695,61115.2695,60948.893,61033.8555,0.007736142,1.0,61002.5,61240.50762065673,60940.522725000184,60640.53782934364,76.4475433947955,53.22132265775661,53.021575498288954,55.8634933466621,0.007736142
2024-08-14 11:15:00+00:00,60985.125,61092.26,60943.9285,61092.26,0.0,0.0,0.0,61255.52659423706,60954.366225000194,60653.20585576333,74.88775824115874,57.55460977443703,55.16166737673724,55.76991655067212,0.0
2024-08-14 11:30:00+00:00,61062.76,61408.7275,61062.76,61353.8265,0.49925,2.0,61101.0,61321.253465496215,60981.68842500019,60642.123384504164,93.67798630322068,64.77928508019376,63.238600725739126,56.76574110734772,0.49925
2024-08-14 11:45:00+00:00,61373.5595,61444.7505,61232.3625,61291.9585,0.001395962,6.0,61315.874522,61364.183349268154,61001.19185000019,60638.20035073223,102.39678052502859,72.30278416916073,60.46423172800046,57.25887319010142,0.001395962
2024-08-14 12:00:00+00:00,61305.784,61379.7605,61236.485,61236.485,0.0,0.0,0.0,61387.137631858306,61023.24860000019,60659.35956814207,103.6355933139057,78.56934599810972,58.00688906886917,57.358608640603784,0.0
2024-08-14 12:15:00+00:00,61207.254,61503.46,61184.2935,61430.428,0.0,0.0,0.0,61443.07141821421,61055.41850000019,60667.76558178617,118.89637719905295,86.63475223829838,63.5798070132461,58.188101756956094,0.0
2024-08-14 12:30:00+00:00,61562.995,61562.995,61015.285,61388.47,0.0,0.0,0.0,61485.78309419628,61080.50675000019,60675.2304058041,126.15081041734084,94.53796387410686,61.67292211937191,58.65274447194487,0.0
2024-08-14 12:45:00+00:00,61222.9125,61295.15,60910.69,61103.662,0.00290522,1.0,61059.8,61488.976090526936,61088.44767500019,60687.91925947345,107.67714059785067,97.16579921885562,50.58292777206573,57.57676891196098,0.00290522
2024-08-14 13:00:00+00:00,61145.085,61195.1085,60748.65,60844.496,0.03,1.0,60958.6,61482.11656926582,61092.13447500019,60702.15238073456,71.30216691480018,91.99307275804453,43.00476539715693,55.63383510998711,0.03
2024-08-14 13:15:00+00:00,60765.245,60938.41,60697.57,60771.6425,0.00031951,1.0,60908.041,61489.03899443907,61088.38050000019,60687.72200556131,36.17902038916509,80.83026228426864,41.13894362094563,53.70118291144825,0.00031951
2024-08-14 13:30:00+00:00,60802.957,60974.767,60182.34,60220.485,0.043157712,4.0,60609.885842,61601.13996816416,61056.2290250002,60511.31808183623,-35.718390938774974,57.520531639659914,30.394963703843754,50.59368701710098,0.043157712
2024-08-14 13:45:00+00:00,60194.55,60253.3885,59608.855,59648.3685,0.001703852,3.0,59793.781577,61812.83352294834,60991.9714500002,60171.10937705206,-137.28014749555587,18.560395812616758,23.526460798457183,46.98472352128181,0.001703852
2024-08-14 14:00:00+00:00,59582.024,59582.024,58964.97,59140.1035,0.017328057,7.0,59523.24331,62056.13907321647,60904.173850000196,59752.20862678392,-255.83223428510246,-36.318130206927094,19.344274948635515,43.299330378262304,0.017328057
2024-08-14 14:15:00+00:00,59118.03,59466.548,59110.75,59380.63,0.327899333,2.0,59422.578125,62155.67097159757,60826.428100000194,59497.18522840282,-326.6121571625554,-94.37693559805275,26.044291023433935,40.998658464285185,0.327899333
2024-08-14 14:30:00+00:00,59538.859,59538.859,59166.705,59287.194,0.029638346,3.0,59491.020562,62234.82893148469,60746.658450000185,59258.48796851568,-385.79802087380085,-152.66115265320238,25.169603350105735,38.888117782394595,0.029638346
2024-08-14 14:45:00+00:00,59360.78,59531.712,59351.21,59520.211,0.0,0.0,0.0,62256.48749375259,60677.856525000185,59099.22555624778,-409.1839024609726,-203.96570261475642,31.36074943471988,37.8844686693713,0.0
2024-08-14 15:00:00+00:00,59448.665,59601.2605,59218.553,59276.55,0.0013,2.0,59398.367077,62264.168006894644,60586.42152500019,58908.67504310573,-442.28045467359334,-251.6286530265238,28.687897935476787,36.658259238185366,0.0013
2024-08-14 15:15:00+00:00,59246.8595,59420.133,59034.786,59063.13,0.11,1.0,59300.0,62251.464208108075,60477.637775000185,58703.811341892295,-480.19552601198666,-297.3420276236164,26.553188120341826,35.31091642247289,0.11
2024-08-14 15:30:00+00:00,59063.27,59752.525,58995.49,59601.125,0.000989042,1.0,59029.18,62158.651784739886,60391.10230000019,58623.55281526049,-461.51177249064494,-330.1759765970221,38.89655466428303,35.78900152138091,0.000989042
2024-08-14 15:45:00+00:00,59705.688,59802.5,59442.415,59442.415,0.000668696,1.0,59660.3,62085.18154535256,60306.36480000019,58527.54805464782,-454.2747374241735,-354.99572876245236,36.925072859280945,35.940477699767584,0.000668696
2024-08-14 16:00:00+00:00,59410.6,59466.108,59329.721,59410.3865,0.031071474,4.0,59364.361141,62011.959207529915,60225.19135000019,58438.423492470465,-445.98275567780365,-373.1931341455226,36.52276155283264,36.01811554684293,0.031071474
2024-08-14 16:15:00+00:00,59388.2775,59388.2775,58968.793,59098.2355,0.0224,3.0,59073.860063,61930.046117050704,60125.490125000186,58320.93413294967,-459.3046986893096,-390.41544705428,32.77481073083079,35.58567490470798,0.0224
2024-08-14 16:30:00+00:00,59029.35,59107.438,58884.12,58914.8835,0.003293949,1.0,59080.4,61789.12118077615,60003.542975000186,58217.96476922422,-479.1342472175311,-408.1592070869302,30.776966205416706,34.94451374480248,0.003293949
2024-08-14 16:45:00+00:00,58917.37,59232.7505,58725.41,59140.6305,0.001580341,2.0,58746.963479,61616.130080415176,59895.97657500019,58175.8230695852,-471.201691252827,-420.76770392010957,35.95348745843939,35.0790435732874,0.001580341
2024-08-14 17:00:00+00:00,59115.35,59331.62,59059.595,59249.13,0.0,0.0,0.0,61422.561411657116,59796.60882500018,58170.65623834324,-450.9616751408539,-426.8064981642584,38.34009313623275,35.51385018168011,0.0
2024-08-14 17:15:00+00:00,59224.0305,59392.661,59130.65,59223.4465,0.004181527,1.0,59338.37,61144.63011841935,59686.25975000018,58227.88938158101,-432.01377448171843,-427.84795342775044,37.97931232317685,35.84257846721301,0.004181527
2024-08-14 17:30:00+00:00,59196.96,59303.062,59097.005,59200.0,0.001642433,1.0,59243.75,60820.51461835933,59576.83625000018,58333.15788164103,-414.1156953387326,-425.10150180994685,37.631178207538646,36.081058432589764,0.001642433
2024-08-14 17:45:00+00:00,59184.5395,59250.4925,59174.858,59229.95,0.0,0.0,0.0,60517.29500996782,59483.15065000018,58449.006290032536,-392.98454278695135,-418.6781100053478,38.407833764929954,36.391295143568456,0.0
2024-08-14 18:00:00+00:00,59209.13,59336.52,59123.6725,59236.012,0.000836821,2.0,59333.948973,60230.461685169714,59402.72645000018,58574.99121483064,-371.4667618100575,-409.2358403662897,38.57456345951082,36.682397585694105,0.000836821
2024-08-14 18:15:00+00:00,59263.065,59460.2,59240.76,59274.602,0.002,2.0,59434.235,59867.532892461975,59327.87442500018,58788.21595753838,-347.2964574912985,-396.8479637912915,39.693726852358765,37.08390815458272,0.002
2024-08-14 18:30:00+00:00,59206.8645,59237.5555,58969.181,58969.181,0.0051623,2.0,59152.10654,59642.078532943684,59265.30922500017,58888.53991705666,-348.7658833670139,-387.23154770643595,34.35812409730919,36.720470280279585,0.0051623
2024-08-14 18:45:00+00:00,58890.86,59075.122,58885.77,59016.4335,0.31,2.0,58927.950705,59581.56680749414,59233.71247500017,58885.85814250619,-342.17317277542315,-378.2198727202334,35.796041681870214,36.597213133825,0.31
2024-08-14 19:00:00+00:00,59025.5025,59124.24,58883.163,58883.163,0.007556806,1.0,59124.24,59599.23948620251,59220.86545000017,58842.491413797834,-343.73979926035827,-371.32385802825837,33.562947575716784,36.19264439274391,0.007556806
2024-08-14 19:15:00+00:00,58746.898,58987.77,58719.06,58936.825,0.004317113,68.0,58842.960973,59588.83944189394,59198.67520000017,58808.5109581064,-336.7692211586909,-364.4129306543449,35.31282534667513,36.07533518660141,0.004317113
2024-08-14 19:30:00+00:00,58958.58,59043.6,58889.851,59019.075,0.001170538,49.0,58972.233485,59580.73528956452,59185.26925000017,58789.80321043582,-320.9088625758086,-355.71211703863764,38.00799897356613,36.33302369153004,0.001170538
2024-08-14 19:45:00+00:00,58999.24,59059.82,58895.639,58939.455,0.003622604,5.0,59036.038845,59533.94608706317,59156.23145000018,58778.516812937196,-311.1770276453317,-346.80509915997646,36.42584358813665,36.345399677744254,0.003622604
2024-08-14 20:00:00+00:00,58963.277,59088.721,58956.2975,59083.1655,0.0,0.0,0.0,59521.35121538727,59146.56222500019,58771.77323461311,-288.5421082252069,-335.15250097302254,41.18483030975529,36.990657095345725,0.0
2024-08-14 20:15:00+00:00,59162.3145,59169.93,59076.625,59083.56,0.0,0.0,0.0,59521.56805930414,59147.58372500019,58773.59939069625,-267.48849775957933,-321.6197003303339,41.19784309714424,37.55161522891886,0.0
2024-08-14 20:30:00+00:00,59065.491,59085.57,59026.5,59078.335,0.0,0.0,0.0,59432.81270127886,59121.444225000196,58810.07574872153,-248.3620109530748,-306.9681624548821,41.068241290591935,38.020498703808606,0.0
2024-08-14 20:45:00+00:00,59094.585,59210.56,59049.13,59138.8,0.00779415,2.0,59118.120615,59381.00754543881,59106.263475000196,58831.51940456158,-225.72311660662672,-290.719153285231,43.29148610571566,38.72329702406288,0.00779415
2024-08-14 21:00:00+00:00,59108.65,59142.45,59056.487,59056.487,0.0,0.0,0.0,59325.69553833077,59088.56850000019,58851.44146166961,-211.98002711460867,-274.9713280511065,41.02261272531344,39.029872450896285,0.0
2024-08-14 21:15:00+00:00,59038.6825,59149.299,58971.7095,59147.105,0.0006,1.0,59114.362,59329.49041053731,59091.01197500019,58852.53353946307,-191.56813617796433,-258.2906896764781,44.472811940719005,39.75559771620598,0.0006
2024-08-14 21:30:00+00:00,59128.307,59128.307,58928.634,58972.5375,0.008668123,6.0,59010.503406,59325.06932040214,59093.8946750002,58862.72002959826,-187.31841380676633,-244.09623450253576,39.65954475094763,39.742790654171536,0.008668123
2024-08-14 21:45:00+00:00,58981.47,59033.309,58958.52,58961.1,0.004539688,1.0,58958.52,59322.00345605389,59084.9181500002,58847.83284394651,-182.76656962640845,-231.8303015273103,39.35897755027102,39.69161557365147,0.004539688
2024-08-14 22:00:00+00:00,58955.7,58955.7,58487.55,58794.183,0.004502612,3.0,58569.905369,59318.397172112585,59062.17080000021,58805.944427887836,-190.43281626998214,-223.55080447584467,35.16989360562114,39.088719311247424,0.004502612
2024-08-14 22:15:00+00:00,58811.675,58945.315,58811.675,58916.377,0.0,0.0,0.0,59299.32125195878,59046.81732500021,58794.31339804163,-184.5212908053145,-215.74490174173863,40.188615229517865,39.23537210035015,0.0
2024-08-14 22:30:00+00:00,58981.65,59036.865,58858.68,58880.3815,0.004222485,2.0,58893.304418,59282.99480985562,59030.836400000204,58778.67799014479,-180.65838292496483,-208.72759797838387,39.22530599123733,39.23402995246844,0.004222485
2024-08-14 22:45:00+00:00,58891.25,59003.9,58891.25,58978.26,0.0,0.0,0.0,59253.99327422532,59018.25190000021,58782.51052577509,-167.76513164634525,-200.53510471197615,43.2114007408219,39.76434605758224,0.0
2024-08-14 23:00:00+00:00,58954.845,59006.859,58933.965,58976.8,0.004211927,1.0,58965.462,59219.21148765746,59005.2913000002,58791.37111234294,-155.86819538364944,-191.6017228463108,43.1659211986245,40.21788940972121,0.004211927
2024-08-14 23:15:00+00:00,59012.75,59031.15,58893.584,58961.035,0.003817441,1.0,58940.0,59164.72627742719,58989.6129500002,58814.49962257321,-146.02856503101066,-182.48709128325078,42.644004107409216,40.54137136941294,0.003817441
2024-08-14 23:30:00+00:00,58967.55,58988.1,58807.12,58816.6765,0.05949129,65.0,58892.436772,59172.59205718577,58981.9877250002,58791.383392814634,-148.1710875179051,-175.62389053018165,38.10112318905482,40.21600494536519,0.05949129
2024-08-14 23:45:00+00:00,58836.3005,58903.674,58701.26,58701.26,0.005876729,93.0,58757.10712,59191.75283351876,58966.2290500002,58740.70526648164,-157.36815684504109,-171.97274379315354,34.89995517779689,39.50719830968942,0.005876729
2024-08-15 00:00:00+00:00,58681.8,58868.768,58680.172,58855.5695,0.00083433,37.0,58761.169764,59192.714414852795,58964.8493750002,58736.98433514761,-150.47087888944225,-167.6723708124113,41.925292304481694,39.82961084232839,0.00083433
2024-08-15 00:15:00+00:00,58834.578,58927.65,58750.0,58927.65,0.001946372,58.0,58807.048649,59192.51629248136,58964.3906250002,58736.26495751903,-137.60224939272302,-161.65834652847363,44.915655100227326,40.50775007671492,0.001946372
2024-08-15 00:30:00+00:00,58963.95,59038.2865,58941.915,58973.525,6.6336e-05,1.0,58950.0,59188.91520464351,58962.11312500019,58735.31104535687,-122.2923288537786,-153.78514299353463,46.79343647976035,41.34584159712098,6.6336e-05
2024-08-15 00:45:00+00:00,59045.621,59045.621,58932.9575,58972.351,0.0,0.0,0.0,59190.35590943768,58963.757925000195,58737.159940562706,-108.99738451297162,-144.82759129742203,46.74951563769814,42.066331469197934,0.0
2024-08-15 01:00:00+00:00,59006.59,59015.7575,58865.0115,58865.0115,0.0,0.0,0.0,59176.388303119755,58952.8502250002,58729.31214688064,-105.90167729993846,-137.04240849792532,42.79448646802895,42.1634188023754,0.0
2024-08-15 01:15:00+00:00,58929.36,59019.7625,58846.94,58846.94,0.0,0.0,0.0,59160.64565379399,58941.01922500019,58721.3927962064,-103.71101008402911,-130.37612881514607,42.147986181354405,42.161361119572604,0.0
2024-08-15 01:30:00+00:00,58873.8025,58892.585,58781.8185,58822.625,0.0,0.0,0.0,59144.13695858442,58928.233725000195,58712.33049141597,-102.75244163755997,-124.85139137962885,41.24513049070504,42.039197035723596,0.0
2024-08-15 01:45:00+00:00,58853.65,58944.911,58185.35,58280.61,0.005047512,2.0,58609.974379,59223.35524741183,58885.3242250002,58547.29320258857,-144.0681222947387,-128.69473756265083,27.238228610463562,40.065734579022255,0.005047512
2024-08-15 02:00:00+00:00,58279.5,58456.6235,58095.446,58425.166,0.016686774,1.0,58312.0,59236.8627160371,58853.7581750002,58470.653633963295,-163.26462284044828,-135.6087146182103,33.70462246078004,39.21758629658996,0.016686774
2024-08-15 02:15:00+00:00,58534.991,58534.991,58288.6935,58334.5,0.007879474,1.0,58290.616,59233.700343277545,58813.1279250002,58392.55550672285,-183.6766660276553,-145.22230490009932,31.795981906140934,38.228039044530085,0.007879474
2024-08-15 02:30:00+00:00,58292.775,58523.45,58267.4105,58498.1665,0.0,0.0,0.0,59224.59753877126,58789.4093750002,58354.22121122914,-184.51980908284895,-153.08180573664924,38.559735530478925,38.272265242656594,0.0
2024-08-15 02:45:00+00:00,58459.0095,58478.417,58398.68,58398.68,0.0,0.0,0.0,59220.4876020014,58761.28837500019,58302.08914799899,-191.0138464157426,-160.6682138724679,36.20910359208466,37.99717702258034,0.0
2024-08-15 03:00:00+00:00,58451.23,58482.566,58367.165,58441.91,0.013339639,2.0,58429.717625,59223.05668693627,58743.674725000186,58264.292763064106,-190.4764244239559,-166.6298559827655,37.978394940350775,37.99467274494973,0.013339639
2024-08-15 03:15:00+00:00,58414.96,58450.698,58375.97,58433.4,0.0,0.0,0.0,59210.20220767265,58719.52587500018,58228.84954232771,-188.56355620333488,-171.01659602687937,37.756391280088046,37.962901882968175,0.0
2024-08-15 03:30:00+00:00,58481.38,58513.24,58424.2,58424.2,0.038396658,2.0,58491.332565,59197.66671356711,58696.716800000184,58195.76688643326,-185.64990097403643,-173.94325701631078,37.501173260505645,37.90133806663984,0.038396658
2024-08-15 03:45:00+00:00,58420.953,58494.81,58420.953,58433.268,0.0,0.0,0.0,59165.45953104962,58669.467200000174,58173.474868950725,-180.52808105394797,-175.2602218238382,37.946415233879485,37.90734835560512,0.0
2024-08-15 04:00:00+00:00,58462.375,58462.375,58326.23,58335.001,0.0,0.0,0.0,59132.72780334028,58637.37725000017,58142.02669666006,-182.29692207320477,-176.66756187371152,35.033742827346394,37.524200951837294,0.0
2024-08-15 04:15:00+00:00,58319.1385,58357.8355,58295.6395,58325.3155,0.0,0.0,0.0,59095.34265805284,58605.59127500017,58115.83989194751,-182.37794085383211,-177.80963766973565,34.750615092736304,37.15438950395716,0.0
2024-08-15 04:30:00+00:00,58335.69,58349.0,58156.88,58220.95,0.011981521,3.0,58345.440773,59082.742721542956,58575.80495000017,58068.86717845739,-188.68848900556623,-179.98540793690177,31.771086613109905,36.43661578517753,0.011981521
2024-08-15 04:45:00+00:00,58258.614,58433.95,58258.614,58428.292,0.003079094,2.0,58381.89961,59069.54694121778,58562.15655000017,58054.76615878256,-174.9422519278014,-178.9767767350817,42.347083935194995,37.224678205179856,0.003079094
2024-08-15 05:00:00+00:00,58451.4525,58451.4525,58304.9585,58321.245,0.008330433,1.0,58402.674,59034.41870682022,58535.44032500017,58036.46194318012,-170.71812599020632,-177.32504658610662,38.98703939065745,37.45965969657687,0.008330433
2024-08-15 05:15:00+00:00,58340.15,58613.4,58276.091,58541.8105,0.0,0.0,0.0,58981.69441036295,58516.14835000017,58050.60228963739,-147.86815124149143,-171.43366751718358,48.12103134037747,38.88117591575028,0.0
2024-08-15 05:30:00+00:00,58510.827,58618.61,58506.2225,58537.7,0.008084846,6.0,58570.578556,58910.39545729613,58494.357100000176,58078.31874270422,-128.60854537008709,-162.86864308776427,47.976882119518876,40.09393674291943,0.008084846
2024-08-15 05:45:00+00:00,58515.2,58515.2,58383.02,58418.225,0.0,0.0,0.0,58820.883695346165,58466.65080000018,58112.41790465419,-121.58425535265997,-154.61176554074342,43.863944470581814,40.59660443994108,0.0
2024-08-15 06:00:00+00:00,58262.98,58400.5,58262.98,58327.7825,0.083307438,1.0,58400.5,58747.54481404532,58439.789350000174,58132.033885955025,-121.91010499310505,-148.07143343121575,40.99864628545877,40.65021001934344,0.083307438
2024-08-15 06:15:00+00:00,58305.695,58311.772,57919.8175,58124.435,0.50015362,3.0,58000.0,58679.75943452978,58403.664100000184,58127.56876547059,-136.99756434111623,-145.85665961319586,35.39962893172877,39.950132540994815,0.50015362
2024-08-15 06:30:00+00:00,58174.76,58204.9205,58049.345,58175.055,0.003,1.0,58063.5,58588.95953431249,58371.28560000018,58153.611665687866,-143.21893489193462,-145.32911466894362,37.68117650532261,39.64760506957185,0.003
2024-08-15 06:45:00+00:00,58140.639,58155.465,58017.29,58155.465,0.0,0.0,0.0,58599.32863245481,58365.028350000175,58130.72806754554,-148.0238384871118,-145.86805943257724,37.13457608001821,39.312534537631365,0.0
2024-08-15 07:00:00+00:00,58128.1075,58152.08,58087.3,58131.2165,0.0,0.0,0.0,58603.79260410289,58350.33087500018,58096.86914589747,-152.03583602193976,-147.10161475044976,36.430140182080414,38.92821529022457,0.0
2024-08-15 07:15:00+00:00,58167.0725,58167.0725,57772.0,57772.0,0.0,0.0,0.0,58679.86770200477,58322.20587500018,57964.544047995594,-182.1019841073794,-154.10168862183568,27.966499745496193,37.46665321759412,0.0
2024-08-15 07:30:00+00:00,57840.995,58049.9,57783.31,58018.979,0.02599427,2.0,58020.891513,58669.49123750966,58298.24650000018,57927.001762490705,-183.8808182585708,-160.0575145491827,38.53913946822589,37.60965138434502,0.02599427
2024-08-15 07:45:00+00:00,58006.1565,58127.55,58004.021,58090.707,0.0,0.0,0.0,58661.62394833561,58282.84785000018,57904.07175166475,-177.45709210057248,-163.53743005946066,41.23668378526492,38.09325570446767,0.0
2024-08-15 08:00:00+00:00,58055.014,58087.77,57984.05,58080.691,6.7671e-05,2.0,58043.16674,58645.94286006433,58264.786900000196,57883.63093993606,-171.2009523232191,-165.07013451221235,40.966296086904045,38.47632775545919,6.7671e-05
2024-08-15 08:15:00+00:00,58108.28,58174.275,58108.28,58162.45,0.014358329,1.0,58161.87,58626.67810283893,58251.239400000195,57875.80069716146,-157.82632483584894,-163.62137257693968,44.183592085122115,39.237296332747576,0.014358329
2024-08-15 08:30:00+00:00,58161.03,58326.145,58161.03,58294.98,0.009906489,2.0,58300.377076,58612.45599748337,58244.7784000002,57877.10080251703,-134.97684375787503,-157.89246681312676,49.03253763517985,40.54332850640521,0.009906489
2024-08-15 08:45:00+00:00,58364.265,58364.265,58270.575,58350.89,0.000116702,1.0,58364.265,58601.582238010225,58240.6595000002,57879.73676199017,-111.07657403857593,-148.52928825821658,50.96774397096438,41.93325056834643,0.000116702
2024-08-15 09:00:00+00:00,58428.05,58441.615,58341.1035,58364.96,0.000166699,1.0,58370.907,58604.87815044865,58242.157450000195,57879.43674955174,-89.9630684290023,-136.81604429237373,51.46715633877217,43.204438004403194,0.000166699
2024-08-15 09:15:00+00:00,58341.52,58448.555,58341.52,58448.555,0.000864935,2.0,58393.499691,58620.54430899566,58248.31942500019,57876.09454100472,-65.7273809180333,-122.59831161750564,54.436531571277705,44.70205047998646,0.000864935
2024-08-15 09:30:00+00:00,58426.4305,58472.0595,58406.1,58472.0595,0.0,0.0,0.0,58645.300330483165,58260.87490000019,57876.44946951722,-44.1152738263263,-106.90170405926978,55.265292641016885,46.11048276812385,0.0
2024-08-15 09:45:00+00:00,58531.52,58531.52,58422.87,58443.984,0.0,0.0,0.0,58647.509912256,58261.6595000002,57875.8090877444,-28.919614152473514,-91.30528607791052,54.00177370167896,47.162654892597864,0.0
2024-08-15 10:00:00+00:00,58432.34,58475.6675,58421.6,58450.1965,0.003328163,1.0,58473.05,58661.95147252054,58268.107075000196,57874.262677479855,-16.18903048602806,-76.28203495953403,54.2510231772794,48.107770663888736,0.003328163
2024-08-15 10:15:00+00:00,58379.5845,58473.3265,58357.764,58473.3265,0.0,0.0,0.0,58650.0486731501,58264.682875000195,57879.31707685029,-4.185307892825222,-61.862689546192264,55.22384626090786,49.05658074349129,0.0
2024-08-15 10:30:00+00:00,58462.75,58512.835,58372.1315,58372.1315,0.0,0.0,0.0,58624.68972040827,58256.40445000019,57888.11917959211,-2.8055217255750904,-50.05125598206883,50.19486647119378,49.20835217385162,0.0
2024-08-15 10:45:00+00:00,58372.334,58447.2845,58372.334,58422.5725,0.0,0.0,0.0,58625.29381671843,58256.62182500019,57887.94983328195,2.331262556173897,-39.574752274420284,52.516049563822676,49.64937849251443,0.0
2024-08-15 11:00:00+00:00,58424.2455,58513.55,58424.2455,58486.3165,0.001662947,1.0,58512.94,58645.60871394359,58264.54852500019,57883.488336056784,11.414233004201378,-29.37695521869595,55.34818926984454,50.409219929491776,0.001662947
2024-08-15 11:15:00+00:00,58489.49,58810.855,58489.49,58779.687,0.001632516,3.0,58792.477229,58733.27039543211,58297.31112500018,57861.35185456825,41.80321859163814,-15.14092045662913,65.53626173164689,52.426158836445794,0.001632516
2024-08-15 11:30:00+00:00,58807.465,58835.85,58668.4035,58740.305,0.0,0.0,0.0,58797.934517207235,58325.57362500018,57853.21273279312,61.994278882746585,0.2861194112460138,63.44356386703831,53.89514617385813,0.0
2024-08-15 11:45:00+00:00,58825.6,58852.2655,58690.2,58690.2,0.00012739,3.0,58737.571455,58843.29763256892,58352.310375000176,57861.32311743143,73.11001809791196,14.850899148579202,60.78416603374114,54.81368215517586,0.00012739
2024-08-15 12:00:00+00:00,58735.19,58811.1,58654.15,58666.24,0.20006861,2.0,58811.073968,58877.19792411821,58379.06155000017,57880.925175882134,79.07442895768327,27.695605110400017,59.49976275859754,55.438492902298755,0.20006861
2024-08-15 12:15:00+00:00,58695.8715,58832.344,58695.063,58771.8,0.0,0.0,0.0,58870.96534220817,58429.05155000017,57987.137757792174,91.26700807621819,40.40988570356365,63.190152321456395,56.472047491519774,0.0
2024-08-15 12:30:00+00:00,58856.57,59312.735,58749.1825,59224.0,0.000153235,1.0,59225.0,59012.2975827867,58489.30260000017,57966.30761721364,135.85245316252258,59.49839919535544,74.08430338523426,58.82034827734837,0.000153235
2024-08-15 12:45:00+00:00,59251.081,59373.69,58815.48,58851.2925,0.016647443,5.0,58928.464076,59039.357749408126,58527.33187500017,58015.306000592216,139.5042411570612,75.49956758769659,58.67157915841194,58.800512394823514,0.016647443
2024-08-15 13:00:00+00:00,58841.38,59074.155,58676.6575,59049.9845,0.100485824,3.0,59033.250634,59093.01095062498,58575.79655000017,58058.582149375354,156.6256107692243,91.72477622400213,63.081167951946284,59.37126646910655,0.100485824
2024-08-15 13:15:00+00:00,59066.045,59245.6335,58925.3525,59160.538,0.0049472,1.0,59005.448,59165.851279301554,58625.700950000166,58085.55062069878,177.07396461613826,108.79461390242935,65.29966928170927,60.16172017745358,0.0049472
2024-08-15 13:30:00+00:00,59181.6985,59428.591,59103.84,59187.6,0.017958803,4.0,59280.680803,59240.47711811099,58670.331950000174,58100.18678188936,193.2356097712327,125.68281307619002,65.84078689986383,60.91892907377495,0.017958803
2024-08-15 13:45:00+00:00,59192.124,59419.269,59095.18,59418.615,0.0,0.0,0.0,59360.304422488145,58723.71820000018,58087.13197751221,222.12429916885594,144.9711102947232,70.1237912818275,62.14624403484862,0.0
2024-08-15 14:00:00+00:00,59514.8,59596.635,59359.365,59395.1,0.016344846,3.0,59467.152476,59452.74962725388,58775.22520000018,58097.70077274649,240.35071622774558,164.04703148132768,69.17303980478503,63.08315013750681,0.016344846
2024-08-15 14:15:00+00:00,59327.8335,59428.97,59242.788,59428.97,0.037596658,1.0,59242.788,59540.877642427775,58824.245950000186,58107.6142575726,254.59351345362666,182.15632787578747,69.80800271966561,63.979797148461316,0.037596658
2024-08-15 14:30:00+00:00,59483.47,59594.865,59449.7,59528.706,0.001169257,1.0,59507.5,59636.57922801343,58877.07827500019,58117.57732198695,270.8071977365471,199.8865018479394,71.65919397523962,65.0037167253651,0.001169257
2024-08-15 14:45:00+00:00,59551.409,59753.64,59418.639,59432.4015,0.000582817,2.0,59606.727767,59695.41699523803,58926.499150000185,58157.58130476234,272.7416945652003,214.45754039139157,67.36415015241057,65.3184411823045,0.000582817
2024-08-15 15:00:00+00:00,59474.645,59524.6795,59309.405,59375.26,0.008383543,2.0,59461.078505,59732.740249348295,58972.75232500018,58212.76440065207,266.59086222792394,224.88420475869805,64.87934754835099,65.25989536444403,0.008383543
2024-08-15 15:15:00+00:00,59348.65,59777.2,59348.65,59615.767,0.065559449,1.0,59665.2,59802.75098032962,59029.87435000019,58256.997719670755,277.9195051291681,235.49126483279207,69.91021535311793,65.87993802960055,0.065559449
2024-08-15 15:30:00+00:00,59550.531,59626.835,59464.425,59620.565,0.008170346,1.0,59547.0,59843.967749309675,59092.296025000185,58340.624300690695,284.01079509306146,245.19517088484594,70.00253244780427,66.42961728536105,0.008170346
2024-08-15 15:45:00+00:00,59587.2295,59779.795,59547.23,59710.9125,0.002359061,1.0,59678.8,59888.3164217984,59156.713025000194,58425.109628201986,292.7537909896346,254.70689490580367,71.7595467284099,67.14027454443423,0.002359061
2024-08-15 16:00:00+00:00,59740.98,59795.7465,59616.1,59661.85,0.00089547,2.0,59764.29067,59910.16308560323,59215.489700000195,58520.81631439716,292.3536733474757,262.2362505941381,69.382917285108,67.43929357652407,0.00089547
2024-08-15 16:15:00+00:00,59656.536,59817.4905,59656.536,59817.4905,0.0,0.0,0.0,59978.925337771885,59267.3798750002,58555.83441222852,301.12429145292845,270.01385876589615,72.49499955459966,68.11338770693415,0.0
2024-08-15 16:30:00+00:00,59854.295,59854.295,59498.72,59558.394,0.004961654,1.0,59498.72,59987.239779272684,59308.28432500021,58629.32887072774,283.89557582098496,272.7902021769139,61.3207507413436,67.20770277818875,0.004961654
2024-08-15 16:45:00+00:00,59567.3215,59592.8,59470.0,59568.306,0.003461564,1.0,59592.8,59976.99872796052,59352.18962500022,58727.380522039915,267.9527179803408,271.8227053375993,61.56482589364211,66.45531919358253,0.003461564
2024-08-15 17:00:00+00:00,59503.308,59535.965,59298.77,59381.6,0.199456302,4.0,59443.083715,59927.713710899305,59387.95762500023,58848.20153910115,237.51435678917187,264.9610356279138,54.578500673845944,64.87174339095098,0.199456302
2024-08-15 17:15:00+00:00,59301.525,59370.75,59164.51,59278.335,0.001490312,3.0,59262.220699,59877.22859084974,59413.28437500022,58949.3401591507,202.72225777285348,252.51328005690175,51.1229921731813,63.03857656191502,0.001490312
2024-08-15 17:30:00+00:00,59304.5355,59431.451,59274.528,59391.6,0.000278376,1.0,59343.083,59877.61575981832,59421.664375000226,58965.71299018213,182.18865019286022,238.44835408409344,54.52394356473428,61.903292162290924,0.000278376
2024-08-15 17:45:00+00:00,59419.3,59419.3,58839.47,58856.181,0.008199379,1.0,59336.15,59876.64047985482,59421.90880000023,58967.17712014564,121.31335479323025,215.0213542259208,40.26211695217282,59.01780213427518,0.008199379
2024-08-15 18:00:00+00:00,58848.65,58848.65,57910.15,57947.4355,0.021438965,8.0,58264.019663,60142.52197881216,59366.78135000022,58591.040721188285,-0.255971856546239,171.96588900942737,27.239054984971627,54.78063584770137,0.021438965
2024-08-15 18:15:00+00:00,57947.45,58108.635,57587.2941066995,57889.366,0.002032299,4.0,57816.231616,60310.028937929295,59303.22275000023,58296.41656207116,-100.1320030282368,117.54631060189453,26.645941139872985,51.02934321999092,0.002032299
2024-08-15 18:30:00+00:00,57863.88,57998.2995,57659.83,57998.2995,0.001682454,1.0,57834.5,60400.22024357798,59243.75772500022,58087.29520642246,-168.55149750145938,60.326748981223744,29.736751127860554,48.1903309410402,0.001682454
2024-08-15 18:45:00+00:00,57935.049,57990.8075,57762.18,57905.085,0.014555476,3.0,57774.139391,60459.12411579603,59168.08122500022,57877.03833420441,-227.6716142824589,2.7270763284872057,28.625264194820698,45.5816553748776,0.014555476
2024-08-15 19:00:00+00:00,57882.2035,57967.325,57175.96,57277.796,0.093205804,14.0,57358.320568,60587.434083220774,59062.21602500022,57536.997966779665,-321.43639393387275,-62.10561772398479,22.5239401770852,42.50729334850528,0.093205804
2024-08-15 19:15:00+00:00,57202.995,57426.2,56882.7365,56956.8,0.02424664,6.0,57379.300495,60706.32569033712,58938.60752500022,57170.88935966331,-416.84225384385354,-133.05294494795854,20.156366688432968,39.52716979382897,0.02424664
2024-08-15 19:30:00+00:00,56931.1385,57163.2485,56723.68,56948.27,0.004284687,4.0,56958.067276,60754.03589489539,58809.58572500022,56865.13555510506,-487.5205514503177,-203.9464662484304,20.095916034335065,36.93633595922978,0.004284687
2024-08-15 19:45:00+00:00,57038.3765,57251.15,56863.78,57054.445,0.205051377,8.0,57026.182144,60755.35823374267,58690.68790000023,56626.01756625779,-528.8696957123539,-268.93111214121507,23.184063327406683,35.10269960832003,0.205051377
2024-08-15 20:00:00+00:00,57090.5025,57136.702,56843.045,57106.975,0.026270092,5.0,56929.655318,60726.53257728826,58577.273650000236,56428.014722712214,-551.0483164793332,-325.3545530088387,24.73394309285292,33.72019873959108,0.026270092
2024-08-15 20:15:00+00:00,56972.8275,56999.407,56812.073,56930.605,0.020651266,3.0,56918.121563,60650.68917348909,58443.01555000023,56235.34192651137,-576.2143775762088,-375.52651792231273,23.052194942154834,32.29779823326625,0.020651266
2024-08-15 20:30:00+00:00,56865.2845,56950.475,56775.005,56863.708,0.000856513,1.0,56802.3,60545.56064602969,58305.17270000024,56064.784753970795,-594.7013442181924,-419.36148318148867,22.42925097707495,30.981991932440742,0.000856513
2024-08-15 20:45:00+00:00,56823.92,56916.576,56163.38,56537.1045,0.011985234,7.0,56487.829224,60415.53490657911,58146.48230000023,55877.42969342135,-628.4620520520184,-461.1815969555946,19.638934314776083,29.469584250085454,0.011985234
2024-08-15 21:00:00+00:00,56661.8465,56986.128,56661.8465,56986.128,0.003416585,1.0,56959.753,60223.35705510146,58012.696200000224,55802.035344898984,-611.9312499041407,-491.33152754530386,32.13850421450003,29.82544024534073,0.003416585
2024-08-15 21:15:00+00:00,56945.0,57100.645,56851.765,57100.645,0.001839141,3.0,56902.344252,59957.26732305114,57876.85392500022,55796.4405269493,-582.8709319831032,-509.6394084328637,34.91879697793851,30.504554476353768,0.001839141
2024-08-15 21:30:00+00:00,57027.154,57372.6,57027.154,57168.78,0.176442062,2.0,57105.550223,59708.21296418599,57757.37322500022,55806.533485814456,-548.025202193312,-517.3165671849533,36.58356567891026,31.3150893033613,0.176442062
2024-08-15 21:45:00+00:00,57187.2235,57576.55,57187.2235,57576.55,0.00136919,1.0,57382.0,59423.21700763925,57657.78542500022,55892.35384236119,-481.95045432730694,-510.24334461342403,45.55897595876205,33.214274190748064,0.00136919
2024-08-15 22:00:00+00:00,57654.011,57654.011,57418.3795,57586.94,0.003399834,2.0,57534.512737,59146.417751811874,57568.05242500021,55989.68709818855,-423.86134469636454,-492.9669446300121,45.7695866264902,34.888315848847014,0.003399834
2024-08-15 22:15:00+00:00,57503.5805,57654.38,57503.5805,57654.38,0.0,0.0,0.0,58858.47488454626,57486.854675000206,56115.23446545415,-368.1397762425404,-468.0015109525178,47.19747887415931,36.52953758555532,0.0
2024-08-15 22:30:00+00:00,57678.0,57860.758,57672.462,57703.0225,0.000208856,1.0,57678.0,58468.52326955646,57402.4258000002,56336.32833044394,-316.40763826598413,-437.682736415211,48.255751623315845,38.09303279059005,0.000208856
2024-08-15 22:45:00+00:00,57588.17,57677.228,57560.551,57644.505,0.001,1.0,57662.82,58185.003822437706,57341.84200000019,56498.68017756268,-276.939038560522,-405.53399684427325,47.03447562989408,39.28522516916392,0.001
2024-08-15 23:00:00+00:00,57668.892,57691.99,57516.565,57644.9805,0.0,0.0,0.0,58136.06278715482,57326.7192500002,56517.375712845576,-242.82241442022496,-372.9916803594636,47.046203287564786,40.320022251617374,0.0
2024-08-15 23:15:00+00:00,57646.98,57714.855,57644.2055,57691.9505,0.0,0.0,0.0,58102.98569741966,57316.8484750002,56530.711252580746,-209.5787640035196,-340.3090970882748,48.26479686581012,41.37932553350974,0.0
2024-08-15 23:30:00+00:00,57738.119,57800.257,57648.6195,57660.47,0.0,0.0,0.0,58039.96409142143,57299.957000000206,56559.94990857898,-183.6560719220215,-308.97849205502416,47.476220665299515,42.19224488441505,0.0
2024-08-15 23:45:00+00:00,57600.34,57682.56,57539.495,57559.765,0.0,0.0,0.0,57980.31704340012,57282.6910000002,56585.06495660028,-169.28677103854716,-281.04014785172876,44.94633131159433,42.55945640803895,0.0
2024-08-16 00:00:00+00:00,57502.975,57574.7315,57468.3715,57497.2165,0.0029955,1.0,57502.975,57997.50866219998,57293.6620250002,56589.81538780042,-161.08920173053775,-257.0499586274906,43.39943909902784,42.6714541001708,0.0029955
2024-08-16 00:15:00+00:00,57477.6425,57699.7,57411.676,57411.676,0.0001,1.0,57699.7,58004.46194322498,57316.4058250002,56628.349706775414,-159.65457390539814,-237.5708816830721,41.30573305374238,42.48935796064701,0.0001
2024-08-16 00:30:00+00:00,57447.9135,57486.33,57418.6,57418.6,0.0,0.0,0.0,58007.899159543864,57339.9223250002,56671.94549045654,-156.15881052210898,-221.28846745087947,41.551528992654994,42.36431409824808,0.0
2024-08-16 00:45:00+00:00,57475.026,57523.465,57445.187,57496.949,0.0,0.0,0.0,58019.97378857666,57362.0475250002,56704.12126142374,-145.39031430417526,-206.10883682153863,44.38943128382026,42.63432972299104,0.0
2024-08-16 01:00:00+00:00,57555.505,57621.665,57390.195,57390.195,0.0,0.0,0.0,58023.67349709152,57376.2085250002,56728.743552908876,-143.81257721828297,-193.6495849008875,41.43720196811278,42.47471268900727,0.0
2024-08-16 01:15:00+00:00,57323.715,57323.715,57127.5105,57207.294,0.0,0.0,0.0,58010.07462347434,57390.0429750002,56770.01132652606,-155.5279618123168,-186.02526028317337,36.90813061262882,41.73250174549014,0.0
2024-08-16 01:30:00+00:00,57272.0705,57386.115,57229.8935,57386.115,0.003423336,1.0,57276.99,57987.396673987925,57416.16332500019,56844.929976012456,-148.6693604337197,-178.55408031328264,43.41950418285922,41.957435403806016,0.003423336
2024-08-16 01:45:00+00:00,57355.948,57470.947,57242.919,57470.947,0.0,0.0,0.0,57867.377745426005,57462.85545000019,57058.33315457438,-134.83434954810218,-169.81013416024655,46.253351670474295,42.530224239361786,0.0
2024-08-16 02:00:00+00:00,57570.55,57570.55,57348.482,57409.4505,0.001,1.0,57477.1,57826.01992810107,57484.021575000195,57142.02322189932,-127.36408347477845,-161.32092402315294,44.5128652026375,42.79457636779855,0.001
2024-08-16 02:15:00+00:00,57454.32,57774.667,57388.219,57774.667,0.0,0.0,0.0,57833.822738156654,57517.72267500019,57201.62261184372,-90.92578859140485,-147.24189693680333,55.276279187511626,44.45880341042696,0.0
2024-08-16 02:30:00+00:00,57812.13,58502.8075,57812.13,58121.725,0.0112867,4.0,58313.07926,57938.79966648551,57565.369925000196,57191.94018351488,-33.65553717462171,-124.52462498436701,62.6840651285412,46.88883830617552,0.0112867
2024-08-16 02:45:00+00:00,58190.6695,58210.52,58090.685,58179.95,0.0,0.0,0.0,58055.24155773062,57595.53992500019,57135.83829226976,16.24258615391591,-96.37118275671043,63.76831929047416,49.139435770748676,0.0
2024-08-16 03:00:00+00:00,58208.0,58230.94,58118.229,58118.229,0.001690291,2.0,58157.947919,58135.065283062315,57622.10437500019,57109.14346693807,50.22784419018717,-67.0513773673309,61.72103519316596,50.81698236040432,0.001690291
2024-08-16 03:15:00+00:00,58172.6395,58202.0295,58040.692,58090.7485,0.0,0.0,0.0,58196.13819140539,57643.9228000002,57091.707408595,74.08989713381015,-38.823122467102685,60.7853103912408,52.14609276451585,0.0
2024-08-16 03:30:00+00:00,58015.179,58015.179,57950.0885,57950.0885,0.0009975,1.0,57953.6,58224.06158297693,57656.27610000021,57088.49061702348,80.72016770634946,-14.914464432412256,56.09730997483654,52.67292172589194,0.0009975
2024-08-16 03:45:00+00:00,57921.035,57921.6745,57823.3715,57888.85,0.001359407,1.0,57873.0,58245.1854012026,57668.493350000215,57091.80129879783,80.10981367964268,4.0903911899987335,54.139624768546426,52.868482131579206,0.001359407
2024-08-16 04:00:00+00:00,57887.0,57953.2605,57850.2,57853.496,0.001697139,1.0,57907.4,58261.04759884469,57678.91912500021,57096.79065115573,75.89842162248533,18.45199727649605,52.98990328573194,52.88467161879957,0.001697139
2024-08-16 04:15:00+00:00,57879.63,58128.395,57879.63,58128.395,1.7459e-05,1.0,58000.94,58315.021799907256,57700.741350000215,57086.460900093174,93.66322361048515,33.49424254329387,60.08742095459125,53.84503819690513,1.7459e-05
2024-08-16 04:30:00+00:00,58162.5,58182.6,58115.6,58152.35,0.0,0.0,0.0,58369.84037714493,57725.33535000022,57080.83032285551,108.4250687736203,48.48040778935916,60.64502089969487,54.75170255727709,0.0
2024-08-16 04:45:00+00:00,58193.63,58282.55,58104.829,58266.07,0.0,0.0,0.0,58441.381197713934,57760.65060000023,57079.92000228652,127.82668457067484,64.3496631456223,63.26849630724279,55.88727505727252,0.0
2024-08-16 05:00:00+00:00,58278.5685,58339.48,58175.485,58218.5455,0.0,0.0,0.0,58494.02977344838,57796.717050000225,57099.40432655207,137.77953814876673,79.03563814625119,61.425636222594726,56.625723212648815,0.0
2024-08-16 05:15:00+00:00,58181.4,58281.538,58181.4,58258.912,0.0,0.0,0.0,58540.60608269329,57839.07885000022,57137.55161730716,147.22734037492046,92.67397859198505,62.42672394785832,57.39918997734342,0.0
2024-08-16 05:30:00+00:00,58223.505,58274.135,58223.505,58241.93,0.000298835,1.0,58251.65,58574.83807417524,57880.245350000216,57185.65262582519,151.59697071876872,104.45857701734178,61.701253417162796,57.972798435986,0.000298835
2024-08-16 05:45:00+00:00,58248.041,58276.9595,58212.4745,58212.4745,0.0,0.0,0.0,58601.60991858743,57916.02162500021,57230.433331413,150.94314297427627,113.75549020872867,60.390325395207924,58.29513536388226,0.0
2024-08-16 06:00:00+00:00,58194.555,58312.915,58153.455,58312.915,0.0,0.0,0.0,58623.76425180526,57962.15762500021,57300.55099819516,156.72308257076656,122.34900868113625,63.25705035771003,58.95672402972596,0.0
2024-08-16 06:15:00+00:00,58316.348,58368.893,58251.7875,58325.3,0.0,0.0,0.0,58599.12127172207,58018.05792500022,57436.99457827837,160.45348444754927,129.96990383441886,63.60681559218748,59.57673623805417,0.0
2024-08-16 06:30:00+00:00,58386.846,58526.97,58375.48,58420.11,0.019631943,2.0,58436.048085,58598.342538968136,58069.75767500022,57541.1728110323,169.11082512653957,137.798088092843,66.25503759692944,60.46717641923754,0.019631943
2024-08-16 06:45:00+00:00,58457.73,58650.7,58457.73,58540.9,0.045837312,1.0,58562.64,58613.80006034346,58123.255325000224,57632.710589656985,183.60212252316705,146.9588949789078,69.31824272114359,61.647318592825016,0.045837312
2024-08-16 07:00:00+00:00,58493.77,58531.98,58410.06,58410.06,0.008314692,1.0,58513.24,58554.29743018888,58173.28580000022,57792.274169811564,182.4259923065838,154.052314444443,62.68086753369657,61.78512511827456,0.008314692
2024-08-16 07:15:00+00:00,58431.966,58477.3985,58375.8775,58477.3985,0.0,0.0,0.0,58564.7214965917,58208.42237500022,57852.12325340874,184.7973262701562,160.20131680958565,64.56161436480518,62.15532368447864,0.0
2024-08-16 07:30:00+00:00,58472.389,58525.7375,58371.015,58515.884,0.000116487,1.0,58472.389,58606.0174696276,58228.130325000224,57850.24318037285,187.619324945088,165.68491843668613,65.62778019185153,62.61831788546169,0.000116487
2024-08-16 07:45:00+00:00,58492.275,58495.6045,58441.319,58473.0565,0.0,0.0,0.0,58634.54205054498,58242.78565000022,57851.02924945547,184.27574185626872,169.40308312060264,63.343937645230284,62.71506718676417,0.0
2024-08-16 08:00:00+00:00,58497.053,58585.5055,58473.0565,58563.983,0.026331241,2.0,58527.335328,58676.189862442,58265.07335000022,57853.956837558435,186.8095130333386,172.88436910314982,66.04557618805849,63.159135053603414,0.026331241
2024-08-16 08:15:00+00:00,58533.33,58543.875,58402.399,58433.062,0.000166297,1.0,58512.0,58691.34817266815,58282.18902500022,57873.02987733229,176.22193759618676,173.55188280175722,59.271768797062265,62.64081955273126,0.000166297
2024-08-16 08:30:00+00:00,58459.213,58467.3,58389.945,58461.5665,0.0,0.0,0.0,58693.99111486637,58307.76292500021,57921.534735134046,168.19246467424819,172.4799991762554,60.2281987477522,62.31913677873405,0.0
2024-08-16 08:45:00+00:00,58499.7285,58502.033,58373.65,58382.2835,0.0,0.0,0.0,58668.218018192565,58332.4346000002,57996.65118180783,153.66027404111082,168.7160541492265,56.270099903342526,61.51259852868184,0.0
2024-08-16 09:00:00+00:00,58376.085,58411.4035,58309.73,58389.122,0.000249969,1.0,58389.394,58613.47523132116,58359.2159000002,58104.95656867924,141.0690617326327,163.18665566590772,56.53543066333834,60.84897614663604,0.000249969
2024-08-16 09:15:00+00:00,58447.531,58576.7,58447.531,58540.53,0.0,0.0,0.0,58622.4510860492,58379.8226500002,58137.194213951196,141.67465822333907,158.88425617739398,62.028770097939464,61.00628200680983,0.0
2024-08-16 09:30:00+00:00,58536.2435,58583.5945,58482.705,58583.5945,0.0,0.0,0.0,58635.83033106466,58401.384875000185,58166.93941893571,143.969947118072,155.9013943655296,63.443962342876794,61.33130605161876,0.0
2024-08-16 09:45:00+00:00,58550.05,58678.445,58550.05,58677.739,0.003318365,1.0,58645.7,58676.6882802788,58421.96832500018,58167.248369721565,151.63766978923377,155.04864945027043,66.39281541661472,62.00617396695156,0.003318365
2024-08-16 10:00:00+00:00,58672.9,58672.9,58388.945,58388.945,0.000829919,1.0,58622.5,58668.256747389125,58430.48830000019,58192.71985261125,132.8793821978179,150.61479599977991,52.42292082362583,60.72840688117479,0.000829919
2024-08-16 10:15:00+00:00,58415.758,58503.4,58321.675,58352.615,0.0,0.0,0.0,58662.70629790687,58435.17345000019,58207.64060209351,113.7703035185259,143.2458975035291,50.9699783876168,59.427283082033725,0.0
2024-08-16 10:30:00+00:00,58417.475,58456.493,58336.22,58452.772,0.0,0.0,0.0,58655.28651407024,58445.7155500002,58236.14458593015,105.49200764708075,135.69511953223943,54.697736219822566,58.79667683373891,0.0
2024-08-16 10:45:00+00:00,58422.6,58466.5495,58399.381,58447.655,0.003390625,1.0,58399.381,58637.71709251461,58457.4745750002,58277.23205748578,97.39578144982806,128.03525191575716,54.469880036682596,58.2197705941314,0.003390625
2024-08-16 11:00:00+00:00,58449.187,58449.187,58294.565,58324.65,0.0,0.0,0.0,58636.48488683738,58458.06132500019,58279.637763163,80.13029617904976,118.45426076841568,49.16760169587442,57.01281474103047,0.0
2024-08-16 11:15:00+00:00,58383.675,58575.92,58383.675,58520.69,0.0,0.0,0.0,58637.27860811573,58467.83082500019,58298.38304188464,81.32855932952953,111.02912048063845,56.4446351465116,56.937057461761285,0.0
2024-08-16 11:30:00+00:00,58499.387,58532.0285,58345.9845,58345.9845,0.0,0.0,0.0,58640.67894746209,58464.12455000018,58287.570152538276,67.40392721859826,102.30408182823041,49.62638434068906,55.96230104561832,0.0
2024-08-16 11:45:00+00:00,58372.7565,58438.0,58272.465,58414.485,0.016669362,1.0,58372.911,58631.94618650587,58457.80380000019,58283.66141349451,61.19060659358365,94.08138678130106,52.07105317410085,55.44346799608265,0.016669362
2024-08-16 12:00:00+00:00,58493.945,58560.53,58277.217,58279.114,0.002006733,91.0,58440.217412,58641.214961417165,58451.25650000019,58261.29803858322,44.82646528801706,84.23040248264427,47.1964138140949,54.34386077181762,0.002006733
2024-08-16 12:15:00+00:00,58264.9845,58301.755,58073.2595,58160.97,0.003539605,1.0,58092.3,58663.03014675989,58435.4350750002,58207.840003240504,22.07012135587138,71.7983462572897,43.37958857933405,52.881957812819806,0.003539605
2024-08-16 12:30:00+00:00,58095.165,58095.165,57541.17,57767.524,0.005019497,67.0,57675.110543,58764.24886596114,58398.01707500019,58031.785284039244,-27.396440087897645,51.95938898825222,33.62665807680048,50.314584514683894,0.005019497
2024-08-16 12:45:00+00:00,57832.394,58018.3965,57809.5055,57867.83,0.000954125,27.0,57858.530916,58798.51811764904,58367.7557500002,57936.993382351364,-57.838464693835704,29.999818251834636,37.485499460838106,48.604039840837785,0.000954125
2024-08-16 13:00:00+00:00,57887.5,58142.8035,57831.95,58087.9,0.014105114,3.0,58005.722869,58781.275837373396,58343.95160000019,57906.62736262698,-63.47448437433923,11.304957726599861,45.03576223596304,48.12826949352115,0.014105114
2024-08-16 13:15:00+00:00,58128.704,58887.8805,58128.704,58541.4265,0.126595364,57.0,58531.289803,58793.606467440484,58349.3698250002,57905.13318255991,-30.988061225172714,2.846353936245346,56.654349713736664,49.265080189549884,0.126595364
2024-08-16 13:30:00+00:00,58568.6255,58802.27,58426.2815,58549.3095,0.02850795,10.0,58478.924301,58804.03107163281,58353.7569750002,57903.48287836759,-4.553751792343974,1.3663327905274818,56.82518483140827,50.27309414179767,0.02850795
2024-08-16 13:45:00+00:00,58566.8245,58592.674,57888.8,58289.88,0.0,0.0,0.0,58800.04109039053,58349.1368000002,57898.232509609865,-4.486446660732327,0.1957769002755201,49.86050978282587,50.21808289393476,0.0
2024-08-16 14:00:00+00:00,58455.94,58455.94,57956.44,58077.405,0.000567688,1.0,58311.56,58799.159020369094,58333.5509500002,57867.94287963131,-21.332159772304294,-4.109810434240442,44.99632354288893,49.52184831379532,0.000567688
2024-08-16 14:15:00+00:00,58129.65,58343.3,58000.554,58179.21,0.043266294,45.0,58090.21617,58775.57354376086,58315.4849500002,57855.396356239544,-26.16606993354071,-8.521062334100495,47.63242370696828,49.26992503288505,0.043266294
2024-08-16 14:30:00+00:00,58186.7675,58394.05,58033.064,58335.507,0.0054025,207.0,58233.63813,58746.66784980653,58303.080575000204,57859.49330019388,-17.18699590108008,-10.254249047496412,51.47729174971008,49.56424059512839,0.0054025
2024-08-16 14:45:00+00:00,58311.984,58359.42,57933.7965,57970.145,0.004145387,53.0,58182.252359,58698.81363289326,58267.7008750002,57836.58811710714,-39.10193224714749,-16.023785687426628,43.44692427517934,48.748598419135185,0.004145387
2024-08-16 15:00:00+00:00,58019.028,58233.747,57994.934,58222.928,0.000574827,2.0,57995.078212,58687.23584406102,58259.4000250002,57831.56420593938,-35.66112246418197,-19.951253042777697,49.335772062661135,48.82688823827198,0.000574827
2024-08-16 15:15:00+00:00,58118.8955,58158.71,57823.215,57827.1,0.000250961,1.0,58158.71,58697.796938202526,58233.124275000206,57768.451611797886,-64.13495955771214,-28.787994345764588,41.96656363428218,47.91217829107334,0.000250961
2024-08-16 15:30:00+00:00,57922.585,58035.8775,57739.37,58035.8775,0.0,0.0,0.0,58673.05596770627,58212.27955000021,57751.50313229415,-69.05802326850971,-36.842000130313615,46.50526700010386,47.72459011894408,0.0
2024-08-16 15:45:00+00:00,57982.28,58098.878,57821.52,58098.878,0.003357434,1.0,57963.258,58644.94081661102,58194.84070000021,57744.7405833894,-67.10245753459458,-42.894091611169806,47.83116357669095,47.73879991331033,0.003357434
2024-08-16 16:00:00+00:00,58085.985,58262.63,58066.06,58262.63,0.002357478,3.0,58116.630364,58639.06579708661,58191.73970000021,57744.41360291381,-51.74278116147616,-44.66382952123108,51.215749634081256,48.202393209413124,0.002357478
2024-08-16 16:15:00+00:00,58283.77,58679.199,58283.77,58617.6,0.004172881,239.0,58468.35965,58659.87394441247,58196.58520000022,57733.296455587966,-10.802490200636385,-37.89156165711214,57.6325234279858,49.459743905222815,0.004172881
2024-08-16 16:30:00+00:00,58592.18,58701.281,58350.4755,58479.089,0.015472207,46.0,58581.122607,58678.589709060245,58203.240425000215,57727.891140940184,10.347031095756392,-28.243843106538435,54.61384306649351,50.146957126725574,0.015472207
2024-08-16 16:45:00+00:00,58502.225,58635.173,58324.356,58590.57,0.009618081,102.0,58445.764806,58708.76075932725,58212.04467500021,57715.32859067317,35.692325204377994,-15.456609444355148,56.58486702721023,51.00534511345686,0.009618081
2024-08-16 17:00:00+00:00,58557.98,58713.3125,58432.2475,58597.205,0.003175738,182.0,58553.565663,58751.86246772937,58227.94922500021,57704.035982271045,55.67228696805978,-1.2308301618721613,56.705378168300236,51.76534952076931,0.003175738
2024-08-16 17:15:00+00:00,58543.77,58689.47,58457.6,58647.859,0.000227214,13.0,58649.799462,58805.90190961612,58252.29367500021,57698.6854403843,74.73243607671611,13.961823085845495,57.67137940255911,52.55282017167462,0.000227214
2024-08-16 17:30:00+00:00,58713.0495,59028.6,58710.07,58790.596,0.00240987,29.0,58876.037641,58857.494985333826,58303.4472750002,57749.39956466658,100.20037699004024,31.209533866684446,60.35568612308849,53.5932022985298,0.00240987
2024-08-16 17:45:00+00:00,58851.0785,59367.465,58851.0785,59334.6195,0.001055643,2.0,59307.550973,59055.14130362186,58376.7867500002,57698.43219637855,162.40989335244376,57.44960576383631,68.54359333356513,55.58658776986785,0.001055643
2024-08-16 18:00:00+00:00,59291.3,59476.225,59122.663,59150.2,0.019534731,9.0,59237.677599,59172.74937078499,58429.90175000021,57687.05412921542,194.5871908631234,84.87712278369374,63.73782214039152,56.673419019271,0.019534731
2024-08-16 18:15:00+00:00,59238.8135,59461.899,59216.79,59366.28,0.00034936,20.0,59336.514329,59318.42952824848,58471.1444250002,57623.85932175192,234.81695739299175,114.86508970555334,66.68513783514874,58.00831486138803,0.00034936
2024-08-16 18:30:00+00:00,59387.764,59550.0,59316.095,59471.3,3.4938e-05,2.0,59520.0,59470.25583891642,58517.24395000021,57564.232061083996,272.0376923392687,146.2996102322964,68.04457607632045,59.34648302337902,3.4938e-05
2024-08-16 18:45:00+00:00,59412.7,59489.6,59384.1585,59489.6,0.0,0.0,0.0,59612.89146037255,58577.22995000022,57541.56843962789,299.55892123063677,176.95147243196448,68.28741420418586,60.53860718081994,0.0
2024-08-16 19:00:00+00:00,59486.2285,59627.09,59455.321,59572.91,0.00806938,3.0,59553.307306,59746.78379327251,58652.00520000021,57557.22660672791,324.35317268421204,206.431812482414,69.42647912221588,61.72365677300606,0.00806938
2024-08-16 19:15:00+00:00,59653.11,59831.354,59603.534,59831.354,0.014048531,3.0,59800.189419,59919.817035706474,58734.61240000022,57549.40776429396,360.69915119987127,237.28528022590544,72.70214331578218,63.187454978709546,0.014048531
2024-08-16 19:30:00+00:00,59802.4485,59857.55,59687.2,59857.55,0.0,0.0,0.0,60076.370358739674,58810.71455000022,57545.05874126077,387.15452295771684,267.25912877226773,73.01770625680733,64.49815514912258,0.0
2024-08-16 19:45:00+00:00,59700.956,59824.9,59650.013,59721.5805,0.006124547,15.0,59748.712628,60161.5492767211,58898.28632500021,57635.02337327932,392.6230789166293,292.33191880114003,68.58587389530972,65.04318431528087,0.006124547
2024-08-16 20:00:00+00:00,59675.761,59721.5805,59609.9575,59660.85,0.011898499,2.0,59656.262759,60235.18676754763,58970.18242500022,57705.1780824528,387.5886247087474,311.3832599826615,66.64032441507453,65.25613632858669,0.011898499
2024-08-16 20:15:00+00:00,59526.71,59577.2,59388.176,59513.938,0.004493712,4.0,59527.983701,60224.818433880144,59054.52432500022,57884.23021612029,367.5078115862416,322.6081703033775,62.05451415809602,64.82925337252126,0.004493712
2024-08-16 20:30:00+00:00,59488.1925,59488.1925,59259.63,59259.63,0.003229915,185.0,59382.776189,60190.65287685759,59115.711950000215,58040.77102314284,327.30017952060734,323.54657214682345,54.99910743029592,63.518567246891216,0.003229915
2024-08-16 20:45:00+00:00,59303.424,59932.0,58250.0,59313.275,0.005897182,330.0,59304.847157,60146.87828016729,59176.43180000021,58205.985319833126,296.34793012992304,318.1068437434434,56.13215688816774,62.53371253239475,0.005897182
2024-08-16 21:00:00+00:00,59283.601,59360.5,59194.56,59209.34,0.017340915,114.0,59296.487293,60098.989338465486,59223.76730000022,58348.54526153495,260.4292967881629,306.5713343523873,53.33046505327894,61.306612868512644,0.017340915
2024-08-16 21:15:00+00:00,59217.15,59225.8165,59013.1,59101.6655,0.003661839,184.0,59090.537265,60080.535547440406,59247.9705750002,58415.40560256,220.7306433518752,289.40319615228486,50.517365789218395,59.86804659127341,0.003661839
2024-08-16 21:30:00+00:00,59080.745,59216.8,59052.21,59146.111,0.004721174,214.0,59136.473787,60037.995018772315,59281.32167500021,58524.648331228105,190.6577707923716,269.6541110803022,51.65106084251748,58.772448491439285,0.004721174
2024-08-16 21:45:00+00:00,59112.785,59112.785,58965.1,59009.56,0.0,0.0,0.0,60002.372831382636,59302.27117500021,58602.16951861779,154.03070800880232,246.52943046600222,48.01156618837443,57.33766418436397,0.0
2024-08-16 22:00:00+00:00,59008.848,59171.395,59004.23,59086.535,1.693e-05,1.0,59028.0,59957.318873580225,59326.7376750002,58696.156476420176,129.71941143467848,223.1674266597375,50.14420346167151,56.37853608800498,1.693e-05
2024-08-16 22:15:00+00:00,59074.994,59163.15,59068.725,59145.275,0.0,0.0,0.0,59907.997646929995,59351.608475000205,58795.219303070415,113.87962737877388,201.30986680354476,51.77010957635466,55.76407921978494,0.0
2024-08-16 22:30:00+00:00,59150.3895,59196.065,59067.283,59135.882,0.0,0.0,0.0,59873.58781282201,59368.87277500021,58864.15773717841,99.42246747880563,180.93238693859695,51.48098718005224,55.193000281153914,0.0
2024-08-16 22:45:00+00:00,59143.776,59143.776,58999.406,58999.406,1.7415e-05,1.0,59039.79,59881.904578895446,59352.1121000002,58822.31962110496,76.07563886795833,159.96103732446923,47.34382418211789,54.14644346794911,1.7415e-05
2024-08-16 23:00:00+00:00,58948.83,58948.83,58831.4995,58831.4995,0.0,0.0,0.0,59906.89431430206,59336.1770750002,58765.45983569835,43.5227544706504,136.67338075370546,42.78793643799951,52.63197586395583,0.0
2024-08-16 23:15:00+00:00,58810.09,59006.5535,58797.095,58996.0,0.0,0.0,0.0,59906.993157135184,59317.6630750002,58728.33299286522,30.644919065693102,115.46768841610299,48.06127175573652,52.02254864952659,0.0
2024-08-16 23:30:00+00:00,59068.942,59068.942,58943.9085,58974.4815,0.0,0.0,0.0,59895.87730272753,59292.8221500002,58689.76699727286,18.4896415368421,96.07207904025081,47.44521650468698,51.41223769688131,0.0
2024-08-16 23:45:00+00:00,58986.83,58986.83,58896.03,58896.03,0.0,0.0,0.0,59882.7376794991,59263.143650000195,58643.54962050129,2.4973284696534392,77.35712892613134,45.17186611639437,50.58018815281639,0.0
2024-08-17 00:00:00+00:00,58938.465,58938.465,58837.5805,58837.5805,0.0,0.0,0.0,59855.280527881354,59226.37717500019,58597.47382211903,-14.723359300587617,58.94103128078755,43.499533067313315,49.636100808082645,0.0
2024-08-17 00:15:00+00:00,58924.393,58983.46,58864.05,58976.25,0.0,0.0,0.0,59755.916241731575,59183.62197500019,58611.32770826881,-16.98560915703274,43.75570319322349,48.38201474336921,49.46888933278752,0.0
2024-08-17 00:30:00+00:00,58958.93,59046.3265,58876.1945,59046.3265,0.0,0.0,0.0,59626.66611943162,59143.06080000019,58659.45548056876,-12.974310792065808,32.40970039616563,50.70051477437582,49.63310605833263,0.0
2024-08-17 00:45:00+00:00,59051.726,59275.035,59051.726,59275.035,0.0,0.0,0.0,59531.131509138075,59120.733525000185,58710.335540862296,8.560852437374706,27.63993080440745,57.42227605791496,50.67166205827694,0.0
2024-08-17 01:00:00+00:00,59173.2415,59260.954,59169.507,59239.56,0.0,0.0,0.0,59433.0313469024,59099.669025000185,58766.30670309797,22.505657218993292,26.613076087324618,56.143585014620164,51.40125178578937,0.0
2024-08-17 01:15:00+00:00,59228.2,59288.85,59168.2315,59287.275,0.0,0.0,0.0,59377.0089082948,59088.33587500018,58799.662841705554,36.980924130868516,28.6866456960334,57.51398830324532,52.21628332145016,0.0
2024-08-17 01:30:00+00:00,59250.765,59409.736,59218.836,59409.736,0.001429237,1.0,59291.53,59408.72785521449,59095.84117500018,58782.954494785874,57.66947884381079,34.48321232558888,60.89162254901238,53.372995218458456,0.001429237
2024-08-17 01:45:00+00:00,59410.295,59410.295,59225.1535,59250.975,0.0,0.0,0.0,59398.0408795827,59092.72617500019,58787.41147041768,60.55656326171447,39.697882512814,54.80826406590962,53.56436439811861,0.0
2024-08-17 02:00:00+00:00,59243.07,59361.755,59243.07,59266.825,0.0,0.0,0.0,59406.28732031751,59095.600425000186,58784.91352968286,63.3928081673439,44.43686764371998,55.28852250876933,53.79425214620537,0.0
2024-08-17 02:15:00+00:00,59219.98,59219.98,59151.2295,59183.6405,0.0,0.0,0.0,59412.75188917774,59099.699175000176,58786.64646082261,58.256711632813676,47.20083644153872,52.15583745606849,53.575796854187125,0.0
2024-08-17 02:30:00+00:00,59196.517,59225.0885,59166.44,59213.0635,0.001150228,1.0,59216.692,59419.427358856,59103.04680000017,58786.66624114434,55.91594412988343,48.943857979207664,53.1666399219458,53.52124259655495,0.001150228
2024-08-17 02:45:00+00:00,59213.845,59249.9,59129.36,59175.26,0.001564886,1.0,59129.36,59426.160461360276,59111.331800000175,58796.50313864007,50.429126922404976,49.24091176784712,51.656584911924256,53.27262157193752,0.001564886
2024-08-17 03:00:00+00:00,59197.32,59206.9215,59087.473,59087.473,0.027016892,2.0,59197.999575,59426.192850607855,59111.378700000176,58796.5645493925,38.55269603993656,47.10326862226501,48.2307940456691,52.6003779017684,0.027016892
2024-08-17 03:15:00+00:00,59092.05,59146.95,59060.5975,59060.5975,0.0,0.0,0.0,59422.29907430861,59107.14482500018,58791.99057569174,26.6645385560696,43.01552260902593,47.19880011632185,51.88016753037552,0.0
2024-08-17 03:30:00+00:00,59066.1525,59103.8385,59044.58,59070.55,0.0,0.0,0.0,59419.127633170974,59103.87822500018,58788.62881682939,17.840517295982863,37.980521546417314,47.645552244918626,51.31555215898127,0.0
2024-08-17 03:45:00+00:00,59047.132,59188.546,59045.784,59169.063,0.0,0.0,0.0,59425.02907175637,59112.36107500018,58799.693078243996,18.58238648200495,34.10089453353484,51.97686357281054,51.403727014158505,0.0
2024-08-17 04:00:00+00:00,59143.425,59198.9225,59128.085,59149.1125,0.002608119,1.0,59129.9,59413.278537710525,59128.24172500019,58843.20491228985,17.360365058157186,30.75278863845931,51.05566203679194,51.35731835050963,0.002608119
2024-08-17 04:15:00+00:00,59137.942,59267.915,59137.942,59232.6,0.0,0.0,0.0,59421.79276457431,59140.0717250002,58858.350685426085,22.865073457614926,29.175245602290435,54.67581516721869,51.7997845927375,0.0
2024-08-17 04:30:00+00:00,59226.315,59276.325,59226.315,59257.92,0.0,0.0,0.0,59429.665125142936,59154.24365000019,58878.82217485745,28.93713760581886,29.12762400299612,55.744906175618745,52.32580080378833,0.0
2024-08-17 04:45:00+00:00,59274.278,59274.425,59232.25,59245.2,0.0,0.0,0.0,59422.61557290825,59171.70215000019,58920.78872709212,32.34998401701887,29.77209600580067,55.042495850828274,52.68802681006032,0.0
2024-08-17 05:00:00+00:00,59223.275,59243.683,59200.518,59224.883,0.0,0.0,0.0,59390.305069337315,59191.06727500019,58991.829480663066,33.03447640167724,30.424572084975985,53.87480319905714,52.846263661926564,0.0
2024-08-17 05:15:00+00:00,59239.178,59260.05,59185.4275,59222.035,0.0,0.0,0.0,59376.7177193444,59203.356525000185,59029.99533065597,32.967107456301164,30.93307915924102,53.70281740051062,52.960470827071106,0.0
2024-08-17 05:30:00+00:00,59207.707,59290.4355,59199.295,59276.802,0.0,0.0,0.0,59375.099137707686,59214.88030000018,59054.66146229267,36.907509479657165,32.12796522332425,56.57374920869479,53.44224127795427,0.0
2024-08-17 05:45:00+00:00,59246.849,59247.555,59156.851,59192.7125,0.000213315,1.0,59156.851,59368.80489981767,59210.76417500018,59052.72345018269,32.8661263414906,32.27559744695752,51.31238883911815,53.15826095277612,0.000213315
2024-08-17 06:00:00+00:00,59190.15,59248.188,59169.82,59190.5,0.0,0.0,0.0,59366.010538706905,59208.31117500018,59050.61181129345,29.148762044154864,31.65023036639699,51.177527155133006,52.89416311309037,0.0
2024-08-17 06:15:00+00:00,59196.4785,59246.556,59189.355,59210.0255,0.0,0.0,0.0,59357.95096417406,59204.44870000018,59050.94643582631,27.461707258000388,30.812525744717668,52.36732956084281,52.82391863945736,0.0
2024-08-17 06:30:00+00:00,59212.555,59239.49,59179.2985,59192.4,0.004927654,1.0,59239.49,59314.788561808804,59193.58190000018,59072.375238191555,24.420963966753334,29.5342133891248,51.15541869546001,52.601451980257714,0.004927654
2024-08-17 06:45:00+00:00,59222.0,59222.0,59168.14,59193.065,0.067351033,1.0,59222.0,59309.00283606548,59190.686400000166,59072.36996393485,21.813362083681568,27.990043128036156,51.2013050273327,52.41476571986771,0.067351033
2024-08-17 07:00:00+00:00,59221.015,59221.015,59100.125,59100.125,3e-05,1.0,59167.0,59301.52247992398,59182.351400000174,59063.18032007637,12.107766738437931,24.813587850116512,44.858550639033986,51.407270375756546,3e-05
2024-08-17 07:15:00+00:00,59101.883,59202.4305,59097.7,59199.859,2.9955e-05,1.0,59097.7,59302.577930136315,59183.16232500017,59063.74671986403,12.32167617748928,22.315205515591067,51.764020284285685,51.4548370302271,2.9955e-05
2024-08-17 07:30:00+00:00,59227.4,59300.47,59199.859,59232.785,0.000846149,2.0,59291.957635,59304.85408876554,59184.148400000166,59063.44271123479,14.975426579272607,20.847249728327377,53.82013853905728,51.77021056473779,0.000846149
2024-08-17 07:45:00+00:00,59268.49,59285.065,59222.9,59275.889,0.000431868,2.0,59255.765539,59316.207674320176,59189.17985000017,59062.15202568016,20.322411348999594,20.74228205246182,56.43800807215721,52.392583565727044,0.000431868
2024-08-17 08:00:00+00:00,59301.938,59301.938,59202.3275,59205.18,1.6862e-05,1.0,59301.938,59313.301670962894,59195.065200000165,59076.828729037436,18.639446010762185,20.321714844121892,51.30043270443293,52.246963450887826,1.6862e-05
2024-08-17 08:15:00+00:00,59188.546,59249.85,59181.831,59214.515,0.0,0.0,0.0,59303.7675281287,59202.76107500016,59101.75462187162,17.85314044934057,19.827999965165628,51.922663128206246,52.20372340786361,0.0
2024-08-17 08:30:00+00:00,59209.8395,59259.515,59201.5845,59238.83,0.0,0.0,0.0,59292.92690548607,59211.17507500017,59129.42324451426,18.973292611197394,19.65705849437198,53.58614626942169,52.38804645607136,0.0
2024-08-17 08:45:00+00:00,59218.29,59310.786,59205.5935,59310.786,0.0001,1.0,59299.9,59308.32947472226,59218.26122500016,59128.19297527806,25.37476461708866,20.800599718915315,58.19586727503584,53.162422565266624,0.0001
2024-08-17 09:00:00+00:00,59294.139,59319.0765,59259.715,59266.4885,0.0,0.0,0.0,59310.63657465355,59224.13002500016,59137.623475346765,26.567288101847225,21.953937395501697,54.60067663933415,53.354189775142295,0.0
2024-08-17 09:15:00+00:00,59265.295,59378.7215,59256.25,59378.7215,0.0,0.0,0.0,59341.14127281007,59231.43610000015,59121.730927190234,36.15190008447098,24.793529933295552,61.14936003737761,54.39354581010701,0.0
2024-08-17 09:30:00+00:00,59428.6615,59496.268,59372.2035,59372.2035,6.7915e-05,2.0,59462.411427,59362.55932786352,59237.15027500016,59111.7412221368,42.72926958557218,28.38067786375088,60.60262797968904,55.22142343271794,6.7915e-05
2024-08-17 09:45:00+00:00,59321.435,59357.125,59259.87,59357.125,3.4e-05,1.0,59292.74,59378.64349256775,59242.74652500016,59106.84955743257,46.19269276066916,31.943080843134535,59.28213847922883,55.762852105586056,3.4e-05
2024-08-17 10:00:00+00:00,59314.4,59314.4,59217.425,59247.7145,0.0,0.0,0.0,59379.54903050464,59243.88810000017,59108.2271694957,39.65188535926427,33.48484174636048,50.656958748576116,55.0820663246514,0.0
2024-08-17 10:15:00+00:00,59247.2,59263.945,59154.379,59187.572,0.000483108,1.0,59169.7,59379.75419417891,59242.164950000166,59104.57570582142,29.277755510767747,32.64342449924193,46.63989253172487,53.956443152261194,0.000483108
2024-08-17 10:30:00+00:00,59182.8025,59257.75,59177.08,59211.595,0.0,0.0,0.0,59376.1461385532,59238.90460000017,59101.663061447136,22.73259103675082,30.66125780674371,48.40004248971824,53.2155897305888,0.0
2024-08-17 10:45:00+00:00,59221.177,59221.177,59112.827,59146.35,0.0,0.0,0.0,59378.3619096175,59236.58647500018,59094.811040382854,12.140822961249796,26.957170837644927,44.14128756673353,52.0056827754081,0.0
2024-08-17 11:00:00+00:00,59120.586,59185.929,59097.002,59177.15,0.0,0.0,0.0,59378.678345666805,59235.918975000175,59093.159604333545,6.161052270057553,22.797947124127454,46.533010150977006,51.27599309215062,0.0
2024-08-17 11:15:00+00:00,59137.165,59221.84,59132.566,59180.713,0.0003,1.0,59221.84,59378.83856811935,59234.45335000018,59090.06813188101,1.6900632411197876,18.57637034752592,46.81670075261122,50.68142078021204,0.0003
2024-08-17 11:30:00+00:00,59159.35,59184.357,59108.49,59108.49,0.0,0.0,0.0,59383.86884761041,59230.257850000184,59076.64685238996,-7.5934872885773075,13.342398820305274,41.957015046354925,49.51816668236442,0.0
2024-08-17 11:45:00+00:00,59127.715,59160.22,59097.2115,59158.248,0.0,0.0,0.0,59384.544684836445,59228.51700000018,59072.48931516392,-10.811089700291632,8.511701116185892,46.10757932304185,49.06342170112141,0.0
2024-08-17 12:00:00+00:00,59146.33,59201.725,59129.025,59201.725,0.0,0.0,0.0,59378.8143335232,59233.59700000018,59088.379666477165,-9.74054925704695,4.861251041539323,49.505277021613175,49.12233574385365,0.0
2024-08-17 12:15:00+00:00,59180.912,59239.3125,59152.365,59239.3125,0.0,0.0,0.0,59379.96978243592,59235.56967500019,59091.16956756446,-5.792370285758807,2.730526776079697,52.30489886960895,49.546677493954355,0.0
2024-08-17 12:30:00+00:00,59251.645,59302.089,59251.5645,59261.85,0.000358748,1.0,59302.089,59381.8660245694,59237.022925000194,59092.17982543099,-0.8351945072790841,2.017382519407941,53.953431812852024,50.134244736474045,0.000358748
2024-08-17 12:45:00+00:00,59271.2205,59302.886,59213.956,59253.645,0.0,0.0,0.0,59379.8819716238,59235.9107250002,59091.9394783766,2.4036206411838066,2.0946301437631143,53.23206739135365,50.54728775712466,0.0
2024-08-17 13:00:00+00:00,59284.39,59363.4965,59236.9795,59351.12,1.6867e-05,1.0,59284.39,59394.800913937484,59243.207725000204,59091.61453606292,12.689545664732577,4.213613247957007,60.06340864779607,51.81610387588084,1.6867e-05
2024-08-17 13:15:00+00:00,59337.761,59451.05,59311.785,59426.2075,1.7459e-05,1.0,59397.708,59424.278381147655,59253.792350000214,59083.306318852774,26.59359466420574,8.689609531206754,64.37973292119219,53.49125441525569,1.7459e-05
2024-08-17 13:30:00+00:00,59433.1,59452.2405,59238.1,59297.725,4.9965e-05,2.0,59272.998499,59428.11983474625,59256.73710000022,59085.354365254185,26.934703200378863,12.338628265041176,53.68731815076503,53.517396246656936,4.9965e-05
2024-08-17 13:45:00+00:00,59314.584,59372.36,59304.64,59338.515,0.001645777,1.0,59314.745,59431.667841370014,59258.12355000021,59084.5792586304,30.148908427290735,15.900684297491088,56.175803015785085,53.87185048254069,0.001645777
2024-08-17 14:00:00+00:00,59376.3315,59444.1035,59352.9585,59392.555,0.0,0.0,0.0,59447.61820098577,59264.4268750002,59081.23554901463,36.634466272567806,20.04744069250643,59.296243362100235,54.59510286648196,0.0
2024-08-17 14:15:00+00:00,59420.88,59420.88,59301.0365,59318.195,0.004093843,1.0,59420.88,59438.84907022836,59261.40055000021,59083.95202977206,35.36640513969178,23.1112335819435,53.63680255342666,54.46732949140792,0.004093843
2024-08-17 14:30:00+00:00,59314.498,59411.3205,59314.498,59395.1,0.0,0.0,0.0,59443.10667948676,59262.545375000205,59081.98407051365,40.104745788979926,26.509936023350786,58.09177931485428,54.95058946786743,0.0
2024-08-17 14:45:00+00:00,59405.2265,59531.9185,59405.2265,59531.9185,3.3915e-05,1.0,59470.0,59483.46462490459,59271.2850500002,59059.105475095814,54.274383097807004,32.06282543824203,64.60744649352803,56.238170404622174,3.3915e-05
2024-08-17 15:00:00+00:00,59665.3495,59665.3495,59435.5,59517.9,0.0,0.0,0.0,59522.16079801636,59284.7943250002,59047.42785198404,63.639154401331325,38.37809123085989,63.517773121188014,57.20878410016429,0.0
2024-08-17 15:15:00+00:00,59520.271,59597.15,59431.9,59449.98,0.0,0.0,0.0,59541.26855848963,59297.9147250002,59054.560891510766,64.8328737485208,43.669047734392066,58.38017674411068,57.364969786023806,0.0
2024-08-17 15:30:00+00:00,59477.86,59508.9,59413.57,59470.285,0.0001,1.0,59477.86,59561.85513423106,59310.8492250002,59059.84331576934,66.64905986100348,48.26505015971435,59.4364841122075,57.64117169618163,0.0001
2024-08-17 15:45:00+00:00,59426.13,59450.658,59400.741,59409.05,0.0,0.0,0.0,59566.5342878915,59323.9842250002,59081.43416210889,62.42762094787031,51.097564317345544,54.91036653177754,57.27706434092775,0.0
2024-08-17 16:00:00+00:00,59428.1035,59517.38,59428.1035,59517.38,0.001472721,3.0,59480.897254,59587.65600902141,59340.9957250002,59094.33544097898,67.05050930997095,54.28815331587062,60.6231457826557,57.72320853315814,0.001472721
2024-08-17 16:15:00+00:00,59511.27,59576.217,59471.88,59538.0945,0.0,0.0,0.0,59608.25516746772,59358.86480000019,59109.47443253266,71.560760769622,57.7426748066209,61.62438192017115,58.24336498475988,0.0
2024-08-17 16:30:00+00:00,59537.4785,59599.615,59536.262,59548.412,0.0,0.0,0.0,59615.18623332415,59380.86090000019,59146.535566676226,75.10197475345194,61.214534795987106,62.14074158142972,58.76301519764919,0.0
2024-08-17 16:45:00+00:00,59559.957,59656.892,59541.255,59620.1745,0.0,0.0,0.0,59637.01837598676,59403.957225000195,59170.89607401363,82.74521106838074,65.52067005046584,65.60710014633744,59.67555985747429,0.0
2024-08-17 17:00:00+00:00,59654.4,59664.605,59552.27,59552.27,0.0,0.0,0.0,59643.53952089865,59421.484475000194,59199.429429101736,82.3736530693277,68.89126665423821,60.00825967886786,59.7199198336601,0.0
2024-08-17 17:15:00+00:00,59539.76,59588.736,59487.4545,59586.609,0.0,0.0,0.0,59655.45537303603,59438.84930000019,59222.243226964354,83.8831087330982,71.8896350700102,61.784339156608624,59.99517574338657,0.0
2024-08-17 17:30:00+00:00,59589.5,59630.765,59537.2625,59537.2625,0.0108,1.0,59538.6,59657.14608855423,59452.61992500018,59248.09376144613,80.17332489436376,73.54637303488092,57.81099716253417,59.70395193260625,0.0108
2024-08-17 17:45:00+00:00,59528.1845,59560.825,59446.6725,59446.6725,0.0,0.0,0.0,59645.43031734721,59462.27130000018,59279.11228265316,69.12659026408073,72.66241648072088,51.289935824097284,58.58208311813839,0.0
2024-08-17 18:00:00+00:00,59473.145,59475.376,59379.763,59464.22,1.6814e-05,1.0,59473.145,59643.84999574011,59467.92630000018,59292.002604260255,61.08377435415605,70.34668805540791,52.40974880308891,57.759105209465126,1.6814e-05
2024-08-17 18:15:00+00:00,59469.385,59494.71,59400.45,59425.0815,0.015257929,1.0,59436.149,59643.847776343675,59467.870000000185,59291.892223656694,50.96415192496352,66.47018082931903,49.66710593904865,56.6801719734096,0.015257929
2024-08-17 18:30:00+00:00,59435.7035,59435.7035,59362.612,59388.395,0.0,0.0,0.0,59634.75915343417,59472.403500000175,59310.04784656618,39.5283263530946,61.081809934074144,47.17505790006386,55.41282343029683,0.0
2024-08-17 18:45:00+00:00,59355.726,59426.92,59332.7865,59426.92,0.0,0.0,0.0,59628.84258905783,59476.82375000018,59324.80491094253,33.1913880691136,55.503725561082035,50.01152958916988,54.69265091814657,0.0
2024-08-17 19:00:00+00:00,59413.126,59483.4585,59413.126,59478.455,6.79e-06,2.0,59453.827866,59628.14332984139,59481.11875000018,59334.094170158976,31.959355076600332,50.7948514641857,53.600708359551874,54.54705857700061,6.79e-06
2024-08-17 19:15:00+00:00,59477.4055,59510.5655,59461.465,59500.86,0.0,0.0,0.0,59616.94720819427,59490.25200000019,59363.556791806106,32.417171335160674,47.119315438380696,55.109761408521166,54.622085621203354,0.0
2024-08-17 19:30:00+00:00,59496.525,59509.248,59428.466,59502.28,0.0,0.0,0.0,59614.58559473036,59495.611000000186,59376.636405270016,32.51970918633015,44.19939418797058,55.20918974081811,54.700366170485324,0.0
2024-08-17 19:45:00+00:00,59531.603,59551.4525,59466.047,59484.345,0.014130832,4.0,59516.045442,59611.10538999833,59493.23232500019,59375.35926000204,30.79873788241821,41.51926292686011,53.59454656160049,54.55292355596735,0.014130832
2024-08-17 20:00:00+00:00,59513.6795,59521.737,59477.37,59489.205,0.0,0.0,0.0,59609.13201346978,59491.79757500019,59374.463136530605,29.487108081550105,39.11283195779811,53.98724842810913,54.47750020558625,0.0
2024-08-17 20:15:00+00:00,59501.52,59510.898,59380.6695,59380.6695,0.0,0.0,0.0,59614.187041508514,59488.3320500002,59362.47705849189,19.465339911846968,35.18333354860788,44.857667237894375,53.194855809894,0.0
2024-08-17 20:30:00+00:00,59387.52,59445.75,59357.837,59369.197,0.0,0.0,0.0,59619.33199163037,59483.2776500002,59347.22330837003,10.476514822628815,30.241969803412065,44.01046602733855,51.97027050555327,0.0
2024-08-17 20:45:00+00:00,59374.1955,59448.085,59374.1955,59409.19,0.0,0.0,0.0,59619.32372840656,59483.2846500002,59347.245571593834,6.504922347339743,25.4945603121976,47.71742239015752,51.40322409016717,0.0
2024-08-17 21:00:00+00:00,59430.65,59443.04,59363.5,59373.685,1.89e-06,1.0,59363.5,59619.173539775744,59476.099900000205,59333.026260224666,0.4868379596155137,20.49301584168118,44.87674332210732,50.53302665442586,1.89e-06
2024-08-17 21:15:00+00:00,59385.335,59390.81,59206.0775,59266.52,0.0,0.0,0.0,59629.10034571276,59462.52117500021,59295.942004287666,-12.782508360796783,13.837911001185587,37.60078444997854,48.808727693832886,0.0
2024-08-17 21:30:00+00:00,59244.317,59311.6405,59200.035,59303.1385,0.0,0.0,0.0,59625.62040906492,59450.2575000002,59274.89459093549,-20.111916351306718,7.047945530687125,41.11406432745004,47.782772578315175,0.0
2024-08-17 21:45:00+00:00,59313.732,59323.25,59274.855,59311.063,0.008201412,1.0,59321.44,59601.82681854448,59434.80192500021,59267.77703145594,-24.99298054499377,0.6397603155509458,41.876739466453515,46.99530149673362,0.008201412
2024-08-17 22:00:00+00:00,59332.58,59362.4035,59287.66,59317.75,1.6854e-05,1.0,59332.58,59588.38714562223,59423.07592500021,59257.76470437818,-27.99891994979407,-5.087975737518057,42.55288528656648,46.402979335378,1.6854e-05
2024-08-17 22:15:00+00:00,59336.66,59350.2665,59267.032,59298.274,0.0,0.0,0.0,59564.42476719588,59408.65917500021,59252.89358280454,-31.588565694866702,-10.388093728987787,41.054896752980454,45.689901657724995,0.0
2024-08-17 22:30:00+00:00,59297.475,59338.7865,59267.9895,59295.883,0.0,0.0,0.0,59547.97120664006,59396.59020000021,59245.20919336036,-34.231717595481314,-15.156818502286493,40.86470471367939,45.046542065185584,0.0
2024-08-17 22:45:00+00:00,59298.495,59348.2595,59298.495,59309.527,0.0,0.0,0.0,59543.81885263456,59389.73292500021,59235.64699736585,-34.82404780143406,-19.090264362116006,42.50163316836107,44.707220878942316,0.0
2024-08-17 23:00:00+00:00,59333.155,59403.63,59332.461,59393.73,0.0,0.0,0.0,59536.495866749014,59386.20842500021,59235.9209832514,-28.17422049496963,-20.90705558868673,51.436071871235164,45.60440101124803,0.0
2024-08-17 23:15:00+00:00,59384.7105,59446.85,59377.505,59402.5095,1.85e-06,1.0,59406.37,59534.51925092011,59385.0798250002,59235.64039908029,-21.94280912385875,-21.114206295721136,52.268871208787616,46.49299703758664,1.85e-06
2024-08-17 23:30:00+00:00,59390.985,59452.45,59355.7,59427.69,7.23e-06,3.0,59374.697344,59537.63550558401,59387.044575000196,59236.45364441638,-14.801887860179704,-19.85174260861285,54.66987439017166,47.583247351264646,7.23e-06
2024-08-17 23:45:00+00:00,59425.605,59504.63,59425.605,59504.63,0.002585347,1.0,59465.979,59549.24778236637,59390.93007500019,59232.612367634014,-2.900802677977481,-16.461554622485775,61.10754693788062,49.386487296146775,0.002585347
2024-08-18 00:00:00+00:00,59517.195,59550.5895,59471.9465,59471.9465,0.0,0.0,0.0,59548.22661099126,59390.60465000019,59232.98268900912,3.8492361704993527,-12.399396463888749,57.379674043792505,50.452245529166206,0.0
2024-08-18 00:15:00+00:00,59461.5995,59568.275,59443.0435,59568.275,0.0,0.0,0.0,59563.33105233843,59393.975400000185,59224.61974766194,16.778186992858537,-6.563879772539291,64.29358013880278,52.297756810451084,0.0
2024-08-18 00:30:00+00:00,59586.4755,59750.4155,59555.9285,59726.455,0.000207855,1.0,59718.0,59624.13928759614,59405.18415000018,59186.22901240423,39.33485003610258,2.6158661891890844,72.25332452666787,54.95849917261332,0.000207855
2024-08-18 00:45:00+00:00,59728.103,59742.885,59665.129,59699.0905,0.01301842,2.0,59728.080951,59667.91963226017,59415.92142500018,59163.923217740194,54.376265810307814,12.96794611341283,69.37221986462053,56.880328598214284,0.01301842
2024-08-18 01:00:00+00:00,59670.044,59670.044,59600.54,59634.15,0.0,0.0,0.0,59691.018729417534,59423.168675000175,59155.31862058282,60.36073952730658,22.44650479619158,62.956376954211734,57.69046837901394,0.0
2024-08-18 01:15:00+00:00,59645.5815,59688.61,59467.0,59490.904,0.05,1.0,59688.61,59697.34099271193,59428.68040000017,59160.019807288416,52.93452674686705,28.544109186326672,51.61650215468756,56.88060621577043,0.05
2024-08-18 01:30:00+00:00,59514.12,59535.53,59490.7285,59522.455,0.0,0.0,0.0,59706.518639498776,59436.34330000018,59166.16796050159,49.029915289298515,32.64127040692104,53.5989932463283,56.44305781984481,0.0
2024-08-18 01:45:00+00:00,59521.8105,59521.8105,59420.05,59455.0115,0.0,0.0,0.0,59708.6268896586,59438.63437500018,59168.64186034177,40.03189303292311,34.11939493212145,48.97905628061091,55.447857614613625,0.0
2024-08-18 02:00:00+00:00,59430.265,59494.505,59409.4855,59470.001,0.004352534,1.0,59466.14,59712.06938321904,59443.45017500018,59174.83096678132,33.72170017640747,34.03985598097866,50.0103706391269,54.7228593512154,0.004352534
2024-08-18 02:15:00+00:00,59480.659,59507.601,59471.85,59504.375,0.0,0.0,0.0,59712.38774309123,59455.34292500018,59198.298106909126,31.135609474848025,33.459006679752534,52.387178653762824,54.41143525822172,0.0
2024-08-18 02:30:00+00:00,59515.7245,59714.9915,59482.39,59692.715,0.0,0.0,0.0,59741.63667278035,59474.82175000018,59208.00682722001,43.77892178017646,35.52298969983732,62.81848021607862,55.532374585935976,0.0
2024-08-18 02:45:00+00:00,59684.8255,60223.8,59666.117,60223.8,0.000957313,3.0,59933.298809,59932.39259090361,59520.45860000017,59108.524609096734,95.55150068856892,47.52869189758364,77.6728458035453,58.484437414950555,0.000957313
2024-08-18 03:00:00+00:00,60159.4575,60159.4575,59695.06,59764.065,0.0269,1.0,59717.7,59956.71674018164,59542.774350000174,59128.83195981871,98.35113942661701,57.69318140339031,56.59475145738653,58.23247928727535,0.0269
2024-08-18 03:15:00+00:00,59734.722,59742.421,59605.3015,59634.675,0.0,0.0,0.0,59959.531529716245,59559.59440000018,59159.65727028411,89.10206847293011,63.97495881729827,52.29356559432773,57.44062412821567,0.0
2024-08-18 03:30:00+00:00,59583.786,59628.186,59520.658,59550.163,0.0,0.0,0.0,59953.6378826067,59572.308400000176,59190.97891739365,74.09853916764405,65.99967488736743,49.63990517972171,56.40052826841647,0.0
2024-08-18 03:45:00+00:00,59566.635,59566.635,59390.08,59390.08,0.008150036,1.0,59447.59,59948.058946203746,59576.33605000018,59204.613153796614,48.729055647345376,62.54555103936302,44.98339225699415,54.878243466893494,0.008150036
2024-08-18 04:00:00+00:00,59375.1925,59457.503,59354.385,59447.435,0.000159983,1.0,59381.2,59946.176814094375,59579.02130000018,59211.86578590599,32.87269043175911,56.61097891784224,46.905126004024346,53.81516113851094,0.000159983
2024-08-18 04:15:00+00:00,59408.4,59501.02,59385.055,59385.64,0.0,0.0,0.0,59947.02509428612,59578.17782500018,59209.330555714245,15.145479047103436,48.31787894369448,45.07815248688188,52.650226651627065,0.0
2024-08-18 04:30:00+00:00,59347.6975,59430.5745,59347.6975,59370.7995,0.0,0.0,0.0,59949.616320731526,59575.33330000019,59201.05027926885,-0.0998173830084852,38.63433967835389,44.62857470297114,51.58067305847294,0.0
2024-08-18 04:45:00+00:00,59357.2145,59489.122,59345.025,59467.6165,0.0,0.0,0.0,59949.50771736582,59573.48262500019,59197.457532634566,-4.3197069805828505,30.04353034656654,48.25434583619114,51.1371627621687,0.0
2024-08-18 05:00:00+00:00,59453.421,59682.4155,59453.421,59644.228,0.0,0.0,0.0,59956.31204658794,59582.096700000184,59207.88135341243,6.51200580742443,25.33722543873812,54.15209407717382,51.539153604169385,0.0
2024-08-18 05:15:00+00:00,59624.421,59627.6155,59436.236,59482.87,0.000384098,22.0,59538.509227,59954.51619660523,59577.82645000019,59201.13670339515,2.0523163301331806,20.680243617017133,48.69170559278723,51.15949386931843,0.000384098
2024-08-18 05:30:00+00:00,59463.55,59563.929,59442.1755,59558.0465,0.0,0.0,0.0,59939.90799676099,59569.406025000186,59198.904053239385,4.5318551575546735,17.450565925124643,51.16250749799072,51.159895686474734,0.0
2024-08-18 05:45:00+00:00,59574.2085,59574.2085,59466.68,59489.92,0.009082423,55.0,59558.986099,59926.00904950085,59558.947500000184,59191.88595049952,0.9882761174158077,14.158107963582875,48.86595994338272,50.8540375873958,0.009082423
2024-08-18 06:00:00+00:00,59502.2,59612.559,59479.4,59583.838,0.001155957,69.0,59542.466536,59922.08432012709,59556.431900000185,59190.77947987328,5.692739534773864,12.465034277821072,52.060680855270334,51.01492335644574,0.001155957
2024-08-18 06:15:00+00:00,59604.04,59645.904,59533.817,59587.285,0.001918391,103.0,59590.022152,59925.860879918786,59561.250950000176,59196.641020081566,9.588672530881013,11.88976192843306,52.17877290597388,51.17010329638283,0.001918391
2024-08-18 06:30:00+00:00,59588.2965,59624.75,59548.4525,59610.355,0.0,0.0,0.0,59930.398404816275,59565.64595000017,59200.89349518407,14.37211094628583,12.386231732003614,53.01302495831245,51.41582618464011,0.0
2024-08-18 06:45:00+00:00,59621.465,59632.3,59584.38,59584.38,0.0,0.0,0.0,59933.36108824469,59572.114375000165,59210.86766175564,15.883954594290117,13.085776304460914,51.914876544850344,51.48236623266814,0.0
2024-08-18 07:00:00+00:00,59617.525,59675.39,59577.0855,59675.39,0.002448137,1.0,59619.15,59943.11237126353,59582.383825000165,59221.6552787368,24.14749073339044,15.298119190246819,55.4008440433455,52.004829940758455,0.002448137
2024-08-18 07:15:00+00:00,59626.5,59647.045,59583.427,59615.6,0.0,0.0,0.0,59947.11768194867,59587.94507500017,59228.77246805167,25.577013455098495,17.353898043217153,52.69794159026415,52.09724482735921,0.0
2024-08-18 07:30:00+00:00,59617.094,59659.74,59578.5675,59659.74,0.0,0.0,0.0,59943.829040835844,59586.29632500016,59228.76360916448,29.92667355381127,19.868453145335977,54.464204612389736,52.412839465363284,0.0
2024-08-18 07:45:00+00:00,59661.724,59661.724,59535.645,59597.9875,0.0,0.0,0.0,59761.544751090565,59555.00570000017,59348.46664890977,28.0673568385173,21.508233883972242,51.56336645564606,52.29957639740099,0.0
2024-08-18 08:00:00+00:00,59554.819,59569.9095,59464.05,59560.9265,0.0,0.0,0.0,59727.910458900595,59544.84877500017,59361.78709109975,23.334338251457666,21.873454757469325,49.84742550295931,51.97262294480877,0.0
2024-08-18 08:15:00+00:00,59555.8,59568.63,59495.6995,59562.4295,0.0,0.0,0.0,59719.86307201158,59541.236500000174,59362.609927988764,19.480111857010343,21.39478617737753,49.92021187764798,51.698968135853995,0.0
2024-08-18 08:30:00+00:00,59599.875,59669.4075,59599.875,59666.02,0.0,0.0,0.0,59733.768396998836,59547.02935000018,59360.29030300152,24.502052865842415,22.016239515070506,54.79027261297396,52.11114206613666,0.0
2024-08-18 08:45:00+00:00,59658.2005,59730.601,59639.315,59721.35,0.0,0.0,0.0,59750.47514358963,59563.592850000176,59376.71055641072,32.57118553241162,24.127228718538728,57.18519419376417,52.78768234982033,0.0
2024-08-18 09:00:00+00:00,59703.015,59795.373,59665.6,59792.095,4.06e-05,1.0,59665.6,59784.49519916386,59580.825850000176,59377.15650083649,44.16544975229044,28.13487292528907,60.095889888252486,53.762110021611285,4.06e-05
2024-08-18 09:15:00+00:00,59874.0685,59874.0685,59684.4025,59684.4025,0.0,0.0,0.0,59783.153234956386,59595.76397500018,59408.37471504398,44.15511032624636,31.33892040548053,54.069845269023844,53.80314138793296,0.0
2024-08-18 09:30:00+00:00,59712.104,59755.165,59668.3965,59732.24,0.0,0.0,0.0,59779.40073196754,59613.836000000185,59448.27126803283,47.459914361948904,34.5631191967742,56.17219513535019,54.11901522092192,0.0
2024-08-18 09:45:00+00:00,59747.921,60096.075,59747.921,59899.249,1.379e-05,1.0,59939.21,59829.233780156734,59635.41762500019,59441.60146984365,62.83094983878982,40.21668532517732,62.60722874671889,55.25077702436152,1.379e-05
2024-08-18 10:00:00+00:00,59970.6445,60078.779,59916.1,59959.274,8.5114e-05,1.0,59916.1,59891.03077625043,59651.169925000184,59411.30907374994,78.94608076977602,47.96256441409706,64.61799030560717,56.49973879519427,8.5114e-05
2024-08-18 10:15:00+00:00,60097.26,60183.085,60072.1775,60121.105,0.0,0.0,0.0,59986.3350522401,59683.081675000176,59379.82829776025,103.58182060721447,59.08641565272054,69.39617433994133,58.21926353449388,0.0
2024-08-18 10:30:00+00:00,60115.815,60148.4345,60016.585,60142.755,0.0,0.0,0.0,60069.636179608446,59712.317100000175,59354.998020391904,123.42997209686291,71.95512694154901,69.98024895082764,59.787394923338375,0.0
2024-08-18 10:45:00+00:00,60095.885,60095.885,59899.75,59936.18,0.0,0.0,0.0,60089.33599276338,59734.63010000017,59379.92420723696,121.09499138822139,81.78309983088349,58.50658993275481,59.6166209245939,0.0
2024-08-18 11:00:00+00:00,59892.655,60005.25,59892.655,59991.8275,0.0,0.0,0.0,60119.49379144615,59755.02957500017,59390.56535855419,122.32470745537285,89.89142135578136,60.390575487678475,59.71981486633851,0.0
2024-08-18 11:15:00+00:00,59996.105,59996.105,59881.7445,59888.53,0.0,0.0,0.0,60130.457616626736,59770.09182500017,59409.726033373605,113.65389004410827,94.64391509344674,55.36524633049024,59.139205728225406,0.0
2024-08-18 11:30:00+00:00,59873.622,59914.8,59751.952,59788.211,0.001172098,67.0,59822.829552,60131.8438978758,59778.98462500017,59426.125352124545,97.5626582826444,95.22766373128627,50.932542002143045,58.04498389808109,0.001172098
2024-08-18 11:45:00+00:00,59808.52,60055.89,59808.52,60030.648,0.285840917,13.0,59814.105376,60158.52458339424,59801.29802500018,59444.07146660612,103.18344640932628,96.81882026689428,59.393627956144336,58.22480310582286,0.285840917
2024-08-18 12:00:00+00:00,60026.0,60087.651,59968.5685,60007.384,0.0,0.0,0.0,60180.9849507803,59817.897725000184,59454.81049922007,104.55550039564696,98.36615629264482,58.35377560086336,58.24199943849492,0.0
2024-08-18 12:15:00+00:00,59977.203,60113.975,59929.6305,60113.975,1.2673e-05,1.0,59967.95,60215.235639066545,59842.81647500019,59470.39731093383,112.9419415485172,101.28131334381929,61.665417679050464,58.69845520390233,1.2673e-05
2024-08-18 12:30:00+00:00,60161.9,60204.234,60110.19,60204.234,0.0,0.0,0.0,60263.93509846335,59870.04117500018,59476.14725153701,125.42557559651323,106.11016579435808,64.25726938511367,59.43963042806384,0.0
2024-08-18 12:45:00+00:00,60172.56,60233.78,59985.12,59993.2545,0.0,0.0,0.0,60266.39943628201,59889.80452500018,59513.209613718354,116.9465757697617,108.27744778943881,54.91146164769618,58.835874590681485,0.0
2024-08-18 13:00:00+00:00,59968.6045,60231.003,59968.6045,60183.642,0.05,1.0,60170.56,60286.42890795462,59920.94030000018,59555.45169204573,124.15836706481787,111.45363164451462,60.49522523150659,59.0571213427915,0.05
2024-08-18 13:15:00+00:00,60152.2055,60159.902,60080.15,60082.4035,0.0,0.0,0.0,60279.18328841928,59946.93900000017,59614.69471158107,120.31771503599157,113.22644832281,56.4891606957191,58.71472658984851,0.0
2024-08-18 13:30:00+00:00,60120.935,60167.446,60093.176,60098.5,0.0,0.0,0.0,60280.53564000878,59968.56300000018,59656.59035999158,117.22156640901085,114.02547194005017,56.9769902055635,58.483028405277174,0.0
2024-08-18 13:45:00+00:00,60099.145,60099.145,59902.938,59902.938,0.0,0.0,0.0,60270.27811338703,59977.64240000017,59685.00668661331,97.85956316668307,110.79229018537674,49.68811040772063,57.31037267226964,0.0
2024-08-18 14:00:00+00:00,59890.455,59895.637,59847.923,59861.947,0.0,0.0,0.0,60266.403970129686,59981.13500000017,59695.86602987065,78.30475648774154,104.2947834458497,48.29354434900577,56.108128895834454,0.0
2024-08-18 14:15:00+00:00,59931.05,59993.55,59894.55,59940.2885,0.0,0.0,0.0,60245.81669720372,59993.92930000017,59742.04190279662,68.34114149441302,97.10405505556237,51.1173168136678,55.4426872848789,0.0
2024-08-18 14:30:00+00:00,59842.3785,59937.626,59691.945,59937.626,0.0,0.0,0.0,60227.72305314197,60004.19860000016,59780.67414685836,59.54368084158341,89.59198021276657,51.01534780456962,54.852375354170995,0.0
2024-08-18 14:45:00+00:00,59910.05,59910.05,59782.1705,59825.5895,0.0,0.0,0.0,60233.08020172807,60000.51562500016,59767.95104827225,43.03513838319486,80.28061184685222,46.78602442709595,53.776861897227654,0.0
2024-08-18 15:00:00+00:00,59787.265,59797.827,59707.9,59797.827,0.0,0.0,0.0,60240.842132526115,59992.443275000165,59744.044417474215,27.395993854450353,69.70368824837185,45.773357715046906,52.70972800627022,0.0
2024-08-18 15:15:00+00:00,59785.759,59872.81,59785.759,59862.883,0.0,0.0,0.0,60226.67911810574,59979.53217500016,59732.38523189458,20.020550205386826,59.76706063977484,48.581893361846,52.15935005368032,0.0
2024-08-18 15:30:00+00:00,59864.621,59922.545,59851.776,59907.652,0.0,0.0,0.0,60204.91388646946,59967.77702500017,59730.64016353088,17.58523053497629,51.33069461881513,50.482535466990896,51.935774775455066,0.0
2024-08-18 15:45:00+00:00,59885.6215,59943.6,59860.75,59865.8,0.0,0.0,0.0,60205.22388554484,59964.25802500018,59723.29216445552,12.138193977982155,43.49219449064854,48.67127666178392,51.500508360298916,0.0
2024-08-18 16:00:00+00:00,59906.665,59938.74,59790.52,59821.43,0.004237252,3.0,59935.82,60204.13731791687,59955.73815000018,59707.338982083485,4.1927585674857255,35.632307306015974,46.75598695394859,50.86790550611887,0.004237252
2024-08-18 16:15:00+00:00,59848.33,59933.5455,59825.5165,59931.91,0.0,0.0,0.0,60204.673228382795,59957.907150000174,59711.14107161755,6.7331409829930635,29.85247404141139,51.83809944392112,50.99726469782584,0.0
2024-08-18 16:30:00+00:00,59949.3475,59955.3445,59903.445,59909.5685,0.0,0.0,0.0,60199.46215704301,59963.97502500018,59728.48789295735,6.864510214712936,25.2548812760717,50.78249580236851,50.968628845098195,0.0
2024-08-18 16:45:00+00:00,59900.542,59969.9805,59827.58,59863.53,0.0,0.0,0.0,60192.90310800578,59955.61912500018,59718.335141994576,3.216619895240001,20.84722899990536,48.58684133396614,50.651057176947255,0.0
2024-08-18 17:00:00+00:00,59862.615,59881.5125,59751.68,59759.515,0.0,0.0,0.0,60193.914213425,59943.22567500017,59692.53713657534,-7.97556334532419,15.08267053085945,43.962095869144214,49.759195669240185,0.0
2024-08-18 17:15:00+00:00,59725.477,59765.33,59438.4085,59469.3555,0.0,0.0,0.0,60223.67492394967,59910.99470000017,59598.31447605067,-39.80010504837992,4.106115415011576,34.18639367817207,47.6828220704311,0.0
2024-08-18 17:30:00+00:00,59440.92,59645.4,59440.92,59635.358,0.001636175,1.0,59470.34,60186.738316047034,59882.55090000017,59578.363483953304,-51.037935669883154,-6.92269480196737,42.1166263047865,46.94066263501182,0.001636175
2024-08-18 17:45:00+00:00,59603.6385,59603.6385,59482.166,59529.045,0.0,0.0,0.0,60195.37212937205,59859.34042500016,59523.30872062827,-67.74168404092052,-19.086492649758,38.885084947165055,45.86658560996558,0.0
2024-08-18 18:00:00+00:00,59553.08,59578.015,59494.7,59526.6985,0.0,0.0,0.0,60157.69920777716,59826.49325000016,59495.28729222316,-80.24386656477145,-31.317967432760693,38.81429579306745,44.92628030104583,0.0
2024-08-18 18:15:00+00:00,59524.9455,59583.9,59515.457,59583.9,0.0,0.0,0.0,60126.96723733634,59801.568075000156,59476.16891266397,-84.56148117389239,-41.96667018098703,41.60510467983057,44.48345688488379,0.0
2024-08-18 18:30:00+00:00,59593.2875,59629.93,59585.267,59603.705,0.0,0.0,0.0,60082.82283409934,59776.82832500016,59470.83381590099,-85.400678019505,-50.65347174869062,42.58162911125293,44.229879848399676,0.0
2024-08-18 18:45:00+00:00,59605.1895,59629.451,59534.14,59617.35,0.00069052,1.0,59556.2,60070.31989787844,59762.54892500016,59454.77795212188,-83.99645129718556,-57.32206765838961,43.28532826439709,44.10393963719933,0.00069052
2024-08-18 19:00:00+00:00,59610.765,59626.416,59548.2335,59564.855,1.4182e-05,1.0,59556.3,60063.41717389541,59747.694325000164,59431.97147610492,-86.12668447716715,-63.082991022145116,41.193647081243405,43.71590062973854,1.4182e-05
2024-08-18 19:15:00+00:00,59531.4515,59744.8035,59513.701,59693.07,0.0,0.0,0.0,60039.05697099193,59735.33340000016,59431.6098290084,-76.58619270106283,-65.78363135792866,47.82528003328624,44.2638178835449,0.0
2024-08-18 19:30:00+00:00,59695.4915,59767.5,59685.9,59757.1905,0.0,0.0,0.0,60015.85182123244,59726.31162500017,59436.7714287679,-63.123645666208176,-65.25163421958456,50.81267202631792,45.13699843591464,0.0
2024-08-18 19:45:00+00:00,59688.4955,59724.4,59688.4955,59706.0415,0.000935155,2.0,59697.362771,60006.34395261621,59720.33422500017,59434.324497384136,-55.93697040338884,-63.388701456345416,48.4304851072181,45.57612999208843,0.000935155
2024-08-18 20:00:00+00:00,59722.223,59772.675,59702.5,59735.054,0.0,0.0,0.0,60001.104835354345,59717.19557500017,59433.286314646,-47.35453855470405,-60.18186887601714,49.86619649871975,46.148138859639275,0.0
2024-08-18 20:15:00+00:00,59736.4505,59776.129,59694.5135,59765.4355,0.0,0.0,0.0,59989.32493442191,59712.32320000017,59435.32146557844,-37.66716273530619,-55.67892764787495,51.39231337343201,46.84736212814497,0.0
2024-08-18 20:30:00+00:00,59744.46,59825.1,59735.3725,59822.365,0.0,0.0,0.0,59975.357173370816,59708.05885000017,59440.76052662952,-25.10669834420696,-49.564481787141354,54.20540698524698,47.82843477575857,0.0
2024-08-18 20:45:00+00:00,59839.9,59859.46,59760.97,59824.001,0.242420521,1.0,59799.191,59968.919436152384,59705.96890000017,59443.01836384795,-14.849255321620149,-42.62143649403711,54.28728115290019,48.689614292710786,0.242420521
2024-08-18 21:00:00+00:00,59820.19,59820.19,59734.58,59750.52,0.0,0.0,0.0,59960.925642080605,59702.42340000017,59443.92115791973,-12.505307023908244,-36.59821060001134,49.966263778780444,48.85983422418674,0.0
2024-08-18 21:15:00+00:00,59738.7,59756.47,59632.6,59683.2195,0.003628499,1.0,59632.6,59926.094524132146,59689.98887500017,59453.883225868194,-15.895070528276847,-32.45758258566444,46.32904686026819,48.5223959089976,0.003628499
2024-08-18 21:30:00+00:00,59695.21,59751.925,59550.251,59661.219,0.007421673,2.0,59628.493306,59891.23375421418,59677.57140000017,59463.90904578615,-20.124753381802293,-29.99101674489201,45.17145529838757,48.07560382758293,0.007421673
2024-08-18 21:45:00+00:00,59624.279,59637.924,59373.125,59456.795,0.0,0.0,0.0,59873.63610930433,59657.23465000016,59440.83319069599,-39.516593185770034,-31.896132033067616,36.13639881640519,46.483709826092564,0.0
2024-08-18 22:00:00+00:00,59493.698,59512.538,59450.52,59453.593,0.0,0.0,0.0,59870.182803380965,59641.93855000017,59413.69429661938,-54.51472872237355,-36.419851370928804,36.01488575579447,45.08786661671949,0.0
2024-08-18 22:15:00+00:00,59526.591,59552.7405,59467.39,59501.7635,0.0,0.0,0.0,59867.29487362283,59643.558950000166,59419.823026377504,-61.80149327415711,-41.496179751574466,39.320589662094626,44.31889635610284,0.0
2024-08-18 22:30:00+00:00,59480.677,59480.677,59397.9625,59411.3845,0.0036987,1.0,59460.7,59877.96904146503,59632.36027500016,59386.751508535286,-74.0159271164448,-48.00012922454853,35.60392065067794,43.15689959537952,0.0036987
2024-08-18 22:45:00+00:00,59454.645,59454.645,59331.14,59378.6695,0.022020577,6.0,59394.416011,59890.98907354682,59624.84150000017,59358.69392645352,-85.35189748158155,-55.470482875955135,34.33865639567886,41.981133835419435,0.022020577
2024-08-18 23:00:00+00:00,59317.953,59428.7,59200.666,59221.018,0.028779179,8.0,59334.810493,59926.71421758399,59609.55747500017,59292.40073241635,-105.83687258268765,-65.54376081730163,28.99184219748061,40.24922828369426,0.028779179
2024-08-18 23:15:00+00:00,59257.3,59257.3,58965.65,59031.483,0.013378491,6.0,59026.703098,59987.20087517606,59581.93662500017,59176.67237482428,-135.79983743303455,-79.59497614044821,24.12772374982043,38.09969434584441,0.013378491
2024-08-18 23:30:00+00:00,59008.94,59080.2,58861.97,58888.285,0.007063959,2.0,58983.735882,60051.39487757016,59546.16562500016,59040.936372430166,-169.150720578662,-97.50612502809096,21.22968553923597,35.85035983829662,0.007063959
2024-08-18 23:45:00+00:00,58844.63,58844.63,58421.2,58436.376,0.00862992,4.0,58636.806089,60184.700440482105,59487.116925000155,58789.533409518204,-229.4024071391541,-123.8853814503036,15.07562460757941,33.08039514086766,0.00862992
2024-08-19 00:00:00+00:00,58474.5,58520.64,58264.491,58468.96,0.0129675,1.0,58264.491,60257.38760615388,59432.322175000154,58607.256743846425,-271.39457857954403,-153.38722087615167,16.945107691915613,30.929023481007384,0.0129675
2024-08-19 00:15:00+00:00,58683.195,58696.64,58255.9,58426.987,0.0,0.0,0.0,60292.73074074392,59369.01802500015,58445.30530925638,-304.54988579262135,-183.6197538594456,16.442973457253746,28.9975501445069,0.0
2024-08-19 00:30:00+00:00,58441.591,58614.95,58353.85,58614.95,0.0008,1.0,58490.2,60273.0439665921,59311.90600000015,58350.768033408196,-312.06141268842475,-209.30808562524143,26.890981370849453,28.71667430801924,0.0008
2024-08-19 00:45:00+00:00,58550.6,58633.3425,58467.183,58467.183,0.0,0.0,0.0,60259.95382638007,59249.96307500014,58239.972323620204,-326.17793760463974,-232.6820560211211,24.31675943877602,28.130018992120142,0.0
2024-08-19 01:00:00+00:00,58373.33,58461.454,58268.945,58461.454,0.0121,2.0,58366.260083,60226.0654654258,59186.28307500014,58146.50068457447,-333.9777797742645,-252.94120077174978,24.219954235369098,27.608677024553337,0.0121
2024-08-19 01:15:00+00:00,58458.85,58458.85,58358.0495,58411.316,0.0,0.0,0.0,60174.91147434517,59118.57710000015,58062.242725655124,-340.2823651803992,-270.40943365347965,23.344078285418817,27.0400638593354,0.0
2024-08-19 01:30:00+00:00,58471.923,58627.11,58471.923,58627.11,0.0,0.0,0.0,60083.89993945583,59058.81435000015,58033.72876054448,-324.12965727716073,-281.1534783782159,34.3485814670012,28.01453287369084,0.0
2024-08-19 01:45:00+00:00,58601.3015,58601.3015,58447.9,58514.8485,0.0,0.0,0.0,59981.15190131574,58993.35672500016,58005.56154868458,-316.73594986263925,-288.2699726751006,31.79167795489845,28.518152217851853,0.0
2024-08-19 02:00:00+00:00,58556.245,58596.289,58490.3,58490.3,0.0,0.0,0.0,59876.81903924578,58930.34572500016,57983.87241075454,-309.2919175593779,-292.47436165195603,31.243968141039975,28.881594340943604,0.0
2024-08-19 02:15:00+00:00,58531.4655,58638.178,58437.675,58638.178,0.0,0.0,0.0,59766.12474680658,58878.09365000017,57990.06255319376,-288.1384686886231,-291.60718305928947,38.15588839364962,30.118166881304404,0.0
2024-08-19 02:30:00+00:00,58648.33,58708.7,58597.8245,58597.8245,0.0,0.0,0.0,59643.669457382275,58824.92392500017,58006.178392618065,-271.500707109677,-287.58588786936696,37.06100607346023,31.043878773591846,0.0
2024-08-19 02:45:00+00:00,58605.895,58734.245,58580.574,58713.259,0.0034941,1.0,58661.029,59554.20481395874,58787.74712500018,58021.289436041625,-246.16294852662395,-279.30130000081834,42.172841102432606,32.52774041743728,0.0034941
2024-08-19 03:00:00+00:00,58744.618,58746.5,58662.698,58686.2655,0.006974686,3.0,58705.045942,59452.91399885193,58749.38075000017,58045.84750114841,-225.65948013789603,-268.57293602823387,41.327552571117984,33.701048704594704,0.006974686
2024-08-19 03:15:00+00:00,58613.91,58675.3,58562.23,58667.5135,0.006923319,2.0,58611.671497,59320.95757033422,58707.66825000018,58094.378929666134,-208.51977721068397,-256.5623042647239,40.71700290439138,34.63650926456759,0.006923319
2024-08-19 03:30:00+00:00,58672.2,58783.9565,58672.2,58783.9565,0.006553633,2.0,58762.220591,59200.04087029789,58676.29685000018,58152.55282970247,-183.4260409889539,-241.93505160956988,46.047227996435126,36.1579384288166,0.006553633
2024-08-19 03:45:00+00:00,58782.6,58782.6,58707.886,58746.934,0.0006,3.0,58769.204,59060.221031389265,58644.71007500017,58229.199118611075,-164.62874291222397,-226.4737898701007,44.67195966814533,37.2931412607271,0.0006
2024-08-19 04:00:00+00:00,58695.99,58739.85,58618.1,58684.2195,0.025023928,71.0,58699.599292,58939.82334944794,58617.87015000017,58295.9169505524,-153.02827014085779,-211.7846859242521,42.36380041792346,37.96922914835328,0.025023928
2024-08-19 04:15:00+00:00,58705.4,58705.4,58550.5315,58581.79,0.000454844,26.0,58671.071115,58855.53326992695,58595.38550000017,58335.23773007339,-150.36668298219593,-199.50108533584086,38.83448787763003,38.084596978923514,0.000454844
2024-08-19 04:30:00+00:00,58579.493,58655.45,58476.037,58513.725,0.008306986,4.0,58531.116193,58801.26732678726,58576.65750000018,58352.04767321311,-151.9975000746199,-190.00036828359666,36.649510884423705,37.89325216632354,0.008306986
2024-08-19 04:45:00+00:00,58527.583,58619.8165,58527.583,58565.35,0.00343,1.0,58600.0,58798.45016537243,58583.10620000019,58367.76223462795,-147.4248069125606,-181.48525600938945,39.43297990513528,38.09854919816511,0.00343
2024-08-19 05:00:00+00:00,58592.0535,58625.0085,58488.521,58488.521,0.0,0.0,0.0,58797.5147963428,58584.08425000019,58370.653703657576,-148.29096689200378,-174.8463981859123,36.83884685819024,37.93058888616846,0.0
2024-08-19 05:15:00+00:00,58443.13,58515.32,58443.13,58450.9175,0.006823655,2.0,58471.956697,58795.41796564746,58585.28077500019,58375.14358435292,-150.27936611359473,-169.9329917714488,35.6042579801178,37.62041143202837,0.006823655
2024-08-19 05:30:00+00:00,58451.52,58594.4,58418.381,58570.8555,0.0,0.0,0.0,58792.84678382379,58583.07605000019,58373.30531617659,-140.55693967907428,-164.0577813529739,42.251894852701184,38.237942554784745,0.0
2024-08-19 05:45:00+00:00,58516.965,58538.28,58421.3,58495.68,0.001906846,109.0,58483.771606,58791.47194648244,58584.500900000196,58377.52985351795,-137.33477150753606,-158.71317938388634,39.499528417891355,38.40615400319896,0.001906846
2024-08-19 06:00:00+00:00,58463.4,58557.84,58369.131,58400.19,0.103478892,105.0,58444.768746,58797.22804954464,58581.4377000002,58365.64735045576,-140.86264805111568,-155.14307311733222,36.26771343817005,38.12102859452843,0.103478892
2024-08-19 06:15:00+00:00,58441.3,58579.66,58386.007,58503.36,0.011733608,215.0,58519.830755,58790.7633741469,58586.03990000019,58381.31642585348,-133.79129607755021,-150.87271770937582,41.80760228927682,38.61257175382822,0.011733608
2024-08-19 06:30:00+00:00,58531.82,58647.2,58458.5,58611.801,0.005544533,209.0,58551.395257,58789.49181812595,58585.274450000186,58381.05708187442,-118.07581181247951,-144.31333652999655,47.02044503280749,39.73362152435879,0.005544533
2024-08-19 06:45:00+00:00,58639.9555,58688.09,58585.3235,58585.3235,0.001428968,6.0,58646.344652,58790.44914541445,58588.79820000018,58387.14725458591,-106.52968241036433,-136.7566057060701,45.938382845429686,40.56092303383491,0.001428968
2024-08-19 07:00:00+00:00,58616.205,58713.675,58609.0895,58696.2425,0.0,0.0,0.0,58800.60824541047,58599.09532500018,58397.582404589884,-87.42131683992193,-126.88954793284047,51.023138514688526,41.95588509794872,0.0
2024-08-19 07:15:00+00:00,58666.875,58685.565,58553.595,58566.6665,0.003390303,1.0,58585.1,58796.66932815528,58595.519750000174,58394.37017184507,-81.790667839261,-117.86977191412458,45.62451964192032,42.44503637047827,0.003390303
2024-08-19 07:30:00+00:00,58565.2,58663.25,58565.2,58654.718,0.00316934,1.0,58640.118,58801.16631915443,58598.364425000174,58395.56253084592,-69.42305203716387,-108.18042793873244,49.53226441888671,43.390000110266065,0.00316934
2024-08-19 07:45:00+00:00,58641.088,58641.088,58533.974,58533.974,0.0,0.0,0.0,58786.87485655947,58589.40017500017,58391.92549344087,-68.57417866471951,-100.25917808392985,44.77980154477673,43.57530696820082,0.0
2024-08-19 08:00:00+00:00,58562.348,58598.285,58458.05,58555.565,1.7075e-05,1.0,58562.348,58775.680629744136,58582.865150000165,58390.049670256194,-65.40527583828225,-93.28839763480033,45.781574569291905,43.869475981679635,1.7075e-05
2024-08-19 08:15:00+00:00,58613.8885,58629.055,58581.245,58629.055,0.0,0.0,0.0,58771.09124678568,58580.94222500016,58390.793203214635,-56.31470780231757,-85.89365966830378,49.1622090308438,44.57517372156819,0.0
2024-08-19 08:30:00+00:00,58645.055,58686.714,58561.84,58603.014,0.010367549,7.0,58590.61138,58738.2793603256,58571.895100000154,58405.51083967471,-50.62804956556647,-78.84053764775632,48.01963522472084,45.034435255321874,0.010367549
2024-08-19 08:45:00+00:00,58599.35,58643.312,58556.908,58630.207,0.002465042,3.0,58633.350351,58714.71877284104,58566.05875000016,58417.39872715927,-43.426490553123585,-71.75772822882978,49.34358489267729,45.6089885403026,0.002465042
2024-08-19 09:00:00+00:00,58648.195,58681.81,58590.575,58661.57,0.0,0.0,0.0,58710.27674660542,58564.926275000165,58419.57580339491,-34.78746294447046,-64.36367517195791,50.89699241750431,46.31405572392949,0.0
2024-08-19 09:15:00+00:00,58664.955,58674.357,58593.6285,58642.335,0.0,0.0,0.0,58717.056334249544,58567.95352500016,58418.85071575077,-29.156971650576452,-57.322334467681614,49.886590751200465,46.79039372756562,0.0
2024-08-19 09:30:00+00:00,58666.157,58691.9585,58570.3,58577.3125,0.123018015,2.0,58614.969366,58718.17230126256,58571.13290000016,58424.093498737755,-29.600324948514753,-51.77793256384824,46.52428071199737,46.75491199215652,0.123018015
2024-08-19 09:45:00+00:00,58487.22,58487.22,58030.15,58046.855,0.004682497,2.0,58129.859038,58817.051836291765,58545.20815000015,58273.36446370854,-71.92605388623633,-55.80755682832586,29.221196011550017,44.41708319474232,0.004682497
2024-08-19 10:00:00+00:00,58076.61,58151.92,57871.525,58117.75,0.020210437,3.0,58000.19707,58855.95015793652,58526.669600000154,58197.38904206379,-98.61212580170104,-64.36847062300089,32.81744756164584,42.870465110329455,0.020210437
2024-08-19 10:15:00+00:00,58081.15,58176.7565,58037.001,58176.7565,0.0,0.0,0.0,58874.92039114177,58512.961550000146,58151.00270885852,-113.68916076907044,-74.2326086522148,35.743826956998106,41.920246689885275,0.0
2024-08-19 10:30:00+00:00,58144.203,58174.6,58050.726,58066.15,0.317756806,3.0,58060.248774,58897.26833220665,58487.72627500014,58078.18421779363,-133.02936012220016,-85.99195894621187,32.85488045230315,40.71153119154099,0.317756806
2024-08-19 10:45:00+00:00,58095.207,58163.605,58081.219,58081.219,0.0,0.0,0.0,58913.14658535562,58467.003225000146,58020.85986464467,-145.46384838893573,-97.88633683475663,33.641784207567426,39.768898260344514,0.0
2024-08-19 11:00:00+00:00,58115.365,58203.928,58046.87,58167.05,0.016385041,4.0,58131.509519,58919.675786220854,58455.34622500015,57991.01666377944,-146.70134377296927,-107.64933822239917,38.092165317913015,39.545333868020315,0.016385041
2024-08-19 11:15:00+00:00,58135.83,58159.9505,58017.063,58017.063,0.001675438,1.0,58076.7,58932.22441789445,58431.03137500015,57929.83833210585,-157.96385618185013,-117.71224181428936,33.82329862771133,38.782395835979116,0.001675438
2024-08-19 11:30:00+00:00,58048.38,58098.588,58007.031,58098.588,0.003352511,1.0,58048.38,58919.305330244024,58405.370725000146,57891.43611975627,-158.484185206682,-125.86663049276788,37.8971953808812,38.66436910863273,0.003352511
2024-08-19 11:45:00+00:00,58106.1,58523.335,58106.1,58432.5115,0.129895075,2.0,58152.003192,58905.239718480356,58397.730125000155,57890.22053151995,-130.44799073660397,-126.7829025415351,51.15966486537733,40.33040854286534,0.129895075
2024-08-19 12:00:00+00:00,58493.83,58528.8695,58398.55,58422.632,0.000703042,1.0,58495.4,58873.04801869637,58384.04960000016,57895.05118130395,-107.78383278156252,-122.98308858954059,50.81390987111957,41.728208719965906,0.000703042
2024-08-19 12:15:00+00:00,58387.485,58415.633,58329.905,58411.6,0.0,0.0,0.0,58858.33467157045,58376.29627500016,57894.257878429875,-89.67875366827502,-116.32222160528747,50.404260783450795,42.885015661763894,0.0
2024-08-19 12:30:00+00:00,58479.8405,58492.4005,58426.21,58492.4005,0.0,0.0,0.0,58836.46434472611,58368.18040000015,57899.89645527419,-68.02625859469845,-106.66302900316967,53.36939853823123,44.282933378626204,0.0
2024-08-19 12:45:00+00:00,58472.7635,58480.2,58447.895,58448.599,0.0,0.0,0.0,58827.6064749282,58363.911650000155,57900.21682507211,-53.78096178668784,-96.08661555987331,51.56947988919938,45.25447291336929,0.0
2024-08-19 13:00:00+00:00,58471.198,58623.955,58437.6785,58603.626,0.001429587,2.0,58554.16644,58834.43454008079,58366.31470000015,57898.19485991951,-29.640402044948132,-82.79737285688827,57.0859707620272,46.832005959857014,0.001429587
2024-08-19 13:15:00+00:00,58647.8285,58910.3,58647.8285,58756.915,0.0,0.0,0.0,58858.176472115825,58372.70770000016,57887.23892788449,1.8391066079202574,-65.87007696392656,61.72805136917668,48.818145347766304,0.0
2024-08-19 13:30:00+00:00,58787.9,58986.575,58573.97,58620.191,0.0,0.0,0.0,58860.719889921435,58373.56655000016,57886.41321007889,15.574822998540185,-49.58109697143321,55.91795770215814,49.76478699501855,0.0
2024-08-19 13:45:00+00:00,58577.783,58613.0665,58109.41,58189.7,0.006695387,2.0,58424.766152,58830.04556774283,58351.54120000017,57873.0368322575,-8.182229094265494,-41.30132339599967,42.389155787922114,48.781369500739025,0.006695387
2024-08-19 14:00:00+00:00,58184.789,58549.7445,58129.417,58352.6155,0.0,0.0,0.0,58793.0273439345,58336.09347500016,57879.15960606583,-13.705951057636412,-35.782248928327014,47.55991632209579,48.61850907691993,0.0
2024-08-19 14:15:00+00:00,58368.6905,58418.383,58168.013,58274.985,0.000566756,1.0,58407.4,58752.96059583012,58317.72597500017,57882.49135417022,-24.070206714888627,-33.43984048563934,45.46585124596573,48.198154699459366,0.000566756
2024-08-19 14:30:00+00:00,58293.0565,58375.2665,58234.9365,58348.5555,0.001317784,2.0,58332.811755,58725.35725610566,58306.288125000174,57887.21899389469,-26.047173891201965,-31.961307166751862,47.81107069281035,48.14654349857283,0.001317784
2024-08-19 14:45:00+00:00,58403.06,58608.1,58403.06,58608.1,0.0,0.0,0.0,58755.332499864475,58334.35037500018,57913.36825013588,-6.59484134966624,-26.88801400333474,55.140384275789835,49.07905560220176,0.0
2024-08-19 15:00:00+00:00,58648.735,58793.8,58582.3,58620.889,0.053199777,4.0,58718.426567,58785.80791514426,58359.50732500017,57933.20673485609,9.740950144128874,-19.562221173842016,55.47222171500128,49.931477750575034,0.053199777
2024-08-19 15:15:00+00:00,58529.4075,58706.0935,58529.4075,58680.882,0.0,0.0,0.0,58824.22188376289,58384.71360000018,57945.205316237465,27.214405586339126,-10.206895821805785,57.07626475600498,50.884116017965695,0.0
2024-08-19 15:30:00+00:00,58655.2235,58743.42,58619.687,58682.35,0.0,0.0,0.0,58847.717351645246,58415.52360000019,57983.32984835513,40.71140451586689,-0.02323575427124972,57.11697283281507,51.715163593278945,0.0
2024-08-19 15:45:00+00:00,58717.896,58747.444,58571.7155,58571.7155,0.0,0.0,0.0,58848.59810325893,58440.04842500018,58031.49874674143,41.99648453739064,8.380708304061129,53.03478402481162,51.89111298414997,0.0
2024-08-19 16:00:00+00:00,58626.84,58663.887,58491.3675,58491.3675,0.003089269,5.0,58585.109822,58845.471343464924,58456.26430000018,58067.05725653543,36.1151941321732,13.927605469683543,50.22717986780807,51.669255235304384,0.003089269
2024-08-19 16:15:00+00:00,58528.9675,58616.769,58503.965,58616.769,0.008308172,1.0,58559.16,58824.56667786808,58486.24960000018,58147.93252213227,41.09931482173852,19.361947340094538,54.29404872699959,52.019227700863745,0.008308172
2024-08-19 16:30:00+00:00,58584.545,58584.545,58428.875,58487.35,0.014779791,2.0,58521.505172,58793.595715174815,58505.687700000184,58217.77968482555,34.21186163183302,22.331930198442233,49.773929982099034,51.71985467169512,0.014779791
2024-08-19 16:45:00+00:00,58467.7165,58714.53,58467.7165,58711.6915,0.014025917,3.0,58644.109243,58818.85928722496,58519.64670000018,58220.4341127754,46.32201811687992,27.12994778212977,56.52985697389863,52.36118831198892,0.014025917
2024-08-19 17:00:00+00:00,58693.083,58767.262,58657.65,58657.65,0.008188065,3.0,58729.088765,58832.897930863306,58531.39760000018,58229.89726913705,50.971143361661234,31.898186898036062,54.623782017310106,52.66286747269841,0.008188065
2024-08-19 17:15:00+00:00,58643.8,58884.3605,58605.146,58834.515,0.0,0.0,0.0,58875.992908951164,58552.54335000017,58229.09379104917,68.14164156356856,39.14687783114256,59.44350116116818,53.56695196449438,0.0
2024-08-19 17:30:00+00:00,58864.582,59290.4595,58864.582,59052.52,0.000158051,1.0,59223.0,58968.82007624153,58580.54932500017,58192.278573758806,98.20848042189027,50.9591983492921,64.45513714040347,55.018709987948924,0.000158051
2024-08-19 17:45:00+00:00,59050.025,59080.7195,58817.7,59037.0,0.0,0.0,0.0,59040.64243543977,58609.969375000175,58179.29631456058,119.40787291291781,64.64893326201724,63.85022618740152,56.19624548120927,0.0
2024-08-19 18:00:00+00:00,59077.5,59077.5,58766.6935,58766.6935,0.004381408,4.0,59004.486092,59054.147769328294,58618.12275000018,58182.09773067206,113.09339839262975,74.33782628813974,54.29308715636915,55.94249103789725,0.004381408
2024-08-19 18:15:00+00:00,58806.253,58965.9445,58804.7985,58965.9445,0.0,0.0,0.0,59086.85822033788,58628.57422500018,58170.290229662474,122.75201353037846,84.02066373658748,59.14726121319315,56.3697937279367,0.0
2024-08-19 18:30:00+00:00,59024.1695,59236.44,59024.1695,59179.2465,5.1752e-05,1.0,59065.964,59173.762657192274,58656.52700000016,58139.29134280805,145.93596540718863,96.40372407070771,63.60353405511271,57.33429243822684,5.1752e-05
2024-08-19 18:45:00+00:00,59111.546,59140.2705,59026.85,59051.9605,0.0001,1.0,59026.85,59197.42093500561,58699.64002500017,58201.859114994724,152.2830733972005,107.57959393600626,59.43697367919592,57.61464993702272,0.0001
2024-08-19 19:00:00+00:00,58999.695,59105.833,58999.695,59066.8395,0.0,0.0,0.0,59230.89795523049,58735.351225000166,58239.80449476984,156.707387937553,117.40515273631561,59.76874421124866,57.901862506919514,0.0
2024-08-19 19:15:00+00:00,59032.12,59146.02,58949.805,59046.4505,0.084017371,2.0,59070.060401,59239.310480907545,58773.92450000016,58308.53851909278,156.76141912514868,125.27640601408223,59.055927585370696,58.05573785071301,0.084017371
2024-08-19 19:30:00+00:00,58987.567,59033.42,58938.027,59033.42,0.0,0.0,0.0,59243.10857507095,58808.16772500016,58373.226874929365,153.97782624790852,131.01669006084748,58.575125046665846,58.12498947684006,0.0
2024-08-19 19:45:00+00:00,58978.945,59155.01,58913.7015,59000.65,0.003303427,2.0,58961.894818,59260.27303294102,58827.79522500015,58395.317417059276,147.42808452075406,134.2989689528288,57.3114235581877,58.016514021019745,0.003303427
2024-08-19 20:00:00+00:00,59004.8665,59057.115,58923.905,59009.852,0.005,1.0,59000.0,59275.718612185534,58847.24337500015,58418.76813781477,141.35049103627534,135.70927336951812,57.58812360370983,57.959395298711755,0.005
2024-08-19 20:15:00+00:00,59018.885,59139.004,59014.446,59115.285,0.0,0.0,0.0,59305.47012329069,58868.963525000145,58432.4569267096,143.38862159930432,137.24514301547535,60.72898453950096,58.32867386415032,0.0
2024-08-19 20:30:00+00:00,59143.2735,59275.585,59143.2735,59275.585,0.0,0.0,0.0,59360.276675894085,58898.62527500014,58436.97387410619,156.1388535606602,141.02388512451233,64.97586712804366,59.2149662993361,0.0
2024-08-19 20:45:00+00:00,59295.369,59320.784,59132.685,59147.6825,0.0,0.0,0.0,59375.57152040915,58927.42362500015,58479.27572959115,154.14594294849667,143.6482966893092,59.45139988526522,59.24649077745998,0.0
2024-08-19 21:00:00+00:00,59089.4085,59175.4935,59012.485,59012.485,0.0,0.0,0.0,59355.398646520334,58953.479500000154,58551.560353479974,140.0429110677578,142.92721956499892,54.205103658056466,58.57430582820618,0.0
2024-08-19 21:15:00+00:00,59028.645,59118.1485,59028.645,59095.98,0.0,0.0,0.0,59352.44545643497,58977.44005000015,58602.43464356533,134.05816630572372,141.1534089131439,56.74382662774207,58.330241934810964,0.0
2024-08-19 21:30:00+00:00,59070.71,59261.979,59070.71,59235.499,2e-05,1.0,59261.979,59331.56980503866,59014.84750000015,58698.125194961634,138.9712561211636,140.71697835474782,60.66761916436999,58.6418922320855,2e-05
2024-08-19 21:45:00+00:00,59209.5,59257.4365,58991.097,58991.097,0.001662406,2.0,59242.525853,59313.886975985384,59028.817775000156,58743.74857401493,121.7403691546715,136.92165651473255,51.80284571054259,57.73001936254645,0.001662406
2024-08-19 22:00:00+00:00,59016.894,59145.235,59010.675,59145.235,1.6944e-05,1.0,59016.894,59285.67185942575,59053.19702500016,58820.722190574576,119.148940686282,133.36711334904243,56.1542354584776,57.519914842003935,1.6944e-05
2024-08-19 22:15:00+00:00,59118.155,59154.095,59073.43,59133.62,0.0,0.0,0.0,59279.99919142172,59068.152275000175,58856.30535857863,114.83424384425598,129.66053944808513,55.74580982237111,57.28336750605289,0.0
2024-08-19 22:30:00+00:00,59140.3,59237.715,59124.2255,59237.715,0.0,0.0,0.0,59301.549424933786,59077.41202500018,58853.27462506657,118.44900564786076,127.41823268804026,58.648602417075736,57.465398827522606,0.0
2024-08-19 22:45:00+00:00,59210.601,59237.625,59153.027,59233.07,0.0,0.0,0.0,59320.39441401329,59087.21552500018,58854.036635987075,119.5606964552644,125.84672544148509,58.46431613225298,57.59858780148666,0.0
2024-08-19 23:00:00+00:00,59255.955,59270.632,59155.6835,59165.115,0.0,0.0,0.0,59290.03490317638,59107.13660000018,58924.238296823976,113.64825254135212,123.4070308614585,55.70652242083878,57.34631241740028,0.0
2024-08-19 23:15:00+00:00,59140.4815,59454.809,59140.4815,59382.845,0.001451639,1.0,59422.0,59335.17648880234,59127.981625000175,58920.78676119801,125.08963406131807,123.7435515014304,61.90666206984782,57.95435903772662,0.001451639
2024-08-19 23:30:00+00:00,59441.3,59482.371,59356.62,59378.35,0.0,0.0,0.0,59371.48451825323,59137.936800000185,58904.38908174714,132.26958101785567,125.44875740471545,61.71459818678373,58.4557242576009,0.0
2024-08-19 23:45:00+00:00,59405.6705,59623.7145,59397.6805,59503.935,0.0,0.0,0.0,59439.48763354572,59160.53552500019,58881.583416454654,146.4057265704978,129.64015123787192,64.98330678535872,59.326068594635274,0.0
2024-08-20 00:00:00+00:00,59495.1,59502.347,59412.355,59441.2655,0.013,1.0,59442.747,59479.95335860362,59179.256825000186,58878.56029139675,150.81333660096425,133.87478831049037,62.13251767453708,59.70026180528885,0.013
